mode,distance_km,passengers,occupancy,traffic_index,temperature_c,rain_index,weekend,co2e_kg
Car,4.267,4,4.0,0.697,12.83,0.976,1,0.24388
Bicycle,10.141,1,127.04,0.927,29.32,0.823,1,0.0
Bus,13.294,1,25.03,0.632,32.74,0.355,0,0.97426
Walking,7.373,1,124.26,0.044,14.63,0.683,1,0.0
Bicycle,6.878,1,124.93,0.189,13.9,0.476,0,0.00651
Motorcycle,16.926,1,110.63,0.312,34.97,0.805,1,1.95505
Bus,18.306,1,23.43,0.007,33.61,0.665,0,1.28941
Bicycle,7.122,1,117.8,0.115,30.05,0.471,1,0.0
Metro,11.539,1,125.69,0.304,10.92,0.437,1,0.44865
Motorcycle,3.355,1,112.64,0.281,18.81,0.662,0,0.38138
Metro,15.722,1,123.65,0.167,10.68,0.09,1,0.6362
Bicycle,7.128,1,123.85,0.696,23.38,0.381,0,0.0
Motorcycle,2.091,1,109.42,0.962,37.26,0.7,0,0.28055
Motorcycle,7.815,1,112.53,0.272,12.89,0.903,0,0.84613
Bus,13.889,1,13.25,0.857,32.76,0.719,1,2.05369
Bus,27.62,1,9.81,0.416,11.25,0.494,0,5.08554
Motorcycle,25.655,1,114.88,0.925,27.43,0.347,1,3.17605
Metro,2.706,1,122.51,0.083,24.6,0.491,0,0.09878
Walking,1.134,1,113.5,0.521,23.17,0.022,0,0.00157
Bicycle,9.12,1,106.6,0.672,18.44,0.659,1,0.0013
Bicycle,19.563,1,110.52,0.037,26.65,0.371,0,0.00838
Bicycle,4.867,1,123.08,0.515,17.68,0.936,0,0.0
Car,11.619,5,5.0,0.893,25.57,0.316,1,0.53929
Bus,21.025,1,30.29,0.262,38.1,0.241,1,1.25172
Car,8.976,5,5.0,0.599,36.24,0.196,0,0.3983
Motorcycle,7.578,1,118.69,0.014,16.89,0.132,0,0.73287
Bicycle,9.905,1,110.25,0.2,34.12,0.715,0,0.00031
Bicycle,7.041,1,128.02,0.663,38.67,0.286,1,0.0
Walking,12.199,1,111.32,0.14,22.57,0.966,0,0.0
Metro,8.255,1,115.27,0.018,13.27,0.829,0,0.32585
Bicycle,9.092,1,115.76,0.374,22.78,0.652,1,0.0
Walking,36.018,1,111.23,0.817,13.16,0.067,0,0.00342
Metro,29.506,1,118.04,0.921,14.97,0.285,1,1.17067
Car,8.579,1,1.0,0.053,27.73,0.681,0,1.74169
Bicycle,10.671,1,114.23,0.043,15.44,0.237,0,0.02093
Metro,13.448,1,111.1,0.833,11.56,0.925,1,0.55915
Walking,14.074,1,116.23,0.779,29.27,0.779,1,0.0
Bicycle,11.456,1,99.47,0.385,29.19,0.266,1,0.0
Bus,12.934,1,5.73,0.366,19.82,0.379,0,3.83675
Motorcycle,23.462,1,133.86,0.328,26.06,0.849,0,2.74353
Motorcycle,8.195,1,114.42,0.735,16.07,0.695,1,1.00293
Walking,17.006,1,125.85,0.936,14.12,0.959,1,0.0
Bus,15.841,1,9.89,0.253,27.7,0.095,1,2.73934
Car,15.554,3,3.0,0.523,32.92,0.799,1,1.08036
Bus,6.435,1,5.35,0.088,29.74,0.419,1,2.06577
Bicycle,20.57,1,121.88,0.271,20.93,0.314,0,0.00383
Car,19.761,4,4.0,0.73,26.59,0.936,0,1.15475
Metro,10.353,1,126.85,0.951,13.55,0.851,0,0.39865
Car,27.656,1,1.0,0.012,23.63,0.825,0,5.28897
Motorcycle,5.381,1,124.19,0.781,13.32,0.997,0,0.67
Walking,14.12,1,121.11,0.09,36.91,0.029,0,0.0
Motorcycle,11.817,1,116.85,0.656,11.08,0.005,0,1.2925
Car,3.281,2,2.0,0.057,34.03,0.928,1,0.3385
Walking,23.824,1,113.84,0.125,25.14,0.745,1,0.00092
Car,6.417,5,5.0,0.193,18.12,0.71,1,0.25299
Walking,13.51,1,123.8,0.884,31.29,0.173,0,0.0
Car,4.144,3,3.0,0.636,27.17,0.145,1,0.31475
Metro,2.687,1,117.35,0.941,14.45,0.508,0,0.11616
Walking,35.119,1,121.28,0.305,22.84,0.611,0,0.0
Walking,5.191,1,103.42,0.317,11.08,0.418,0,0.01937
Car,4.601,2,2.0,0.702,29.44,0.652,1,0.51822
Motorcycle,20.515,1,120.05,0.361,25.38,0.737,1,2.40859
Walking,9.846,1,113.76,0.314,35.12,0.494,0,0.00666
Car,20.772,1,1.0,0.334,15.19,0.314,0,4.07922
Walking,1.397,1,130.91,0.154,28.03,0.12,0,0.0
Metro,41.309,1,115.52,0.688,31.16,0.388,1,1.76544
Bus,17.429,1,23.35,0.166,35.09,0.989,0,1.26838
Motorcycle,23.931,1,131.23,0.393,12.4,0.755,1,2.80117
Bus,7.781,1,14.41,0.045,16.99,0.292,0,0.87166
Walking,0.738,1,106.51,0.844,29.13,0.649,1,0.0
Bicycle,11.872,1,125.65,0.338,35.33,0.483,1,0.00296
Bicycle,9.626,1,113.97,0.85,20.22,0.499,1,0.0
Metro,9.745,1,120.41,0.178,20.17,0.192,0,0.39595
Metro,14.964,1,108.41,0.007,18.34,0.703,1,0.68359
Bicycle,23.936,1,117.98,0.903,31.62,0.963,1,0.0
Bus,16.625,1,8.59,0.553,29.62,0.97,1,3.51238
Car,30.935,2,2.0,0.346,13.72,0.041,1,3.12924
Bicycle,17.663,1,105.8,0.412,33.81,0.085,0,0.0
Metro,14.893,1,123.58,0.373,11.46,0.109,1,0.56337
Bicycle,13.999,1,109.74,0.801,11.47,0.235,0,0.0
Metro,10.51,1,115.04,0.03,22.04,0.896,1,0.4331
Bicycle,0.715,1,140.39,0.299,27.71,0.397,0,0.0
Motorcycle,3.967,1,124.2,0.718,34.22,0.999,1,0.49043
Motorcycle,9.236,1,106.15,0.392,37.46,0.497,0,1.1121
Car,4.006,3,3.0,0.453,29.04,0.343,0,0.28212
Walking,10.135,1,117.26,0.897,17.05,0.325,1,0.00482
Motorcycle,0.538,1,122.18,0.299,17.24,0.322,1,0.06339
Bus,13.441,1,21.1,0.784,23.15,0.476,1,1.25881
Metro,7.33,1,126.33,0.102,29.59,0.955,1,0.28862
Walking,19.211,1,113.39,0.041,17.38,0.066,0,0.0
Motorcycle,21.106,1,111.75,0.385,11.82,0.698,1,2.36993
Walking,8.69,1,119.89,0.112,35.88,0.001,0,0.0
Motorcycle,2.43,1,117.19,0.841,17.81,0.322,0,0.27521
Walking,4.776,1,122.26,0.93,11.46,0.461,0,0.00448
Motorcycle,14.967,1,122.23,0.009,15.65,0.031,0,1.45993
Bicycle,19.784,1,111.84,0.849,10.14,0.853,1,0.01798
Bus,7.719,1,18.09,0.919,23.63,0.603,0,0.88112
Car,4.785,2,2.0,0.799,28.02,0.216,1,0.55162
Bus,15.835,1,3.73,0.019,14.96,0.725,1,7.53317
Bicycle,24.242,1,130.81,0.126,14.31,0.693,0,0.0006
Motorcycle,3.259,1,119.36,0.993,27.54,0.127,1,0.40598
Walking,8.816,1,118.79,0.051,27.84,0.295,0,0.0
Metro,9.372,1,128.47,0.874,17.61,0.611,0,0.36324
Metro,13.389,1,128.8,0.758,39.5,0.419,1,0.50781
Metro,6.508,1,115.97,0.094,36.69,0.395,0,0.27882
Bicycle,3.864,1,131.5,0.859,37.38,0.212,0,0.0
Bus,10.487,1,17.06,0.742,31.93,0.783,1,1.14516
Metro,7.669,1,112.85,0.1,16.13,0.744,0,0.35666
Car,10.536,5,5.0,0.395,19.57,0.609,1,0.46453
Bus,19.405,1,14.08,0.197,21.32,0.394,0,2.34978
Motorcycle,13.803,1,125.33,0.244,12.97,0.754,0,1.56251
Bus,17.863,1,14.74,0.468,17.78,0.045,0,2.05996
Car,10.747,5,5.0,0.111,17.57,0.295,0,0.42889
Bicycle,12.057,1,111.11,0.953,12.15,0.138,1,0.0
Motorcycle,5.193,1,116.73,0.253,14.81,0.852,0,0.57455
Metro,14.302,1,123.12,0.76,33.17,0.207,1,0.61274
Walking,8.664,1,120.56,0.846,15.38,0.414,0,0.0
Bus,19.617,1,29.49,0.531,17.45,0.245,0,1.16379
Car,11.189,2,2.0,0.491,25.89,0.537,1,1.20877
Bus,10.312,1,27.32,0.953,14.91,0.554,0,0.71948
Car,19.077,2,2.0,0.917,19.65,0.608,0,2.26487
Bus,7.819,1,2.0,0.818,32.25,0.469,1,7.59773
Car,3.775,5,5.0,0.794,28.68,0.751,0,0.17963
Bicycle,11.283,1,119.12,0.002,39.8,0.281,0,0.0
Bus,10.529,1,17.15,0.393,37.66,0.319,0,1.04524
Bicycle,7.469,1,123.55,0.95,20.28,0.177,0,0.00736
Walking,15.786,1,122.65,0.75,39.75,0.531,1,0.0
Motorcycle,25.877,1,130.52,0.403,26.85,0.72,0,3.01592
Bicycle,17.784,1,114.17,0.408,23.2,0.126,1,0.0034
Motorcycle,7.7,1,123.03,0.327,15.93,0.778,1,0.83837
Bicycle,4.347,1,117.81,0.139,18.51,0.675,0,0.00316
Bicycle,15.627,1,117.08,0.61,17.65,0.625,0,0.01046
Bicycle,11.867,1,123.88,0.4,36.25,0.61,1,0.0
Motorcycle,16.245,1,127.79,0.49,28.97,0.334,1,1.82362
Bus,14.908,1,21.5,0.745,32.94,0.763,1,1.42974
Metro,25.776,1,123.29,0.258,27.58,0.41,0,1.08097
Metro,21.341,1,119.52,0.336,33.93,0.839,1,0.87615
Bicycle,3.962,1,107.26,0.193,14.62,0.423,1,0.02809
Walking,25.27,1,118.79,0.791,18.12,0.885,1,0.0
Bus,2.487,1,15.79,0.552,25.02,0.686,0,0.29362
Car,22.513,5,5.0,0.728,39.3,0.318,0,1.02786
Bus,15.451,1,9.22,0.787,34.96,0.821,1,3.33911
Bus,25.99,1,8.78,0.893,14.32,0.879,1,5.82266
Car,13.146,3,3.0,0.001,23.09,0.775,0,0.8751
Bus,30.158,1,16.05,0.861,34.69,0.539,1,3.57053
Car,9.076,1,1.0,0.257,32.57,0.504,1,1.99268
Bicycle,0.84,1,115.65,0.751,13.57,0.086,0,0.01019
Motorcycle,20.117,1,127.7,0.137,29.61,0.449,1,2.1863
Bus,25.789,1,6.66,0.221,29.68,0.289,0,6.37713
Bicycle,5.061,1,134.41,0.027,11.48,0.602,0,0.0
Bus,4.446,1,5.2,0.561,21.56,0.271,0,1.48526
Metro,18.121,1,125.06,0.001,16.37,0.895,1,0.7282
Metro,9.243,1,128.06,0.936,11.78,0.215,0,0.33986
Metro,4.76,1,111.53,0.207,22.68,0.176,0,0.20345
Car,5.988,2,2.0,0.357,17.94,0.61,0,0.62866
Bicycle,5.784,1,108.98,0.115,28.59,0.122,1,0.01325
Walking,23.339,1,126.26,0.044,22.04,0.324,1,0.0
Car,15.136,3,3.0,0.979,24.96,0.494,0,1.19555
Walking,12.925,1,120.21,0.321,15.8,0.103,1,0.0
Walking,28.826,1,128.36,0.633,37.8,0.933,1,0.0
Bus,19.386,1,11.62,0.659,26.63,0.321,1,3.0781
Bus,29.672,1,25.99,0.389,16.44,0.563,1,2.03011
Bicycle,5.179,1,125.2,0.669,11.58,0.946,1,0.00373
Bus,6.257,1,13.2,0.68,26.88,0.027,0,0.80633
Bicycle,1.351,1,120.48,0.787,19.92,0.879,1,0.00824
Bus,11.595,1,14.84,0.497,26.09,0.965,0,1.42647
Walking,3.794,1,120.43,0.374,13.03,0.811,1,0.0
Bus,0.632,1,27.86,0.37,22.53,0.118,1,0.03253
Bicycle,13.611,1,134.69,0.024,25.61,0.464,0,0.0
Bicycle,6.603,1,107.5,0.04,23.85,0.522,1,0.0
Motorcycle,16.913,1,111.4,0.947,22.15,0.809,0,2.20123
Walking,16.046,1,118.29,0.429,22.93,0.036,0,0.0
Metro,39.243,1,114.14,0.302,37.09,0.045,0,1.61505
Walking,13.151,1,123.73,0.535,37.47,0.567,1,0.0
Bus,18.806,1,24.9,0.189,18.58,0.964,0,1.3814
Car,19.297,1,1.0,0.842,38.3,0.127,1,4.40939
Motorcycle,11.657,1,131.79,0.705,24.49,0.456,1,1.40054
Motorcycle,10.991,1,111.31,0.78,23.38,0.931,0,1.44023
Car,14.146,1,1.0,0.976,16.56,0.516,1,3.21256
Walking,21.963,1,118.37,0.063,15.85,0.569,0,0.00652
Walking,10.201,1,116.65,0.618,35.92,0.949,0,0.0
Bus,37.781,1,25.77,0.378,33.12,0.54,0,2.72359
Motorcycle,11.69,1,126.6,0.229,31.66,0.169,1,1.23277
Walking,5.027,1,121.9,0.508,23.1,0.995,0,0.01121
Bus,6.038,1,6.87,0.228,29.13,0.051,1,1.5505
Walking,8.131,1,117.4,0.822,29.45,0.782,1,0.0
Bus,39.055,1,32.28,0.663,30.16,0.961,1,2.35255
Bus,19.631,1,7.71,0.46,16.46,0.745,0,4.81441
Car,10.166,2,2.0,0.273,13.32,0.956,1,1.07485
Motorcycle,14.033,1,120.92,0.761,31.24,0.175,0,1.72716
Bicycle,12.937,1,115.07,0.127,26.51,0.705,0,0.0
Bus,12.888,1,23.7,0.448,34.62,0.241,0,1.00358
Motorcycle,8.756,1,103.14,0.752,19.42,0.273,0,1.05664
Car,18.574,3,3.0,0.236,32.89,0.93,0,1.30121
Bus,8.915,1,26.63,0.081,10.47,0.477,0,0.57103
Bus,12.771,1,8.68,0.109,16.76,0.793,0,2.44581
Walking,26.397,1,126.72,0.402,18.04,0.606,1,0.0
Walking,5.336,1,123.16,0.195,11.74,0.949,1,0.0
Bus,6.232,1,24.17,0.812,17.94,0.913,1,0.49458
Car,3.835,5,5.0,0.965,17.94,0.43,0,0.16434
Bicycle,8.701,1,119.9,0.835,16.39,0.004,0,0.01029
Bus,13.09,1,16.78,0.81,12.67,0.395,1,1.41603
Car,19.105,2,2.0,0.41,24.38,0.862,1,2.04032
Metro,13.377,1,122.57,0.923,17.38,0.73,0,0.55825
Bicycle,23.002,1,117.5,0.464,18.68,0.796,0,0.0
Walking,12.588,1,119.66,0.135,38.31,0.402,1,0.0
Motorcycle,12.899,1,124.62,0.639,33.49,0.211,0,1.57006
Walking,0.805,1,123.0,0.867,19.17,0.619,1,0.0
Bicycle,12.544,1,105.88,0.441,36.3,0.527,1,0.00503
Bicycle,0.713,1,108.06,0.503,25.16,0.583,1,0.0
Bus,6.911,1,22.29,0.678,25.69,0.189,0,0.53982
Bicycle,17.016,1,139.1,0.352,29.15,0.474,0,0.0
Walking,12.043,1,122.26,0.788,21.48,0.98,0,0.0045
Walking,8.651,1,127.91,0.658,34.89,0.024,0,0.0
Motorcycle,6.732,1,114.88,0.348,35.95,0.031,1,0.7643
Bus,6.749,1,16.76,0.867,32.38,0.886,0,0.80655
Motorcycle,7.149,1,106.1,0.027,38.76,0.71,0,0.71199
Metro,12.151,1,116.37,0.64,16.05,0.888,1,0.47281
Bicycle,15.876,1,111.9,0.903,37.66,0.332,1,0.0
Motorcycle,20.319,1,114.7,0.99,12.22,0.133,1,2.48832
Bicycle,10.827,1,119.27,0.638,25.66,0.713,0,0.00915
Bus,3.035,1,11.44,0.261,14.61,0.246,1,0.4342
Walking,16.182,1,115.38,0.765,19.23,0.217,0,0.0
Bicycle,6.082,1,128.79,0.554,28.66,0.61,0,0.0007
Metro,3.722,1,114.96,0.074,23.41,0.409,0,0.16771
Car,4.799,4,4.0,0.83,26.37,0.76,0,0.26789
Metro,21.186,1,109.23,0.529,28.06,0.738,0,0.98134
Bus,16.35,1,26.87,0.451,15.43,0.217,1,1.01979
Metro,12.465,1,105.18,0.032,27.1,0.154,0,0.57156
Walking,9.971,1,117.56,0.412,32.79,0.231,0,0.00477
Walking,10.568,1,104.38,0.224,18.61,0.25,1,0.0017
Metro,16.112,1,123.87,0.639,35.8,0.933,1,0.6673
Bus,4.974,1,24.88,0.986,39.55,0.906,1,0.41253
Walking,3.951,1,124.63,0.506,29.1,0.408,0,0.01478
Bicycle,6.455,1,127.03,0.851,23.39,0.228,0,0.00033
Walking,7.64,1,114.87,0.656,18.25,0.065,1,0.00475
Walking,9.051,1,123.15,0.607,23.34,0.443,1,0.01413
Bus,12.603,1,16.33,0.904,26.48,0.15,1,1.51093
Bicycle,6.298,1,111.48,0.494,19.01,0.477,1,0.01425
Bicycle,16.734,1,116.35,0.018,23.18,0.644,0,0.0
Metro,2.436,1,128.2,0.475,28.1,0.246,1,0.09084
Walking,2.466,1,116.4,0.824,37.77,0.201,0,0.00603
Metro,15.657,1,120.26,0.763,39.11,0.906,0,0.62306
Motorcycle,14.997,1,129.52,0.615,22.52,0.572,1,1.77696
Metro,4.046,1,104.63,0.472,25.29,0.312,1,0.18442
Car,18.248,4,4.0,0.22,23.92,0.943,1,0.92471
Bicycle,27.655,1,110.7,0.242,28.56,0.927,0,0.0
Motorcycle,1.053,1,105.58,0.674,20.19,0.071,0,0.12414
Bus,12.223,1,12.77,0.52,35.28,0.446,1,1.72308
Walking,6.462,1,114.88,0.142,14.58,0.688,0,0.00238
Car,9.615,4,4.0,0.522,18.39,0.032,0,0.53808
Motorcycle,17.206,1,121.74,0.248,23.7,0.394,0,1.86948
Car,8.487,2,2.0,0.022,25.45,0.345,1,0.79642
Bus,13.492,1,19.85,0.601,32.92,0.285,1,1.23695
Bicycle,6.772,1,116.38,0.445,26.41,0.147,1,0.01123
Bus,9.575,1,27.51,0.324,24.39,0.978,0,0.62834
Bus,27.452,1,17.78,0.091,22.71,0.93,1,2.59115
Metro,11.274,1,109.33,0.448,18.38,0.855,1,0.49886
Bus,23.569,1,23.28,0.031,21.76,0.2,1,1.70844
Bicycle,4.464,1,127.38,0.349,31.5,0.467,1,0.0
Bus,16.072,1,18.82,0.343,11.17,0.495,1,1.64223
Car,13.274,5,5.0,0.607,31.31,0.714,1,0.5702
Bus,12.457,1,15.53,0.178,28.39,0.014,0,1.35587
Metro,7.904,1,104.18,0.274,10.98,0.279,0,0.35649
Walking,10.676,1,112.68,0.09,10.76,0.202,0,0.00158
Metro,17.283,1,116.26,0.315,33.22,0.765,1,0.74753
Bus,17.73,1,24.28,0.308,37.88,0.094,1,1.31237
Bus,2.021,1,24.17,0.77,33.98,0.602,1,0.14966
Bus,11.938,1,21.97,0.448,17.96,0.393,0,0.96298
Car,11.096,5,5.0,0.426,19.83,0.503,0,0.47734
Bus,10.058,1,35.65,0.566,22.4,0.824,1,0.56491
Motorcycle,7.68,1,113.61,0.142,25.79,0.17,0,0.85666
Bicycle,9.569,1,141.63,0.564,31.63,0.059,0,0.00937
Metro,7.765,1,119.49,0.663,13.56,0.937,0,0.32643
Walking,12.974,1,125.42,0.443,14.69,0.104,1,0.00579
Walking,23.476,1,124.84,0.088,13.42,0.93,1,0.0
Walking,5.109,1,117.6,0.19,36.95,0.253,0,0.00508
Bicycle,15.497,1,136.97,0.655,12.82,0.95,1,0.00017
Bicycle,9.378,1,136.09,0.537,18.91,0.061,0,0.00037
Bus,11.622,1,16.56,0.627,21.64,0.345,1,1.28477
Metro,10.964,1,128.65,0.522,37.29,0.794,0,0.41295
Car,17.425,5,5.0,0.093,26.86,0.127,0,0.68698
Car,6.12,3,3.0,0.629,28.37,0.755,1,0.44583
Walking,12.13,1,124.63,0.86,29.45,0.42,0,0.0
Motorcycle,27.345,1,111.65,0.888,32.93,0.2,0,3.47773
Motorcycle,5.323,1,127.54,0.299,11.19,0.728,1,0.60542
Car,21.753,2,2.0,0.472,24.58,0.436,1,2.25868
Bicycle,12.234,1,124.41,0.995,12.36,0.385,1,0.0
Bicycle,17.414,1,118.29,0.496,37.58,0.033,0,0.0
Car,18.717,3,3.0,0.986,16.27,0.198,0,1.368
Metro,22.627,1,128.84,0.139,22.85,0.69,0,0.93294
Walking,19.428,1,123.57,0.069,31.84,0.288,0,0.00928
Bicycle,44.269,1,115.94,0.024,11.69,0.854,1,0.0
Motorcycle,13.3,1,135.48,0.501,39.67,0.15,1,1.53401
Bicycle,24.37,1,123.97,0.685,17.9,0.419,0,0.0
Bus,13.752,1,27.12,0.251,20.95,0.15,1,0.90252
Walking,11.594,1,112.78,0.238,14.52,0.009,0,0.00085
Car,48.263,2,2.0,0.072,27.76,0.756,1,4.57988
Metro,17.654,1,118.59,0.189,13.72,0.555,0,0.74913
Motorcycle,9.989,1,110.52,0.247,26.68,0.297,1,1.1426
Metro,27.16,1,117.18,0.537,24.61,0.107,1,1.18503
Walking,4.957,1,111.19,0.198,32.96,0.097,1,0.0
Walking,14.543,1,120.34,0.757,34.85,0.718,1,0.0
Bus,16.312,1,5.13,0.664,23.11,0.756,0,5.68359
Bus,2.163,1,10.9,0.572,11.47,0.404,0,0.35565
Bicycle,7.266,1,122.25,0.79,28.74,0.538,1,0.0
Bicycle,12.61,1,101.02,0.679,12.71,0.592,0,0.0
Car,21.07,4,4.0,0.591,20.16,0.446,1,1.09538
Walking,8.298,1,116.51,0.143,15.79,0.373,1,0.0
Walking,30.947,1,128.22,0.816,21.5,0.773,1,0.0
Bicycle,12.487,1,118.96,0.884,25.66,0.552,1,0.00819
Motorcycle,44.891,1,116.34,0.95,34.87,0.277,1,5.68182
Car,5.219,4,4.0,0.463,22.59,0.119,1,0.25648
Bicycle,3.223,1,110.49,0.549,16.45,0.163,0,0.01323
Bicycle,10.388,1,116.53,0.913,37.07,0.829,0,0.00036
Metro,11.941,1,117.76,0.958,27.57,0.781,1,0.49828
Motorcycle,9.431,1,126.78,0.34,17.49,0.528,0,1.07019
Car,5.845,5,5.0,0.294,26.3,0.499,0,0.22282
Metro,6.674,1,124.42,0.262,23.91,0.031,1,0.27311
Metro,26.472,1,127.24,0.396,11.24,0.1,0,1.05241
Metro,11.225,1,120.09,0.827,26.36,0.62,0,0.48857
Bicycle,8.742,1,135.14,0.195,10.12,0.445,1,0.0
Bus,21.538,1,19.96,0.893,29.58,0.124,1,2.00055
Motorcycle,2.266,1,125.05,0.951,22.34,0.667,1,0.28838
Bus,7.024,1,34.17,0.233,29.98,0.351,0,0.34694
Walking,1.218,1,116.96,0.494,15.92,0.861,1,0.00359
Bicycle,10.617,1,133.46,0.932,27.14,0.422,1,0.0
Metro,14.213,1,125.12,0.497,36.63,0.63,1,0.54293
Metro,4.594,1,130.98,0.198,31.5,0.76,1,0.17716
Metro,19.698,1,131.28,0.799,29.94,0.846,0,0.75035
Walking,16.61,1,113.42,0.927,21.83,0.565,1,0.0
Car,24.943,5,5.0,0.246,24.75,0.806,0,1.04692
Metro,3.162,1,126.59,0.447,21.96,0.472,0,0.11609
Motorcycle,18.965,1,133.26,0.341,34.02,0.854,1,2.2081
Car,9.144,3,3.0,0.239,30.14,0.255,0,0.60238
Metro,9.854,1,129.12,0.875,14.98,0.82,1,0.37266
Car,16.111,4,4.0,0.388,34.37,0.71,1,0.90797
Metro,28.184,1,122.33,0.972,17.42,0.25,1,1.13999
Car,5.223,5,5.0,0.991,10.36,0.556,1,0.25282
Metro,4.401,1,117.22,0.741,33.54,0.137,0,0.182
Bus,10.118,1,23.53,0.334,18.16,0.46,1,0.76403
Motorcycle,27.1,1,105.81,0.844,15.25,0.765,1,3.34496
Bus,2.661,1,3.95,0.033,16.76,0.724,1,1.09494
Walking,9.798,1,131.19,0.698,30.22,0.525,0,0.0
Metro,18.149,1,126.68,0.945,23.36,0.675,0,0.63427
Walking,12.71,1,119.59,0.049,32.62,0.355,1,0.00068
Metro,11.155,1,128.31,0.103,29.13,0.351,0,0.4304
Motorcycle,6.466,1,112.76,0.385,35.08,0.075,0,0.69024
Bicycle,29.486,1,119.79,0.353,30.38,0.77,0,0.01392
Walking,5.099,1,113.35,0.245,19.86,0.731,1,0.0
Motorcycle,9.064,1,111.58,0.04,10.85,0.559,1,1.00782
Motorcycle,3.641,1,122.65,0.679,11.62,0.956,1,0.44336
Walking,18.502,1,114.45,0.736,16.66,0.451,1,0.00968
Bus,15.239,1,16.69,0.27,21.15,0.046,0,1.56988
Bicycle,4.39,1,114.71,0.588,16.98,0.064,0,0.00011
Bicycle,9.848,1,116.4,0.321,32.74,0.94,0,0.011
Metro,16.226,1,117.94,0.318,13.13,0.415,1,0.69761
Car,4.515,2,2.0,0.621,23.73,0.02,0,0.46699
Walking,7.764,1,115.73,0.001,14.86,0.094,0,0.0078
Motorcycle,17.995,1,122.39,0.941,13.25,0.127,0,2.21172
Walking,32.581,1,139.95,0.088,39.24,0.204,1,0.0
Metro,9.48,1,121.85,0.997,21.37,0.649,0,0.39746
Metro,16.806,1,111.64,0.149,26.0,0.674,0,0.76596
Motorcycle,25.21,1,121.95,0.709,39.98,0.007,0,2.97754
Car,4.927,4,4.0,0.684,27.64,0.365,0,0.26216
Bicycle,14.597,1,120.52,0.667,24.15,0.322,1,0.0
Car,11.171,5,5.0,0.815,15.06,0.284,0,0.51196
Car,17.022,2,2.0,0.875,14.61,0.777,0,1.98691
Car,7.966,4,4.0,0.012,17.44,0.914,0,0.3954
Metro,3.593,1,120.63,0.543,19.61,0.283,1,0.13247
Walking,6.736,1,120.33,0.931,25.17,0.82,0,0.00544
Bicycle,31.991,1,102.12,0.278,12.99,0.606,1,0.01831
Bicycle,18.759,1,121.79,0.61,33.73,0.822,0,0.00899
Walking,12.49,1,117.51,0.21,39.38,0.098,1,0.01056
Metro,25.083,1,113.99,0.111,12.39,0.751,1,1.07147
Motorcycle,12.07,1,123.38,0.709,38.44,0.092,1,1.46013
Bus,7.993,1,2.0,0.571,19.42,0.141,0,7.23512
Walking,3.378,1,122.44,0.064,17.62,0.23,1,0.0141
Car,34.347,4,4.0,0.184,29.07,0.38,0,1.75523
Walking,12.846,1,109.24,0.461,29.28,0.919,1,0.0
Motorcycle,26.806,1,122.07,0.615,24.87,0.617,0,3.36849
Car,12.027,5,5.0,0.244,36.48,0.374,0,0.48743
Walking,3.594,1,126.56,0.016,38.92,0.816,0,0.01966
Car,8.399,5,5.0,0.611,28.26,0.267,0,0.39437
Motorcycle,7.834,1,120.95,0.316,16.16,0.454,1,0.89204
Metro,26.184,1,113.9,0.39,17.73,0.17,1,1.07724
Walking,5.155,1,119.2,0.676,19.94,0.646,0,0.00487
Motorcycle,11.348,1,113.32,0.656,23.54,0.632,0,1.35233
Car,11.851,4,4.0,0.332,19.94,0.454,0,0.64303
Bicycle,4.864,1,116.39,0.944,22.8,0.901,0,0.0
Bicycle,21.912,1,139.77,0.057,33.31,0.377,0,0.00256
Metro,35.114,1,126.87,0.639,32.05,0.712,0,1.4221
Motorcycle,10.2,1,109.93,0.124,15.58,0.332,0,1.10644
Walking,7.12,1,110.71,0.964,14.28,0.715,0,0.01238
Car,19.044,4,4.0,0.077,28.12,0.987,1,1.04749
Bicycle,15.382,1,115.82,0.867,20.94,0.004,0,0.00758
Metro,11.289,1,113.5,0.058,12.42,0.727,0,0.4943
Walking,16.984,1,118.77,0.553,31.0,0.648,1,0.00688
Bus,14.941,1,22.45,0.762,37.68,0.917,1,1.32093
Metro,6.012,1,115.01,0.109,12.86,0.352,0,0.26255
Bicycle,33.361,1,144.25,0.013,18.42,0.331,1,0.00836
Motorcycle,9.434,1,121.91,0.808,30.32,0.195,0,1.12123
Metro,5.467,1,117.89,0.1,14.93,0.133,0,0.23372
Walking,16.237,1,122.72,0.563,37.57,0.3,0,0.01064
Car,16.359,4,4.0,0.473,39.14,0.553,1,0.89284
Walking,13.395,1,108.02,0.309,26.96,0.043,0,0.0
Car,5.735,4,4.0,0.339,16.84,0.189,1,0.28543
Bicycle,9.421,1,109.59,0.642,31.3,0.704,1,0.01163
Bicycle,8.133,1,123.43,0.665,11.01,0.276,0,0.0
Car,10.579,1,1.0,0.09,23.0,0.353,0,2.01802
Bicycle,37.868,1,131.42,0.756,24.91,0.479,1,0.00255
Car,4.814,5,5.0,0.999,31.56,0.047,1,0.21793
Car,26.305,1,1.0,0.937,26.38,0.617,1,6.34989
Bus,3.817,1,11.18,0.311,10.37,0.434,0,0.60261
Car,3.097,5,5.0,0.407,35.46,0.506,1,0.14216
Motorcycle,7.727,1,114.82,0.367,20.54,0.525,1,0.85077
Walking,12.956,1,116.08,0.158,13.11,0.503,0,0.0
Bicycle,20.726,1,118.58,0.033,13.48,0.039,0,0.0
Motorcycle,5.518,1,133.95,0.678,30.01,0.318,0,0.67778
Bus,3.067,1,14.75,0.694,29.42,0.135,0,0.38882
Bus,6.479,1,21.54,0.507,22.73,0.01,1,0.56594
Walking,19.067,1,144.71,0.922,26.7,0.203,1,0.0
Bicycle,6.913,1,118.61,0.138,30.96,0.974,1,0.0
Car,21.379,4,4.0,0.692,29.44,0.069,0,1.2057
Bus,15.322,1,12.61,0.516,17.55,0.506,1,2.08429
Bicycle,10.695,1,118.03,0.3,16.96,0.62,1,0.0
Bicycle,28.885,1,108.25,0.659,22.08,0.154,0,0.00539
Bicycle,10.762,1,126.61,0.563,26.73,0.985,0,0.0
Car,4.353,3,3.0,0.007,27.89,0.264,1,0.28826
Motorcycle,3.333,1,117.73,0.679,32.7,0.328,1,0.37981
Bicycle,6.474,1,115.13,0.991,33.47,0.938,0,0.00226
Walking,12.907,1,114.65,0.007,18.65,0.751,0,0.0
Bicycle,6.887,1,106.19,0.439,23.41,0.552,0,0.0
Bus,8.433,1,14.05,0.932,26.93,0.442,0,1.12039
Bicycle,3.456,1,133.37,0.209,24.95,0.588,1,0.0
Car,1.335,3,3.0,0.717,32.75,0.392,1,0.10941
Walking,22.54,1,119.08,0.718,27.01,0.497,0,0.00375
Metro,14.74,1,126.34,0.988,39.14,0.919,1,0.57615
Walking,14.75,1,120.8,0.521,36.05,0.11,1,0.00047
Bicycle,7.708,1,117.37,0.838,24.53,0.049,1,0.0
Car,16.519,3,3.0,0.795,16.85,0.592,1,1.23405
Car,8.648,3,3.0,0.225,19.9,0.471,1,0.6043
Walking,24.285,1,131.37,0.553,20.32,0.519,1,0.01096
Car,3.237,4,4.0,0.623,25.43,0.711,1,0.17719
Metro,18.505,1,130.48,0.861,24.49,0.837,0,0.69993
Motorcycle,8.585,1,112.36,0.322,21.61,0.82,0,1.01863
Motorcycle,20.7,1,124.76,0.402,31.67,0.915,1,2.44195
Bicycle,28.299,1,123.58,0.804,19.84,0.806,0,0.0
Car,20.657,4,4.0,0.951,23.15,0.287,1,1.19842
Car,16.035,3,3.0,0.004,14.3,0.246,1,1.09861
Motorcycle,13.437,1,107.68,0.89,28.08,0.695,0,1.71549
Bus,14.231,1,25.5,0.278,23.53,0.836,0,1.00195
Bicycle,9.152,1,117.87,0.19,13.19,0.965,1,0.00568
Metro,5.636,1,128.27,0.217,34.14,0.534,1,0.22027
Motorcycle,15.283,1,125.74,0.756,20.5,0.389,0,1.94677
Motorcycle,16.656,1,123.92,0.203,19.53,0.083,1,1.78976
Car,6.34,5,5.0,0.89,30.38,0.24,1,0.29738
Bus,10.868,1,20.47,0.36,28.32,0.296,0,0.90404
Walking,9.899,1,134.41,0.278,11.6,0.738,1,0.0
Walking,1.871,1,127.75,0.348,38.57,0.615,0,0.0007
Bicycle,2.195,1,126.29,0.752,22.71,0.299,0,0.0
Bus,1.689,1,27.53,0.061,14.59,0.331,0,0.10475
Bicycle,4.956,1,119.49,0.992,32.63,0.852,0,0.01227
Bus,16.755,1,12.78,0.638,25.45,0.851,1,2.47035
Bicycle,12.155,1,107.55,0.71,32.71,0.936,1,0.0
Bus,25.103,1,28.94,0.255,31.74,0.796,1,1.57175
Metro,15.699,1,118.14,0.09,31.51,0.25,0,0.65414
Bicycle,7.366,1,118.65,0.451,32.54,0.465,0,0.0
Bus,14.387,1,22.54,0.988,19.81,0.088,0,1.19374
Bicycle,5.922,1,114.93,0.662,28.92,0.94,0,0.0
Bus,3.584,1,39.01,0.704,12.35,0.758,1,0.15617
Metro,23.238,1,114.41,0.525,37.84,0.96,0,0.99757
Walking,5.644,1,124.18,0.023,14.61,0.562,0,0.0
Metro,14.223,1,118.82,0.016,16.2,0.312,1,0.60478
Motorcycle,14.082,1,120.37,0.936,33.95,0.568,0,1.77543
Walking,12.081,1,122.26,0.428,18.39,0.686,1,0.02845
Metro,10.809,1,116.1,0.723,26.35,0.271,1,0.43264
Bicycle,2.036,1,142.4,0.414,24.11,0.29,1,0.0
Bicycle,8.29,1,118.58,0.683,29.28,0.653,1,0.0
Bus,13.548,1,14.45,0.424,18.33,0.367,1,1.66221
Bus,18.901,1,25.42,0.706,12.44,0.47,1,1.41524
Walking,20.834,1,112.75,0.564,17.72,0.62,1,0.00375
Car,4.676,2,2.0,0.12,39.97,0.412,0,0.49899
Car,6.991,2,2.0,0.915,31.39,0.464,1,0.81191
Metro,4.203,1,119.6,0.142,29.9,0.516,1,0.17589
Walking,0.5,1,121.27,0.133,15.77,0.143,1,0.0
Bicycle,8.53,1,116.61,0.813,36.44,0.547,1,0.0156
Car,19.288,3,3.0,0.386,21.88,0.305,0,1.39109
Metro,12.102,1,111.0,0.867,20.38,0.923,0,0.5633
Motorcycle,12.533,1,118.9,0.91,25.94,0.586,0,1.59289
Metro,31.394,1,101.33,0.649,24.93,0.093,0,1.55591
Car,5.639,5,5.0,0.882,16.29,0.091,0,0.25623
Walking,13.528,1,125.71,0.715,12.07,0.593,0,0.0
Car,28.537,5,5.0,0.316,13.89,0.695,1,1.16708
Motorcycle,3.344,1,116.77,0.432,14.3,0.954,1,0.3897
Car,24.879,4,4.0,0.055,14.18,0.493,0,1.22573
Bus,5.721,1,6.69,0.372,12.16,0.22,0,1.41435
Car,12.873,5,5.0,0.324,17.13,0.014,1,0.56909
Car,2.341,4,4.0,0.357,35.56,0.241,1,0.11735
Metro,0.962,1,117.47,0.612,17.91,0.172,0,0.04353
Metro,4.014,1,120.1,0.453,12.63,0.721,0,0.1501
Walking,4.199,1,122.81,0.947,29.56,0.663,0,0.012
Metro,10.787,1,120.92,0.546,13.72,0.393,1,0.44969
Bicycle,9.891,1,104.24,0.754,14.06,0.925,1,0.02384
Metro,7.497,1,127.91,0.718,38.49,0.669,0,0.28205
Bus,23.586,1,22.14,0.953,21.85,0.8,0,2.07054
Bicycle,6.287,1,107.49,0.789,18.44,0.695,1,0.0
Walking,12.8,1,125.95,0.175,10.87,0.407,0,0.0
Bus,5.323,1,9.01,0.274,31.88,0.31,1,1.02656
Walking,8.142,1,124.82,0.178,13.03,0.765,1,0.0
Bus,12.289,1,20.19,0.622,30.6,0.905,0,1.14526
Metro,5.169,1,122.89,0.095,31.36,0.728,1,0.20866
Bus,26.289,1,15.43,0.5,33.04,0.268,1,2.92079
Bus,4.938,1,12.85,0.798,36.61,0.385,1,0.70404
Metro,15.342,1,114.2,0.909,31.93,0.627,0,0.64491
Car,10.975,3,3.0,0.503,35.68,0.709,0,0.80191
Bicycle,6.573,1,120.49,0.474,17.66,0.031,0,0.00572
Bicycle,13.357,1,116.9,0.438,24.22,0.581,0,0.00245
Car,20.511,2,2.0,0.524,18.41,0.86,0,2.28245
Car,0.996,4,4.0,0.404,26.09,0.46,1,0.04486
Walking,0.5,1,116.83,0.556,28.35,0.986,1,0.0
Metro,20.07,1,113.45,0.484,37.56,0.807,1,0.87221
Car,5.523,2,2.0,0.724,26.57,0.836,0,0.64543
Walking,15.124,1,113.78,0.102,16.15,0.806,1,0.0
Car,25.731,4,4.0,0.19,11.85,0.449,1,1.2816
Motorcycle,6.338,1,127.8,0.568,15.57,0.679,0,0.73368
Car,13.187,2,2.0,0.334,14.58,0.218,0,1.32506
Bicycle,5.517,1,119.43,0.976,10.98,0.732,1,0.00202
Bicycle,12.736,1,147.63,0.655,33.49,0.828,0,0.0
Bus,33.729,1,4.13,0.021,15.87,0.8,1,13.37267
Motorcycle,6.609,1,130.71,0.071,10.91,0.465,0,0.67798
Walking,3.112,1,122.43,0.817,30.58,0.512,0,0.00504
Bus,15.537,1,12.03,0.862,16.35,0.042,1,2.45637
Walking,5.422,1,120.63,0.355,28.47,0.13,1,0.00384
Walking,7.745,1,136.97,0.605,12.53,0.065,0,0.0
Bicycle,5.145,1,106.88,0.589,25.99,0.688,1,0.0
Motorcycle,35.859,1,117.94,0.126,26.61,0.344,1,3.82007
Car,12.695,4,4.0,0.259,34.59,0.003,0,0.66681
Metro,14.288,1,116.91,0.824,26.52,0.619,1,0.5868
Car,13.746,1,1.0,0.84,37.61,0.102,1,3.16661
Motorcycle,24.894,1,124.8,0.018,10.75,0.511,0,2.70992
Walking,5.119,1,113.98,0.766,36.32,0.52,0,0.00501
Metro,25.688,1,116.53,0.892,30.75,0.952,0,1.12179
Bicycle,21.162,1,117.04,0.659,39.36,0.745,0,0.0
Bus,6.004,1,11.61,0.284,13.56,0.512,0,0.86592
Walking,13.526,1,123.15,0.896,10.79,0.522,1,0.0
Motorcycle,24.904,1,126.38,0.303,14.63,0.72,0,2.7741
Metro,9.318,1,116.47,0.359,23.17,0.18,0,0.39465
Bus,8.425,1,31.42,0.019,18.19,0.468,0,0.43247
Metro,10.344,1,122.08,0.371,11.57,0.742,1,0.42164
Metro,10.597,1,119.77,0.511,19.15,0.18,0,0.42086
Motorcycle,5.772,1,108.03,0.138,17.11,0.03,0,0.6338
Bicycle,15.158,1,134.7,0.567,34.86,0.236,1,0.00577
Bus,11.448,1,18.23,0.912,13.29,0.458,0,1.21924
Bus,6.606,1,10.85,0.974,29.6,0.66,0,1.20459
Motorcycle,10.95,1,111.78,0.825,22.63,0.415,0,1.3288
Motorcycle,13.15,1,117.04,0.659,39.76,0.235,1,1.57569
Walking,9.27,1,107.56,0.655,26.09,0.238,0,0.00876
Bus,2.575,1,14.22,0.241,35.93,0.28,1,0.31409
Motorcycle,16.707,1,117.73,0.85,39.88,0.107,0,2.03741
Car,4.12,2,2.0,0.856,33.12,0.019,1,0.44977
Bus,3.387,1,14.28,0.412,15.63,0.756,0,0.42298
Motorcycle,12.218,1,106.42,0.114,19.01,0.431,1,1.31326
Motorcycle,5.033,1,122.49,0.773,35.52,0.733,0,0.59916
Metro,5.876,1,125.82,0.771,19.51,0.654,1,0.22924
Bus,2.175,1,21.02,0.366,11.46,0.03,0,0.16421
Walking,4.6,1,102.73,0.252,31.77,0.284,0,0.00424
Car,10.413,2,2.0,0.746,33.09,0.724,0,1.21289
Bus,42.244,1,15.86,0.814,14.81,0.661,1,5.15066
Motorcycle,6.293,1,124.31,0.876,14.88,0.364,0,0.75993
Walking,5.598,1,127.09,0.075,30.34,0.791,0,0.0
Bicycle,13.479,1,119.66,0.913,29.31,0.884,1,0.0
Walking,4.223,1,117.44,0.978,23.04,0.182,0,0.0
Car,3.019,2,2.0,0.987,29.55,0.7,1,0.37264
Motorcycle,3.242,1,114.39,0.864,19.11,0.675,1,0.41457
Bus,8.419,1,28.18,0.447,25.37,0.215,1,0.52543
Walking,8.245,1,111.55,0.195,17.95,0.273,0,0.0
Bus,8.592,1,12.37,0.34,30.69,0.176,1,1.14296
Motorcycle,10.209,1,112.68,0.273,39.84,0.918,0,1.18002
Motorcycle,1.689,1,124.52,0.126,13.73,0.417,1,0.18421
Walking,5.26,1,114.58,0.686,37.49,0.455,0,0.0036
Car,14.148,5,5.0,0.875,18.21,0.158,0,0.63042
Walking,8.65,1,120.94,0.111,13.97,0.078,0,0.00446
Bus,3.115,1,21.5,0.857,31.86,0.472,1,0.25519
Bus,17.112,1,24.41,0.4,24.35,0.525,1,1.26954
Bus,26.189,1,14.33,0.297,12.59,0.428,1,3.15066
Car,13.248,2,2.0,0.612,37.04,0.567,0,1.56017
Motorcycle,16.919,1,119.57,0.447,26.29,0.267,1,2.00794
Metro,3.861,1,120.78,0.605,22.3,0.316,0,0.17387
Walking,47.505,1,111.15,0.131,29.15,0.209,0,0.00389
Motorcycle,6.721,1,114.41,0.443,28.51,0.869,1,0.7644
Car,12.805,1,1.0,0.924,26.35,0.415,0,3.11625
Bus,18.411,1,17.66,0.922,25.22,0.438,0,2.03987
Metro,4.679,1,123.41,0.644,21.92,0.004,1,0.17784
Walking,6.271,1,107.02,0.276,29.66,0.309,0,0.02521
Walking,23.518,1,134.82,0.319,32.49,0.137,1,0.0
Bus,11.448,1,28.57,0.316,15.44,0.188,0,0.66559
Bicycle,11.044,1,115.03,0.046,23.88,0.815,1,0.0
Car,6.425,3,3.0,0.579,25.53,0.681,1,0.48273
Metro,16.644,1,128.63,0.501,26.22,0.552,0,0.64257
Bicycle,16.738,1,123.38,0.402,15.37,0.414,1,0.0
Bicycle,21.063,1,115.33,0.74,19.97,0.827,1,0.00155
Car,0.5,1,1.0,0.425,18.25,0.429,1,0.10363
Car,12.906,2,2.0,0.137,33.26,0.202,0,1.27142
Bicycle,10.239,1,127.2,0.463,28.91,0.023,1,0.0
Motorcycle,9.689,1,122.02,0.662,13.46,0.293,0,1.18029
Motorcycle,12.265,1,108.56,0.696,27.53,0.519,0,1.44031
Metro,6.684,1,142.86,0.15,27.91,0.603,0,0.22031
Bus,20.467,1,30.81,0.394,39.99,0.225,1,1.18798
Motorcycle,8.587,1,113.2,0.221,25.19,0.889,1,1.01072
Bicycle,5.111,1,120.54,0.71,27.16,0.879,1,0.00579
Car,1.993,2,2.0,0.387,38.24,0.324,0,0.21363
Bus,14.044,1,14.59,0.39,14.83,0.276,1,1.68879
Metro,7.172,1,135.82,0.717,18.6,0.758,0,0.26048
Metro,10.136,1,121.4,0.364,31.73,0.632,1,0.41915
Bus,7.118,1,29.76,0.532,34.02,0.595,1,0.43303
Bicycle,23.251,1,109.47,0.238,39.42,0.228,1,0.0
Bus,1.35,1,27.6,0.159,14.77,0.486,1,0.06781
Motorcycle,9.945,1,127.22,0.031,28.64,0.627,0,1.05799
Motorcycle,34.443,1,118.12,0.465,16.25,0.812,0,4.00084
Car,2.338,5,5.0,0.161,19.22,0.333,1,0.0855
Metro,7.965,1,120.77,0.855,31.11,0.355,1,0.31266
Metro,7.277,1,124.63,0.615,16.54,0.663,0,0.28095
Bicycle,8.314,1,117.21,0.651,31.06,0.403,0,0.00559
Motorcycle,2.717,1,113.33,0.291,25.2,0.487,0,0.30789
Metro,7.269,1,120.56,0.63,29.05,0.609,1,0.30477
Bus,4.601,1,17.24,0.852,11.39,0.525,0,0.53403
Metro,11.055,1,119.59,0.763,17.22,0.151,0,0.45778
Motorcycle,21.223,1,122.58,0.98,16.77,0.422,0,2.81318
Metro,14.847,1,114.65,0.55,28.08,0.055,1,0.64537
Motorcycle,6.825,1,113.94,0.513,28.71,0.357,0,0.79106
Motorcycle,18.007,1,113.36,0.506,39.53,0.223,0,2.07484
Bus,1.146,1,10.77,0.581,22.5,0.052,1,0.1845
Walking,11.242,1,111.13,0.29,22.37,0.759,1,0.00989
Bus,6.276,1,22.49,0.862,26.9,0.295,1,0.5065
Car,32.194,5,5.0,0.288,25.3,0.837,0,1.4089
Bus,9.78,1,12.58,0.926,28.04,0.767,1,1.57791
Bus,4.913,1,15.6,0.554,26.58,0.042,1,0.53367
Car,13.8,2,2.0,0.3,15.26,0.22,0,1.50033
Bus,13.142,1,10.53,0.843,28.64,0.563,1,2.49211
Motorcycle,7.541,1,116.59,0.483,36.83,0.277,0,0.81466
Metro,21.706,1,130.02,0.004,19.74,0.59,0,0.79922
Bus,2.186,1,18.04,0.415,29.47,0.733,1,0.23312
Bus,18.666,1,17.98,0.837,11.41,0.174,1,1.91979
Car,10.503,5,5.0,0.658,21.55,0.003,1,0.44166
Bus,4.539,1,15.64,0.895,27.17,0.608,0,0.55718
Bicycle,7.076,1,135.31,0.443,20.34,0.753,0,0.00415
Walking,18.047,1,112.13,0.17,10.59,0.052,0,0.0071
Car,4.541,1,1.0,0.245,38.88,0.911,0,0.92372
Bus,10.258,1,15.98,0.123,13.07,0.561,1,1.05758
Car,27.684,5,5.0,0.004,15.79,0.236,0,1.06493
Car,15.554,5,5.0,0.712,28.81,0.184,0,0.70218
Car,17.563,5,5.0,0.306,17.84,0.461,0,0.72775
Car,6.889,3,3.0,0.822,24.38,0.062,0,0.50081
Motorcycle,10.357,1,109.06,0.423,22.8,0.194,1,1.14872
Metro,14.208,1,97.04,0.05,19.84,0.87,0,0.76032
Walking,5.546,1,109.57,0.86,21.46,0.756,1,0.00661
Metro,4.992,1,123.96,0.303,39.58,0.378,1,0.21431
Motorcycle,11.653,1,114.41,0.608,19.96,0.448,1,1.41308
Walking,9.59,1,112.35,0.241,17.87,0.093,1,0.0
Metro,6.031,1,119.36,0.632,39.96,0.295,1,0.2509
Motorcycle,15.631,1,126.02,0.638,20.35,0.396,1,1.87711
Car,15.175,3,3.0,0.634,35.91,0.041,0,1.08963
Metro,7.075,1,110.49,0.344,32.98,0.743,0,0.30402
Bus,3.144,1,23.92,0.666,34.88,0.277,0,0.23545
Bicycle,22.138,1,124.81,0.069,31.7,0.749,0,0.00392
Bicycle,13.459,1,117.8,0.651,37.13,0.928,0,0.0
Motorcycle,34.573,1,118.09,0.077,14.27,0.9,0,3.7882
Bus,5.86,1,24.58,0.316,14.36,0.997,1,0.4273
Metro,12.907,1,119.22,0.722,16.49,0.829,1,0.54725
Bicycle,14.38,1,108.1,0.779,12.58,0.191,1,0.00497
Motorcycle,4.503,1,107.94,0.464,23.01,0.412,1,0.53347
Motorcycle,6.281,1,114.71,0.201,21.53,0.147,0,0.66889
Bus,2.539,1,10.04,0.818,18.03,0.775,1,0.47995
Metro,18.93,1,123.84,0.96,14.43,0.353,0,0.75473
Walking,5.648,1,124.96,0.646,38.52,0.817,0,0.00988
Car,26.337,4,4.0,0.658,22.81,0.732,0,1.44989
Car,4.294,4,4.0,0.129,34.36,0.819,0,0.2351
Motorcycle,12.291,1,107.79,0.537,23.37,0.006,1,1.47465
Metro,5.283,1,124.47,0.178,29.38,0.192,1,0.22569
Metro,4.183,1,127.14,0.055,34.29,0.796,1,0.16388
Walking,1.343,1,114.65,0.944,16.23,0.683,1,0.0
Walking,12.657,1,113.38,0.0,20.51,0.366,0,0.0
Motorcycle,9.293,1,121.1,0.746,19.38,0.663,1,1.21063
Walking,30.831,1,134.26,0.306,10.71,0.255,0,0.0
Metro,18.594,1,117.47,0.4,33.58,0.591,1,0.7606
Metro,13.389,1,129.17,0.981,15.28,0.193,1,0.50522
Metro,2.858,1,114.89,0.674,18.45,0.915,1,0.12675
Car,15.319,1,1.0,0.343,35.24,0.519,1,3.10471
Bus,10.304,1,27.25,0.369,10.03,0.962,1,0.70463
Metro,23.294,1,127.42,0.972,28.65,0.671,0,0.89133
Bus,3.591,1,8.4,0.662,36.37,0.303,1,0.77294
Motorcycle,11.028,1,138.3,0.101,15.24,0.933,1,1.18642
Motorcycle,5.986,1,119.39,0.148,10.56,0.501,0,0.66958
Walking,9.874,1,114.34,0.851,32.56,0.698,1,0.0
Bus,5.017,1,9.76,0.569,18.84,0.49,1,0.96175
Metro,18.615,1,118.71,0.57,29.01,0.915,0,0.79328
Bus,25.843,1,25.4,0.897,37.31,0.548,0,2.00126
Metro,4.179,1,125.08,0.047,31.33,0.287,1,0.16453
Metro,25.019,1,126.37,0.606,12.06,0.443,0,0.96543
Motorcycle,0.791,1,115.64,0.735,33.06,0.059,1,0.10103
Motorcycle,5.507,1,102.2,0.113,30.06,0.263,0,0.57898
Bicycle,3.537,1,123.41,0.784,21.27,0.623,1,0.0
Motorcycle,6.277,1,116.77,0.883,23.35,0.591,0,0.8031
Bus,15.869,1,24.79,0.133,32.4,0.419,1,1.07106
Car,9.988,5,5.0,0.257,36.76,0.657,1,0.40366
Walking,1.005,1,110.3,0.516,37.11,0.165,1,0.0
Motorcycle,28.627,1,127.9,0.173,27.52,0.421,1,3.1115
Bicycle,6.208,1,121.31,0.546,13.17,0.534,0,0.0
Car,13.683,4,4.0,0.901,35.62,0.054,0,0.80842
Bicycle,3.583,1,121.57,0.415,37.12,0.839,1,0.01125
Car,9.658,2,2.0,0.686,13.12,0.198,1,1.08289
Motorcycle,4.205,1,121.26,0.064,12.06,0.889,1,0.44705
Bicycle,11.601,1,123.15,0.299,18.27,0.886,1,0.0
Bicycle,7.961,1,130.74,0.668,37.42,0.381,1,0.0
Car,11.048,4,4.0,0.68,12.03,0.183,1,0.63596
Walking,17.218,1,119.14,0.76,32.59,0.086,0,0.0019
Metro,16.094,1,116.12,0.08,37.33,0.745,0,0.63949
Walking,16.21,1,104.03,0.352,32.39,0.801,0,0.0
Walking,13.997,1,122.91,0.708,26.47,0.724,1,0.0175
Car,21.309,1,1.0,0.244,32.13,0.879,1,4.57331
Bicycle,17.284,1,115.61,0.132,13.43,0.772,1,7e-05
Metro,13.385,1,117.89,0.414,28.16,0.76,1,0.56484
Metro,6.133,1,115.56,0.063,32.65,0.514,1,0.25784
Metro,2.201,1,121.85,0.3,16.06,0.351,1,0.08506
Metro,4.464,1,132.26,0.366,14.75,0.687,1,0.18416
Bus,8.375,1,23.27,0.333,29.6,0.549,1,0.62284
Walking,8.312,1,124.79,0.377,19.98,0.271,1,0.01013
Car,11.571,3,3.0,0.219,13.0,0.785,1,0.7704
Walking,8.558,1,116.3,0.821,27.44,0.514,0,0.00017
Metro,57.493,1,121.56,0.734,30.19,0.332,0,2.15121
Bicycle,10.511,1,120.34,0.289,13.58,0.155,0,0.0
Car,21.37,1,1.0,0.281,19.35,0.223,1,4.51638
Bicycle,2.614,1,118.96,0.158,35.28,0.085,1,0.01148
Walking,12.166,1,118.49,0.777,13.5,0.841,1,0.00566
Walking,32.628,1,121.06,0.798,23.95,0.881,0,0.00149
Car,15.321,4,4.0,0.961,13.14,0.529,1,0.90901
Motorcycle,23.598,1,117.77,0.869,18.79,0.466,1,3.0831
Car,14.844,3,3.0,0.819,34.52,0.877,0,1.1492
Car,4.465,5,5.0,0.249,18.03,0.553,0,0.19009
Motorcycle,7.124,1,125.61,0.594,14.43,0.816,1,0.85738
Car,6.594,3,3.0,0.652,20.41,0.456,0,0.50149
Bicycle,12.454,1,123.51,0.075,30.04,0.309,0,0.00146
Car,1.606,1,1.0,0.694,17.22,0.773,0,0.35545
Motorcycle,11.916,1,113.51,0.535,39.86,0.969,1,1.43625
Motorcycle,2.845,1,117.76,0.501,26.18,0.827,1,0.34821
Bus,25.418,1,17.71,0.95,24.5,0.108,0,2.68674
Bicycle,8.337,1,119.83,0.581,34.48,0.861,0,0.0
Bicycle,14.337,1,106.81,0.655,35.62,0.783,0,0.00177
Walking,41.832,1,120.18,0.12,11.76,0.156,0,0.01281
Bicycle,21.661,1,117.1,0.133,36.35,0.839,0,0.00368
Walking,33.406,1,118.12,0.369,23.68,0.124,0,0.01187
Car,10.461,1,1.0,0.22,22.78,0.453,0,2.15754
Bicycle,9.096,1,133.74,0.266,25.06,0.432,1,0.00717
Car,27.951,5,5.0,0.038,14.03,0.57,0,1.12074
Bicycle,11.337,1,117.65,0.401,19.97,0.87,0,0.0
Bus,4.623,1,25.17,0.05,10.39,0.183,0,0.298
Bicycle,10.116,1,110.71,0.856,15.76,0.033,0,0.0
Metro,2.667,1,97.77,0.242,20.46,0.729,1,0.14469
Car,58.166,1,1.0,0.375,11.95,0.538,1,12.31089
Bus,4.827,1,6.41,0.835,22.89,0.967,0,1.55602
Car,32.308,1,1.0,0.085,21.48,0.261,0,6.50226
Walking,11.649,1,119.6,0.863,10.01,0.056,1,0.0
Bus,2.924,1,29.99,0.245,10.16,0.535,0,0.17479
Car,9.101,2,2.0,0.329,17.41,0.957,0,0.99215
Walking,4.583,1,121.79,0.096,29.21,0.612,0,0.00225
Bus,18.224,1,2.0,0.805,31.63,0.358,1,17.21528
Walking,2.214,1,126.11,0.004,37.94,0.689,0,0.01026
Walking,20.523,1,119.23,0.602,23.81,0.346,0,0.00614
Metro,14.488,1,114.85,0.426,39.72,0.707,1,0.65582
Walking,13.483,1,114.91,0.811,29.82,0.198,0,0.00757
Car,9.809,4,4.0,0.611,35.19,0.136,1,0.52386
Motorcycle,17.859,1,114.14,0.149,23.8,0.99,0,2.04813
Metro,6.738,1,118.13,0.29,10.94,0.846,1,0.28561
Car,28.221,4,4.0,0.696,15.86,0.436,1,1.53207
Walking,17.479,1,120.64,0.113,24.57,0.312,0,0.02052
Bus,5.292,1,20.9,0.226,20.56,0.075,0,0.43695
Bicycle,30.79,1,121.75,0.177,11.12,0.792,1,0.00464
Metro,19.66,1,127.99,0.379,35.0,0.205,0,0.74094
Motorcycle,12.754,1,117.9,0.111,24.47,0.245,0,1.34997
Bus,11.402,1,21.51,0.838,12.24,0.801,0,1.02487
Motorcycle,33.796,1,127.55,0.026,11.06,0.727,0,3.74687
Metro,23.279,1,118.87,0.39,12.6,0.839,1,0.98838
Bicycle,4.189,1,118.91,0.72,37.86,0.908,1,0.01962
Metro,19.225,1,115.88,0.279,38.95,0.204,0,0.79792
Bus,3.708,1,32.11,0.349,31.28,0.157,1,0.18943
Car,12.574,5,5.0,0.506,25.94,0.706,1,0.56556
Bus,0.5,1,34.67,0.11,27.93,0.184,1,0.04099
Walking,12.214,1,122.72,0.958,25.28,0.469,1,0.00036
Bicycle,18.023,1,116.95,0.714,36.19,0.906,0,0.01714
Walking,8.633,1,126.84,0.727,24.85,0.689,1,0.0
Bicycle,9.258,1,124.43,0.5,19.85,0.943,0,0.0149
Metro,5.201,1,118.45,0.129,36.08,0.359,1,0.22628
Bus,6.269,1,17.02,0.052,39.2,0.704,1,0.63699
Motorcycle,8.247,1,114.71,0.463,31.17,0.872,0,0.97728
Metro,17.089,1,117.62,0.128,39.29,0.202,0,0.71509
Car,18.23,2,2.0,0.759,33.8,0.156,1,1.95393
Metro,6.773,1,119.73,0.525,15.84,0.724,1,0.29086
Car,6.977,2,2.0,0.018,32.76,0.434,0,0.67628
Walking,12.005,1,110.72,0.878,30.73,0.341,1,0.00477
Metro,8.032,1,120.41,0.114,21.85,0.467,1,0.32586
Car,13.336,3,3.0,0.599,21.66,0.507,1,1.00708
Walking,19.474,1,124.51,0.838,34.38,0.226,1,0.00282
Motorcycle,22.596,1,120.59,0.295,18.54,0.491,1,2.54588
Motorcycle,3.841,1,109.99,0.51,31.39,0.225,1,0.4637
Motorcycle,8.58,1,127.93,0.25,32.08,0.954,1,0.92645
Bicycle,15.141,1,120.63,0.424,17.4,0.348,0,0.0
Car,4.789,3,3.0,0.974,36.66,0.255,0,0.37481
Metro,44.11,1,116.52,0.849,14.81,0.848,0,1.84636
Car,1.85,2,2.0,0.915,19.81,0.579,1,0.21769
Walking,5.141,1,113.56,0.589,27.26,0.786,1,0.0
Bicycle,10.334,1,113.47,0.732,29.54,0.211,0,0.0
Car,16.831,5,5.0,0.22,20.27,0.999,0,0.70932
Motorcycle,10.53,1,117.23,0.992,31.14,0.051,1,1.32747
Bus,35.864,1,19.01,0.743,36.77,0.247,0,3.5569
Walking,9.84,1,112.84,0.56,31.65,0.28,0,0.01486
Walking,2.601,1,123.37,0.381,35.62,0.145,1,0.01914
Walking,8.479,1,109.86,0.944,23.15,0.69,1,0.00024
Metro,2.991,1,126.7,0.532,29.36,0.606,0,0.13374
Bus,10.824,1,15.48,0.821,28.05,0.749,0,1.43668
Motorcycle,9.567,1,125.13,0.864,25.41,0.254,1,1.20651
Bicycle,2.207,1,117.9,0.093,21.82,0.017,1,0.00341
Car,11.891,1,1.0,0.866,16.63,0.109,0,2.70933
Bus,9.599,1,31.77,0.985,13.76,0.412,1,0.61845
Walking,12.825,1,122.65,0.003,22.84,0.013,0,0.00265
Walking,18.666,1,127.76,0.677,11.81,0.881,1,0.0
Motorcycle,11.404,1,131.66,0.794,21.58,0.024,1,1.32183
Metro,5.007,1,103.16,0.072,10.77,0.917,0,0.23217
Bicycle,29.433,1,115.52,0.521,21.31,0.6,1,0.0
Metro,7.424,1,119.65,0.136,35.49,0.255,1,0.31455
Bicycle,37.791,1,131.59,0.368,19.62,0.51,1,0.00974
Metro,11.097,1,123.18,0.036,23.72,0.661,1,0.44109
Bus,2.753,1,10.94,0.942,36.58,0.558,1,0.506
Metro,15.551,1,128.79,0.456,18.38,0.343,0,0.54527
Bus,8.136,1,30.57,0.979,13.67,0.458,1,0.50684
Bus,8.056,1,23.2,0.155,35.69,0.311,0,0.58349
Car,28.892,4,4.0,0.841,28.76,0.449,1,1.65752
Bus,6.075,1,23.03,0.389,11.04,0.275,0,0.43738
Bicycle,14.14,1,130.09,0.796,12.95,0.977,0,0.0
Car,5.827,2,2.0,0.362,11.82,0.008,1,0.61167
Bus,2.318,1,2.41,0.692,10.5,0.271,0,1.77653
Metro,18.011,1,114.82,0.885,22.41,0.243,1,0.79296
Motorcycle,6.328,1,118.12,0.643,34.96,0.476,1,0.77673
Motorcycle,15.883,1,125.76,0.977,25.49,0.385,0,2.03657
Car,9.815,3,3.0,0.617,11.83,0.655,0,0.75767
Metro,6.44,1,111.29,0.375,19.81,0.714,1,0.28358
Metro,14.592,1,115.72,0.556,14.74,0.407,0,0.59138
Metro,10.861,1,117.43,0.526,38.5,0.424,1,0.45123
Bicycle,6.568,1,115.25,0.502,15.77,0.634,1,0.0
Motorcycle,17.737,1,113.3,0.49,11.0,0.574,0,2.06125
Metro,20.608,1,135.73,0.494,28.55,0.257,1,0.74007
Walking,7.433,1,119.1,0.983,36.87,0.702,1,0.0
Walking,33.701,1,118.9,0.418,16.05,0.954,0,0.0
Walking,2.983,1,117.85,0.337,17.0,0.328,1,0.01821
Motorcycle,8.512,1,110.14,0.325,25.85,0.355,0,0.93924
Metro,8.012,1,113.72,0.567,23.14,0.35,0,0.34663
Motorcycle,7.006,1,126.41,0.109,11.89,0.652,0,0.74642
Bus,4.473,1,14.5,0.264,28.26,0.628,0,0.55934
Metro,6.467,1,123.68,0.124,37.79,0.014,1,0.24
Metro,18.827,1,117.35,0.317,24.33,0.817,0,0.81717
Bicycle,6.419,1,109.05,0.603,30.0,0.74,0,0.0
Bicycle,14.739,1,117.55,0.595,32.54,0.791,1,0.0
Bus,5.36,1,17.49,0.912,19.27,0.975,1,0.64114
Motorcycle,18.443,1,117.6,0.707,37.17,0.563,1,2.23824
Car,30.113,3,3.0,0.597,21.48,0.774,1,2.17861
Walking,5.499,1,110.12,0.967,13.58,0.632,1,0.0
Car,7.755,3,3.0,0.365,37.27,0.357,0,0.55686
Motorcycle,7.696,1,114.21,0.538,15.2,0.598,1,0.92013
Metro,2.424,1,116.18,0.561,10.81,0.821,1,0.09812
Motorcycle,20.852,1,126.22,0.274,32.99,0.317,1,2.22788
Metro,12.242,1,115.68,0.128,17.73,0.907,0,0.50233
Metro,39.906,1,122.18,0.864,32.26,0.743,0,1.52935
Walking,8.589,1,127.36,0.812,11.62,0.001,1,0.0
Metro,24.562,1,134.19,0.243,39.03,0.382,1,0.92046
Car,8.179,3,3.0,0.337,24.48,0.1,1,0.55658
Motorcycle,10.136,1,116.64,0.001,16.87,0.21,1,1.13914
Metro,10.185,1,132.37,0.887,37.8,0.66,0,0.37081
Bus,15.978,1,26.7,0.382,19.77,0.51,0,1.05904
Walking,17.099,1,116.11,0.125,21.48,0.857,1,0.0
Walking,7.678,1,121.3,0.273,11.85,0.377,1,0.00994
Walking,7.702,1,127.53,0.665,16.51,0.304,1,0.0
Motorcycle,4.294,1,111.47,0.116,38.68,0.809,1,0.46154
Bus,4.325,1,18.42,0.746,18.15,0.181,1,0.44593
Bus,2.244,1,16.1,0.676,17.9,0.479,0,0.27477
Car,8.834,2,2.0,0.256,27.16,0.062,1,0.87241
Motorcycle,11.887,1,126.5,0.147,38.74,0.584,1,1.27357
Bicycle,6.676,1,119.27,0.69,16.9,0.652,1,0.00136
Bus,22.176,1,24.07,0.998,19.51,0.459,1,1.86799
Walking,16.542,1,119.67,0.422,19.28,0.677,1,0.0
Car,29.421,4,4.0,0.713,32.96,0.095,0,1.56135
Metro,20.794,1,131.4,0.601,26.75,0.735,1,0.7277
Walking,14.807,1,107.34,0.955,15.79,0.165,1,0.0
Bus,13.607,1,23.92,0.417,31.54,0.197,0,1.0097
Bus,10.526,1,26.66,0.649,20.75,0.006,0,0.72534
Walking,4.923,1,118.34,0.436,30.7,0.357,1,0.0
Car,9.002,3,3.0,0.163,29.77,0.527,0,0.6004
Motorcycle,25.857,1,113.54,0.131,36.52,0.705,1,2.91997
Bicycle,10.584,1,130.33,0.402,26.31,0.041,1,0.0168
Motorcycle,10.868,1,116.32,0.601,34.46,0.068,1,1.2085
Bicycle,11.253,1,102.78,0.198,25.71,0.136,1,0.00726
Metro,12.465,1,124.15,0.989,19.09,0.222,1,0.46276
Motorcycle,45.041,1,131.96,0.626,24.46,0.846,1,5.44407
Metro,27.29,1,127.49,0.987,36.37,0.197,1,1.0886
Bicycle,7.755,1,129.45,0.611,26.13,0.049,0,0.00337
Bus,22.528,1,16.92,0.827,26.4,0.022,1,2.44169
Metro,17.937,1,111.63,0.358,35.8,0.918,0,0.82487
Car,3.238,1,1.0,0.657,28.36,0.74,0,0.74686
Car,8.929,1,1.0,0.932,37.41,0.797,1,2.07246
Car,19.651,2,2.0,0.829,14.33,0.646,0,2.20889
Metro,2.9,1,121.33,0.456,29.79,0.879,1,0.12277
Bus,5.345,1,13.69,0.126,21.84,0.387,1,0.64667
Car,42.991,3,3.0,0.173,36.08,0.971,0,3.09333
Bus,4.834,1,16.31,0.93,31.92,0.349,0,0.58211
Walking,7.276,1,129.67,0.886,20.84,0.658,1,0.00251
Bus,11.333,1,17.28,0.902,26.4,0.285,1,1.28987
Walking,16.099,1,109.06,0.477,17.93,0.13,0,0.0
Car,26.789,1,1.0,0.384,31.25,0.141,0,5.55157
Motorcycle,7.296,1,121.63,0.823,15.53,0.091,1,0.85616
Walking,6.783,1,128.13,0.84,26.09,0.823,1,0.0
Metro,4.385,1,126.77,0.351,20.69,0.379,0,0.16494
Motorcycle,23.33,1,114.45,0.129,11.03,0.224,0,2.51286
Motorcycle,4.643,1,107.49,0.898,21.7,0.319,0,0.5859
Bus,15.24,1,11.7,0.014,38.78,0.576,0,2.09574
Metro,7.928,1,111.02,0.595,29.75,0.836,0,0.37182
Car,31.193,5,5.0,0.106,15.93,0.283,1,1.19686
Bus,14.188,1,21.42,0.599,37.87,0.833,1,1.21205
Metro,9.525,1,117.55,0.09,20.73,0.224,0,0.39966
Walking,21.97,1,116.64,0.048,29.62,0.642,0,0.0
Bus,15.626,1,21.77,0.418,28.1,0.956,0,1.27639
Metro,6.441,1,117.97,0.482,27.17,0.038,1,0.28112
Walking,10.591,1,124.35,0.781,27.94,0.177,1,0.01776
Bicycle,5.108,1,123.11,0.48,18.24,0.425,0,0.00049
Walking,10.812,1,115.21,0.79,17.93,0.02,0,0.00324
Car,11.39,1,1.0,0.744,19.97,0.502,1,2.60132
Bus,10.149,1,16.64,0.444,25.98,0.736,0,1.07204
Bicycle,17.856,1,131.1,0.545,11.78,0.698,1,0.01147
Bicycle,42.724,1,135.78,0.02,11.77,0.352,1,0.0
Walking,4.296,1,125.34,0.771,21.49,0.172,0,0.0
Bicycle,7.861,1,124.97,0.962,25.23,0.823,0,0.00057
Motorcycle,4.291,1,117.11,0.976,26.52,0.305,0,0.53164
Motorcycle,22.63,1,120.63,0.671,18.95,0.221,0,2.73178
Walking,15.529,1,112.99,0.893,37.42,0.293,1,0.0
Car,8.457,3,3.0,0.037,29.02,0.906,0,0.57181
Walking,16.438,1,108.78,0.009,39.44,0.903,1,0.00382
Car,3.123,4,4.0,0.16,33.72,0.554,1,0.16002
Car,26.833,1,1.0,0.439,21.13,0.906,1,5.80417
Bicycle,17.633,1,116.23,0.6,39.94,0.985,0,0.0
Metro,8.213,1,121.71,0.065,19.68,0.897,0,0.31518
Bicycle,14.431,1,118.67,0.809,18.81,0.685,0,0.00753
Bicycle,4.52,1,128.63,0.138,22.52,0.055,0,0.0
Walking,14.738,1,119.12,0.702,36.61,0.577,0,8e-05
Car,17.137,1,1.0,0.915,19.81,0.705,0,3.98297
Car,13.136,2,2.0,0.317,31.01,0.82,1,1.42663
Motorcycle,7.543,1,121.19,0.793,33.29,0.142,0,0.89078
Metro,22.489,1,111.82,0.145,23.53,0.772,0,0.98522
Bus,11.178,1,14.86,0.935,22.05,0.468,0,1.46353
Metro,3.157,1,109.91,0.997,30.09,0.452,1,0.14354
Walking,6.871,1,127.49,0.374,21.06,0.032,0,0.0023
Bus,5.718,1,11.59,0.318,34.91,0.111,0,0.85445
Metro,11.503,1,118.93,0.427,25.28,0.181,1,0.4319
Bus,13.373,1,21.8,0.426,17.07,0.274,1,1.10423
Car,29.355,3,3.0,0.196,35.9,0.057,0,1.98884
Bicycle,12.908,1,118.43,0.6,14.56,0.655,1,0.0
Car,27.485,2,2.0,0.397,32.15,0.44,0,2.98639
Car,11.306,3,3.0,0.911,33.6,0.583,1,0.87323
Walking,13.702,1,113.54,0.267,37.08,0.849,1,0.0
Car,23.02,5,5.0,0.348,26.96,0.351,1,0.96497
Walking,8.886,1,119.82,0.728,21.32,0.978,1,0.00667
Bicycle,1.843,1,116.34,0.684,22.83,0.2,0,0.0
Walking,21.512,1,116.64,0.505,16.69,0.379,1,0.0
Walking,18.908,1,108.14,0.713,25.02,0.177,1,0.0
Bus,3.762,1,17.86,0.38,18.13,0.195,1,0.34906
Bicycle,5.965,1,126.66,0.781,20.18,0.945,1,0.0
Car,12.945,4,4.0,0.554,19.55,0.554,0,0.7066
Bus,1.708,1,14.15,0.318,17.59,0.988,1,0.22453
Walking,12.175,1,126.88,0.967,30.58,0.09,1,0.01226
Bus,24.446,1,2.93,0.741,19.82,0.876,1,16.12919
Bicycle,6.666,1,116.7,0.507,18.59,0.215,0,0.00901
Motorcycle,5.02,1,128.6,0.261,33.76,0.197,1,0.58927
Bicycle,22.609,1,115.15,0.127,25.0,0.746,1,0.0
Motorcycle,6.243,1,114.0,0.033,11.3,0.261,0,0.61556
Bus,2.559,1,22.03,0.971,38.45,0.273,1,0.22116
Car,16.912,2,2.0,0.36,18.94,0.219,0,1.80038
Bicycle,6.886,1,100.63,0.15,21.5,0.656,0,0.0
Metro,6.587,1,115.49,0.624,38.35,0.663,1,0.26906
Walking,23.543,1,119.15,0.362,39.54,0.141,1,0.0
Bus,8.037,1,16.26,0.051,37.89,0.428,1,0.81685
Metro,4.644,1,132.05,0.194,15.55,0.44,0,0.17863
Car,6.394,4,4.0,0.171,28.69,0.306,0,0.33237
Bicycle,3.274,1,114.49,0.363,30.64,0.514,0,0.0
Car,12.789,2,2.0,0.287,37.13,0.655,1,1.355
Metro,4.641,1,123.83,0.36,17.69,0.105,0,0.18685
Walking,9.823,1,115.68,0.161,34.42,0.51,1,0.02552
Walking,4.107,1,122.77,0.525,10.42,0.78,1,0.0
Walking,36.383,1,124.78,0.398,36.89,0.927,0,0.0
Walking,7.502,1,110.43,0.666,35.72,0.561,1,0.01443
Walking,5.021,1,127.76,0.135,24.37,0.232,1,0.0
Walking,13.503,1,123.02,0.776,31.07,0.545,0,0.0
Bicycle,4.283,1,131.14,0.002,17.23,0.764,0,0.0
Bicycle,10.205,1,118.48,0.947,22.4,0.245,1,0.00282
Bus,15.004,1,8.5,0.591,20.95,0.565,1,3.26947
Motorcycle,0.749,1,113.98,0.084,35.11,0.17,0,0.06427
Bus,15.375,1,27.96,0.715,39.34,0.55,0,1.04543
Bicycle,10.368,1,128.22,0.936,27.66,0.577,0,0.0
Motorcycle,9.906,1,113.71,0.544,32.68,0.939,0,1.19425
Car,6.592,2,2.0,0.424,26.01,0.227,1,0.71268
Bicycle,18.088,1,132.17,0.978,39.67,0.21,1,0.0
Motorcycle,15.681,1,116.16,0.94,15.19,0.463,0,1.93038
Car,17.486,2,2.0,0.99,11.34,0.859,0,2.08407
Car,5.635,4,4.0,0.18,32.46,0.726,0,0.29834
Bus,9.096,1,9.22,0.602,18.88,0.26,0,1.83163
Car,10.117,4,4.0,0.582,20.0,0.397,0,0.55535
Bicycle,5.448,1,133.89,0.944,20.69,0.419,1,0.0109
Bicycle,5.683,1,122.76,0.8,34.73,0.258,0,0.00746
Bus,11.849,1,6.44,0.283,17.78,0.283,1,3.02082
Bus,28.238,1,20.54,0.826,12.78,0.513,0,2.69751
Metro,8.849,1,107.67,0.871,16.44,0.241,0,0.4018
Bus,15.718,1,30.74,0.381,30.16,0.688,1,0.96334
Walking,9.311,1,115.11,0.592,26.19,0.076,1,7e-05
Walking,5.097,1,121.17,0.255,32.66,0.51,0,0.0014
Car,6.148,4,4.0,0.624,34.05,0.668,0,0.36634
Car,13.811,1,1.0,0.519,28.74,0.213,0,2.92263
Bus,11.795,1,18.79,0.593,19.01,0.371,1,1.09002
Bus,11.422,1,11.2,0.973,30.03,0.607,0,1.97814
Motorcycle,26.152,1,125.97,0.812,19.32,0.784,0,3.3646
Motorcycle,11.967,1,124.21,0.163,38.48,0.656,0,1.25264
Motorcycle,9.311,1,122.21,0.11,37.76,0.52,1,0.9414
Bicycle,6.822,1,96.82,0.365,38.32,0.168,0,0.00882
Car,11.969,3,3.0,0.138,31.92,0.833,0,0.8674
Bicycle,7.495,1,121.55,0.567,21.0,0.083,0,0.00329
Bus,13.809,1,23.07,0.195,31.94,0.349,1,0.97062
Bus,36.199,1,17.53,0.371,22.67,0.748,0,3.62913
Bicycle,22.486,1,118.43,0.504,13.17,0.168,0,0.00457
Bus,22.371,1,26.27,0.949,23.77,0.009,1,1.56215
Bicycle,8.743,1,119.87,0.344,31.14,0.393,0,0.0
Metro,9.902,1,125.7,0.667,21.12,0.97,0,0.38609
Motorcycle,6.858,1,125.82,0.547,37.56,0.87,0,0.79122
Bicycle,12.284,1,115.74,0.939,36.01,0.214,0,0.01251
Car,18.181,3,3.0,0.192,29.2,0.08,1,1.24028
Metro,15.96,1,125.41,0.4,32.01,0.164,0,0.63659
Metro,19.531,1,119.03,0.627,14.23,0.023,0,0.81841
Car,8.994,4,4.0,0.525,33.88,0.675,0,0.47003
Bus,14.568,1,13.4,0.485,21.19,0.554,1,2.10656
Walking,10.031,1,109.1,0.422,26.46,0.206,0,0.0
Motorcycle,14.361,1,114.54,0.409,22.69,0.497,1,1.65998
Motorcycle,13.741,1,119.0,0.973,27.48,0.429,0,1.76708
Car,15.476,4,4.0,0.701,11.83,0.54,1,0.87873
Metro,3.293,1,120.41,0.169,27.65,0.834,1,0.14735
Walking,7.842,1,120.61,0.681,30.57,0.5,0,0.00592
Metro,4.415,1,123.27,0.857,20.02,0.094,0,0.16369
Motorcycle,6.282,1,134.21,0.551,33.7,0.234,1,0.71322
Walking,11.075,1,119.22,0.645,32.89,0.784,0,0.0
Bus,12.11,1,19.59,0.308,19.64,0.413,1,1.08277
Walking,7.474,1,110.91,0.091,14.59,0.974,1,0.0
Motorcycle,23.614,1,121.24,0.551,37.58,0.656,1,2.67438
Metro,12.285,1,121.04,0.503,25.67,0.361,0,0.49338
Bus,16.135,1,21.68,0.232,33.81,0.449,0,1.23998
Motorcycle,8.081,1,123.25,0.551,33.21,0.838,1,0.99161
Walking,17.969,1,126.1,0.932,22.13,0.888,1,0.0
Metro,11.668,1,113.01,0.006,10.55,0.778,1,0.52776
Car,6.394,2,2.0,0.24,38.39,0.86,1,0.68999
Motorcycle,10.33,1,120.98,0.562,37.86,0.163,1,1.21208
Car,0.688,1,1.0,0.968,22.46,0.136,0,0.16563
Walking,6.578,1,118.11,0.642,11.14,0.197,1,0.0
Walking,38.074,1,133.06,0.112,17.71,0.183,1,0.0
Car,26.211,3,3.0,0.746,26.53,0.744,1,2.0693
Bus,12.576,1,6.59,0.792,14.37,0.678,1,3.55171
Bus,0.747,1,32.39,0.247,22.47,0.368,0,0.03665
Walking,6.866,1,119.9,0.944,34.08,0.4,0,0.0
Motorcycle,7.115,1,131.07,0.157,27.52,0.362,1,0.76017
Motorcycle,32.562,1,119.23,0.438,24.59,0.637,0,3.82608
Metro,27.1,1,130.62,0.773,29.8,0.649,0,0.97932
Car,7.631,3,3.0,0.299,39.64,0.662,1,0.55799
Bus,7.589,1,19.44,0.729,29.28,0.07,1,0.71784
Car,17.416,5,5.0,0.727,38.08,0.601,0,0.81548
Metro,20.037,1,122.3,0.906,22.33,0.865,1,0.80451
Motorcycle,10.619,1,133.79,0.479,17.81,0.392,1,1.19983
Motorcycle,12.772,1,125.99,0.319,19.64,0.379,0,1.38591
Car,25.655,2,2.0,0.322,38.46,0.98,0,2.6613
Car,33.985,4,4.0,0.564,22.77,0.273,0,1.86376
Walking,6.571,1,123.09,0.457,30.66,0.597,1,0.0
Car,15.526,1,1.0,0.182,13.82,0.729,0,3.17141
Bicycle,12.671,1,121.64,0.608,33.31,0.866,0,0.0003
Motorcycle,8.658,1,121.55,0.825,25.18,0.327,0,1.0484
Car,6.014,2,2.0,0.359,14.96,0.113,0,0.61463
Motorcycle,19.585,1,131.9,0.42,13.86,0.039,1,2.13867
Motorcycle,3.914,1,117.66,0.716,10.12,0.027,0,0.44502
Metro,8.039,1,127.41,0.493,31.84,0.751,0,0.31146
Bus,6.726,1,17.94,0.363,16.7,0.531,1,0.66358
Bicycle,8.872,1,125.17,0.335,33.55,0.64,0,0.001
Bicycle,12.912,1,129.69,0.401,30.82,0.857,1,0.0
Bicycle,25.987,1,116.13,0.829,14.12,0.238,1,0.00207
Bus,8.138,1,28.86,0.102,18.1,0.666,0,0.47723
Bicycle,19.875,1,116.4,0.079,13.09,0.969,0,0.00124
Bus,4.58,1,9.48,0.798,35.99,0.237,1,0.8599
Bus,1.805,1,31.12,0.231,28.48,0.659,0,0.09116
Walking,9.437,1,124.8,0.744,26.78,0.593,1,0.0
Metro,10.867,1,118.87,0.28,13.83,0.212,1,0.45212
Motorcycle,13.591,1,115.55,0.88,34.69,0.992,1,1.83283
Car,7.884,5,5.0,0.863,33.77,0.776,1,0.37256
Walking,7.991,1,91.77,0.88,36.28,0.721,1,0.0
Walking,17.703,1,126.14,0.09,27.04,0.39,0,0.00181
Car,26.117,3,3.0,0.179,14.12,0.147,1,1.78537
Motorcycle,5.654,1,133.85,0.797,39.3,0.391,1,0.68427
Motorcycle,15.039,1,117.85,0.882,38.7,0.253,0,1.78296
Metro,11.349,1,107.5,0.068,24.19,0.09,0,0.52474
Bus,15.491,1,2.0,0.774,10.68,0.304,0,14.60684
Car,10.887,4,4.0,0.937,29.03,0.025,0,0.63329
Bus,8.003,1,19.77,0.036,33.51,0.706,1,0.73266
Bicycle,12.114,1,115.5,0.303,19.58,0.175,0,0.0
Motorcycle,7.254,1,125.13,0.239,22.2,0.814,1,0.78477
Bus,3.58,1,27.62,0.406,22.94,0.264,1,0.22328
Metro,6.757,1,115.43,0.747,10.21,0.344,1,0.28213
Bus,25.06,1,18.45,0.351,28.32,0.281,0,2.4409
Car,16.5,5,5.0,0.018,23.12,0.934,0,0.67097
Motorcycle,9.206,1,113.05,0.053,31.7,0.449,0,1.00246
Motorcycle,10.328,1,109.59,0.475,21.16,0.673,0,1.22548
Metro,1.037,1,119.98,0.706,26.72,0.369,0,0.0377
Walking,22.367,1,114.48,0.866,21.71,0.827,1,0.0
Car,12.463,2,2.0,0.919,31.51,0.625,1,1.50964
Metro,8.815,1,106.56,0.749,18.43,0.977,0,0.40893
Car,9.788,5,5.0,0.365,22.85,0.933,0,0.4475
Motorcycle,3.052,1,107.47,0.246,24.67,0.03,0,0.33228
Bicycle,22.324,1,123.65,0.032,23.46,0.684,1,0.0
Car,21.355,2,2.0,0.651,21.76,0.711,1,2.37818
Bicycle,31.921,1,124.25,0.723,25.72,0.761,0,0.0
Bicycle,2.65,1,123.36,0.398,36.63,0.462,0,0.00204
Motorcycle,16.471,1,125.48,0.111,14.18,0.365,1,1.70343
Metro,2.189,1,116.69,0.992,21.79,0.089,0,0.08654
Metro,17.552,1,128.82,0.637,39.85,0.033,0,0.69929
Walking,14.153,1,115.8,0.195,28.09,0.359,0,0.0
Metro,3.701,1,123.69,0.664,30.31,0.741,1,0.16118
Car,18.552,5,5.0,0.467,20.82,0.117,0,0.7981
Walking,4.295,1,109.2,0.527,22.73,0.662,0,0.0
Walking,27.206,1,134.36,0.388,26.7,0.97,0,0.0
Walking,16.684,1,125.69,0.729,16.05,0.449,1,0.013
Walking,5.053,1,107.79,0.475,23.01,0.846,0,0.0019
Car,1.387,3,3.0,0.609,38.8,0.872,1,0.10991
Bus,20.491,1,22.56,0.282,29.49,0.094,0,1.57687
Bicycle,18.557,1,110.65,0.496,28.76,0.316,1,0.0
Car,18.499,1,1.0,0.05,31.54,0.238,1,3.43454
Car,24.112,2,2.0,0.35,25.66,0.972,1,2.55074
Bus,29.861,1,15.06,0.408,19.76,0.866,0,3.46465
Bicycle,18.209,1,106.63,0.125,14.88,0.303,0,0.0
Motorcycle,8.78,1,119.34,0.998,24.63,0.495,1,1.10773
Bicycle,13.212,1,122.58,0.984,32.61,0.985,0,0.01646
Bicycle,10.718,1,103.91,0.293,25.61,0.258,1,0.00207
Bus,13.275,1,12.76,0.499,14.88,0.962,1,1.7806
Bus,7.253,1,18.06,0.416,17.37,0.745,0,0.73045
Walking,11.062,1,120.81,0.744,39.44,0.993,0,0.0
Bicycle,0.572,1,132.44,0.687,11.47,0.826,1,0.0
Walking,7.516,1,114.98,0.793,27.91,0.909,1,0.00439
Car,21.574,1,1.0,0.961,18.86,0.494,1,5.09179
Walking,25.17,1,126.11,0.624,34.86,0.242,0,0.0
Metro,15.089,1,110.77,0.539,37.0,0.392,1,0.69024
Bus,13.751,1,7.63,0.151,31.43,0.47,1,3.10458
Bus,33.572,1,17.04,0.922,28.64,0.601,1,3.919
Bicycle,6.036,1,127.24,0.95,39.76,0.476,1,0.00823
Motorcycle,14.425,1,115.39,0.405,12.39,0.405,0,1.61945
Bicycle,5.661,1,117.74,0.101,38.02,0.652,1,0.0
Motorcycle,2.047,1,110.34,0.013,23.96,0.844,1,0.21659
Metro,8.406,1,116.42,0.254,27.14,0.172,0,0.34578
Bus,5.219,1,22.12,0.74,18.47,0.136,1,0.44464
Walking,14.289,1,127.47,0.051,28.04,0.624,0,0.00414
Walking,5.248,1,104.23,0.421,26.45,0.579,0,0.00409
Motorcycle,10.022,1,127.62,0.63,27.31,0.4,0,1.21328
Walking,8.986,1,119.17,0.347,31.81,0.686,1,0.00964
Bicycle,13.296,1,124.77,0.279,23.41,0.631,1,0.00248
Car,8.972,4,4.0,0.817,32.95,0.771,0,0.54945
Walking,6.253,1,114.13,0.217,39.96,0.175,0,0.00469
Bus,4.985,1,27.06,0.928,24.35,0.515,1,0.35541
Walking,40.13,1,119.51,0.845,26.59,0.211,0,0.0
Bicycle,20.34,1,113.81,0.668,29.94,0.662,0,0.00876
Metro,6.697,1,109.59,0.127,31.06,0.646,1,0.3179
Bus,4.102,1,20.05,0.737,25.83,0.976,0,0.39466
Car,4.688,2,2.0,0.781,14.14,0.441,1,0.54773
Bus,2.892,1,6.61,0.455,33.16,0.556,1,0.7795
Metro,11.914,1,118.13,0.948,31.17,0.299,1,0.47623
Bus,13.871,1,33.79,0.348,38.27,0.251,0,0.73266
Bus,9.076,1,12.05,0.179,27.6,0.973,1,1.32212
Bus,8.617,1,28.38,0.236,16.04,0.621,0,0.53903
Metro,4.766,1,119.49,0.082,20.95,0.975,0,0.20195
Walking,25.01,1,138.82,0.358,39.97,0.638,1,0.0
Walking,9.723,1,113.26,0.905,21.9,0.947,0,0.0
Bus,2.09,1,7.85,0.108,39.31,0.212,1,0.46252
Bicycle,9.941,1,126.11,0.626,27.11,0.186,1,0.0
Car,3.94,1,1.0,0.25,34.22,0.176,1,0.79972
Walking,4.686,1,119.47,0.916,28.83,0.032,1,0.0
Metro,3.251,1,113.58,0.816,17.87,0.541,0,0.13553
Metro,6.544,1,100.83,0.857,17.07,0.707,0,0.34358
Car,28.734,3,3.0,0.598,18.25,0.674,1,2.08957
Bus,7.118,1,2.51,0.629,13.09,0.146,1,5.20298
Bicycle,11.551,1,114.72,0.675,14.21,0.057,0,7e-05
Bicycle,6.324,1,123.32,0.076,28.97,0.12,1,0.0
Bus,3.459,1,13.96,0.145,30.47,0.12,0,0.40228
Motorcycle,2.326,1,130.69,0.81,35.62,0.326,1,0.28198
Walking,11.687,1,123.18,0.913,29.12,0.493,1,0.00251
Bicycle,14.881,1,120.87,0.195,30.71,0.392,0,0.0
Metro,9.771,1,141.43,0.366,38.29,0.695,1,0.34148
Bus,4.6,1,17.86,0.595,31.73,0.168,0,0.47584
Bus,1.795,1,5.45,0.225,20.83,0.949,1,0.5902
Walking,2.562,1,111.99,0.645,10.73,0.571,1,0.01061
Metro,14.148,1,117.39,0.895,13.03,0.863,1,0.63481
Metro,10.201,1,109.61,0.85,34.03,0.163,0,0.44218
Car,5.435,3,3.0,0.396,20.83,0.76,1,0.37507
Motorcycle,3.851,1,130.45,0.996,37.71,0.871,1,0.48908
Motorcycle,4.945,1,117.7,0.109,27.72,0.701,0,0.53481
Bus,15.446,1,31.04,0.29,14.23,0.005,0,0.8036
Walking,31.202,1,108.75,0.186,32.07,0.058,1,0.00169
Metro,21.366,1,117.86,0.22,11.94,0.115,0,0.88367
Walking,6.322,1,121.04,0.924,33.69,0.613,1,0.0037
Bicycle,3.751,1,119.89,0.488,17.94,0.086,1,0.0
Walking,4.181,1,113.96,0.805,17.21,0.251,0,0.0
Metro,8.975,1,128.85,0.176,12.31,0.59,1,0.33723
Car,11.045,1,1.0,0.643,34.1,0.793,1,2.55471
Walking,19.176,1,115.97,0.892,19.63,0.02,1,0.0
Metro,1.342,1,132.88,0.883,11.13,0.737,0,0.05373
Walking,6.236,1,114.94,0.693,12.55,0.374,0,0.0
Car,7.16,4,4.0,0.108,13.55,0.657,1,0.372
Bicycle,5.946,1,116.68,0.224,25.51,0.638,0,5e-05
Motorcycle,3.43,1,103.27,0.121,11.05,0.045,1,0.33846
Motorcycle,8.55,1,127.65,0.404,11.46,0.608,0,1.02763
Bicycle,4.249,1,126.02,0.057,23.22,0.768,1,0.0
Motorcycle,10.694,1,114.7,0.174,10.8,0.005,1,1.13705
Bus,27.515,1,14.22,0.449,21.58,0.046,1,3.3982
Walking,19.254,1,128.9,0.711,35.49,0.009,1,0.00664
Motorcycle,17.32,1,130.25,0.212,15.54,0.639,1,1.95023
Motorcycle,6.649,1,120.44,0.036,17.62,0.698,1,0.72329
Bus,22.213,1,23.86,0.613,25.56,0.5,0,1.72455
Car,5.438,4,4.0,0.424,10.02,0.786,0,0.29085
Walking,17.319,1,107.98,0.358,34.85,0.862,1,0.00547
Motorcycle,27.874,1,121.98,0.346,16.76,0.866,0,2.99456
Metro,18.054,1,129.92,0.504,10.32,0.898,1,0.67118
Walking,12.442,1,127.63,0.921,16.76,0.202,1,0.0
Walking,51.087,1,115.56,0.788,19.57,0.859,1,0.0137
Metro,9.6,1,129.16,0.305,26.93,0.413,1,0.33955
Bicycle,22.017,1,128.34,0.041,12.87,0.972,1,0.00398
Bicycle,19.265,1,133.75,0.681,24.98,0.205,0,0.0
Car,12.358,2,2.0,0.767,31.18,0.903,1,1.47755
Motorcycle,3.501,1,125.18,0.819,17.23,0.632,0,0.43625
Metro,24.041,1,103.61,0.68,24.3,0.745,0,1.19078
Car,3.399,4,4.0,0.143,39.29,0.015,0,0.16665
Car,49.505,2,2.0,0.533,31.68,0.094,1,5.08918
Walking,11.959,1,127.21,0.84,13.16,0.126,0,0.0
Motorcycle,26.435,1,125.16,0.959,34.96,0.814,1,3.59626
Bus,14.621,1,2.0,0.14,20.68,0.447,0,12.24159
Motorcycle,0.569,1,104.93,0.711,16.08,0.037,1,0.06488
Motorcycle,12.194,1,124.98,0.319,31.75,0.509,0,1.38886
Car,6.119,5,5.0,0.792,17.96,0.725,1,0.28979
Walking,16.85,1,105.71,0.129,37.77,0.162,0,0.0002
Motorcycle,3.463,1,109.27,0.111,39.98,0.942,1,0.38953
Walking,7.646,1,121.82,0.499,28.71,0.659,1,0.0
Bicycle,11.176,1,123.52,0.705,10.04,0.023,0,0.0
Bicycle,3.194,1,120.71,0.388,32.08,0.972,0,0.0
Car,7.62,3,3.0,0.572,37.73,0.396,0,0.53249
Walking,6.105,1,120.59,0.311,34.0,0.169,1,0.0054
Bicycle,5.875,1,130.53,0.515,16.76,0.132,0,0.0
Walking,6.585,1,123.98,0.162,24.91,0.667,1,0.00214
Car,11.445,2,2.0,0.036,39.11,0.14,1,1.0399
Bus,13.675,1,11.7,0.652,18.54,0.327,1,2.21255
Bus,4.257,1,10.82,0.326,35.82,0.011,1,0.65763
Metro,14.25,1,115.42,0.074,16.73,0.09,1,0.60772
Bus,6.25,1,22.86,0.124,21.49,0.88,0,0.49585
Bus,3.184,1,26.61,0.736,30.44,0.362,0,0.21019
Walking,22.601,1,118.04,0.519,37.62,0.008,0,0.00443
Bus,4.537,1,20.1,0.044,20.2,0.351,0,0.39768
Motorcycle,15.167,1,126.07,0.146,26.82,0.375,0,1.65116
Car,15.914,1,1.0,0.826,36.78,0.147,0,3.67591
Metro,8.843,1,124.55,0.687,12.67,0.732,0,0.34815
Motorcycle,1.133,1,129.35,0.049,11.34,0.089,1,0.12871
Metro,0.5,1,125.09,0.119,19.14,0.471,1,0.01691
Car,16.004,5,5.0,0.809,29.54,0.769,1,0.73962
Metro,22.941,1,118.65,0.206,17.74,0.358,0,0.94692
Bus,10.112,1,7.75,0.562,30.81,0.0,0,2.39368
Car,17.473,4,4.0,0.663,31.22,0.74,0,0.97654
Bicycle,16.439,1,132.96,0.528,32.88,0.335,1,0.00176
Motorcycle,18.614,1,117.72,0.3,10.1,0.236,1,1.94735
Bus,17.205,1,16.45,0.038,37.92,0.79,0,1.77878
Walking,18.669,1,118.42,0.888,22.32,0.376,1,0.01249
Walking,6.724,1,107.27,0.301,22.73,0.473,0,0.00551
Motorcycle,35.302,1,107.04,0.604,20.62,0.188,0,4.28049
Car,26.727,5,5.0,0.671,35.33,0.438,1,1.12865
Metro,14.692,1,118.47,0.499,13.77,0.305,0,0.61056
Metro,3.456,1,123.14,0.739,22.72,0.583,1,0.11597
Bicycle,2.991,1,125.51,0.869,28.15,0.508,0,0.02358
Motorcycle,11.325,1,105.99,0.572,39.97,0.712,1,1.4179
Bus,11.316,1,16.25,0.807,25.78,0.224,0,1.24479
Bus,9.749,1,10.61,0.371,36.66,0.388,0,1.59268
Bicycle,10.87,1,117.14,0.604,37.89,0.31,1,0.0
Bus,2.008,1,2.76,0.392,35.14,0.545,1,1.32375
Metro,4.11,1,114.21,0.56,32.28,0.472,0,0.17216
Bicycle,13.72,1,117.07,0.193,30.39,0.077,0,0.0
Walking,16.301,1,131.04,0.235,10.59,0.111,1,0.0
Motorcycle,13.91,1,119.48,0.522,10.45,0.682,1,1.68865
Bicycle,7.29,1,115.23,0.635,28.04,0.143,0,0.0045
Metro,19.998,1,126.14,0.647,23.22,0.054,1,0.78774
Metro,18.563,1,114.26,0.506,27.54,0.21,1,0.77239
Walking,8.746,1,117.25,0.13,25.55,0.31,1,0.0
Walking,1.183,1,116.25,0.172,15.63,0.424,0,0.0
Walking,12.971,1,116.1,0.426,28.33,0.004,1,0.0
Metro,46.768,1,123.6,0.913,37.54,0.421,0,1.82334
Metro,4.902,1,128.29,0.036,35.44,0.084,0,0.17995
Walking,28.192,1,118.69,0.198,21.16,0.78,0,0.00363
Bus,7.058,1,3.3,0.662,10.49,0.705,0,4.04218
Metro,9.89,1,123.48,0.255,17.07,0.573,1,0.3977
Bicycle,10.875,1,128.1,0.434,15.91,0.896,1,0.01207
Motorcycle,16.978,1,118.38,0.635,13.86,0.069,0,1.83545
Motorcycle,9.681,1,125.37,0.439,37.01,0.869,1,1.1764
Motorcycle,13.402,1,136.0,0.052,15.13,0.617,1,1.47382
Metro,2.837,1,117.85,0.782,26.48,0.783,1,0.12479
Car,7.345,3,3.0,0.062,29.6,0.595,0,0.4807
Walking,7.905,1,115.29,0.652,13.28,0.509,0,0.00494
Bicycle,8.114,1,124.49,0.348,30.7,0.776,0,0.00584
Metro,7.643,1,113.55,0.773,17.29,0.843,0,0.32425
Metro,7.805,1,115.78,0.214,37.84,0.031,0,0.32411
Bicycle,8.437,1,111.96,0.843,20.09,0.519,0,0.00402
Bicycle,10.003,1,126.65,0.831,19.74,0.934,0,0.0
Metro,5.574,1,126.65,0.678,33.21,0.421,0,0.21081
Motorcycle,5.812,1,119.34,0.469,22.93,0.684,0,0.65234
Metro,8.968,1,112.2,0.808,28.49,0.428,0,0.36808
Bicycle,2.003,1,114.93,0.898,31.93,0.76,0,0.0
Walking,20.088,1,104.84,0.934,38.47,0.768,1,0.01682
Motorcycle,10.597,1,132.74,0.378,19.06,0.677,0,1.19849
Walking,37.029,1,122.2,0.578,24.9,0.683,1,0.0
Motorcycle,33.07,1,116.39,0.298,39.7,0.634,0,3.84078
Metro,18.743,1,124.45,0.309,30.94,0.833,1,0.75082
Bicycle,10.792,1,107.44,0.816,17.96,0.231,1,0.0
Bicycle,23.588,1,128.24,0.268,30.94,0.759,1,0.01193
Bus,9.304,1,4.26,0.778,16.69,0.623,1,4.11893
Motorcycle,3.982,1,111.09,0.796,18.78,0.757,0,0.51412
Walking,20.291,1,128.16,0.428,24.96,0.831,1,0.0
Bicycle,4.613,1,124.96,0.873,24.41,0.986,1,0.00202
Walking,5.394,1,118.36,0.111,24.09,0.605,0,0.0
Walking,12.435,1,118.07,0.67,15.44,0.561,1,0.01336
Walking,14.116,1,128.32,0.435,24.93,0.176,0,0.0029
Metro,9.54,1,122.35,0.564,15.2,0.279,1,0.37922
Car,6.713,2,2.0,0.897,25.58,0.035,1,0.73981
Walking,11.147,1,131.08,0.39,31.64,0.378,1,0.0
Walking,15.344,1,117.4,0.516,24.9,0.836,1,0.00502
Bus,6.166,1,23.34,0.179,29.34,0.466,0,0.46941
Bicycle,6.685,1,123.99,0.686,16.44,0.823,0,0.0007
Car,3.701,2,2.0,0.801,33.88,0.033,0,0.41868
Motorcycle,16.17,1,108.46,0.886,24.3,0.744,0,2.14861
Bus,1.148,1,29.44,0.738,14.11,0.03,1,0.07427
Motorcycle,3.285,1,124.13,0.147,26.77,0.183,0,0.33975
Motorcycle,3.289,1,124.36,0.55,27.53,0.291,0,0.39354
Motorcycle,6.644,1,107.6,0.302,31.08,0.101,1,0.6742
Car,6.611,4,4.0,0.957,13.13,0.183,0,0.37421
Bicycle,11.368,1,116.36,0.611,23.0,0.76,0,0.00113
Car,17.233,2,2.0,0.079,20.35,0.711,1,1.69305
Car,8.003,1,1.0,0.805,16.43,0.906,0,1.84461
Bus,12.689,1,21.54,0.421,28.2,0.725,0,1.07465
Motorcycle,9.543,1,127.79,0.493,21.73,0.762,0,1.12056
Motorcycle,23.983,1,124.05,0.052,30.85,0.973,0,2.77523
Walking,6.493,1,128.69,0.563,16.98,0.496,0,0.00966
Car,3.663,4,4.0,0.767,35.84,0.895,1,0.21137
Motorcycle,56.23,1,114.06,0.292,17.26,0.87,0,6.49983
Bus,22.867,1,19.3,0.023,13.12,0.162,1,1.92942
Motorcycle,2.119,1,126.65,0.678,10.71,0.809,1,0.26525
Walking,32.639,1,122.42,0.932,38.93,0.427,1,0.0
Metro,10.44,1,116.39,0.717,21.06,0.296,1,0.4216
Motorcycle,16.528,1,104.27,0.258,33.66,0.725,0,1.84581
Metro,33.594,1,125.76,0.66,37.88,0.474,1,1.25871
Bus,6.359,1,13.1,0.462,16.31,0.383,1,0.88341
Walking,11.167,1,134.72,0.948,26.65,0.492,0,0.01129
Walking,6.737,1,114.6,0.536,13.96,0.513,1,0.01014
Walking,13.068,1,121.27,0.913,22.0,0.608,0,0.00792
Motorcycle,21.623,1,112.28,0.338,18.16,0.151,1,2.3116
Car,3.902,3,3.0,0.26,36.88,0.609,1,0.2903
Metro,11.435,1,109.5,0.35,32.92,0.543,1,0.51831
Motorcycle,7.938,1,111.25,0.742,13.6,0.807,1,0.97474
Bicycle,9.8,1,133.28,0.67,18.66,0.975,0,0.0
Bicycle,15.013,1,122.89,0.431,38.04,0.965,1,0.00349
Metro,16.157,1,125.14,0.494,38.1,0.378,0,0.63889
Metro,7.005,1,123.95,0.518,23.67,0.553,1,0.29237
Bus,20.024,1,14.8,0.611,34.14,0.886,1,2.61999
Car,10.818,2,2.0,0.365,36.16,0.419,0,1.10473
Motorcycle,21.282,1,115.56,0.082,22.44,0.577,0,2.2851
Motorcycle,7.797,1,121.24,0.432,22.53,0.387,1,0.95226
Walking,4.208,1,111.52,0.315,12.49,0.52,0,0.0
Motorcycle,16.541,1,115.29,0.709,19.34,0.999,0,2.0332
Bicycle,4.067,1,116.59,0.237,30.34,0.375,0,0.0079
Car,13.784,3,3.0,0.433,35.77,0.094,0,0.94173
Walking,2.671,1,121.62,0.45,22.86,0.362,1,0.0
Bicycle,3.268,1,120.95,0.498,14.97,0.363,1,0.00352
Walking,11.347,1,129.51,0.077,38.63,0.315,1,0.0
Car,1.65,2,2.0,0.24,18.48,0.182,0,0.16427
Walking,6.872,1,123.45,0.479,15.12,0.327,0,0.0
Motorcycle,8.388,1,115.7,0.123,11.45,0.109,1,0.88794
Bicycle,11.359,1,120.07,0.2,11.06,0.906,0,0.0
Walking,8.811,1,113.6,0.25,37.94,0.828,1,0.00073
Metro,9.075,1,117.01,0.072,31.26,0.805,1,0.36544
Walking,9.343,1,112.9,0.921,27.99,0.227,1,0.0
Car,30.221,2,2.0,0.94,25.05,0.221,0,3.63261
Car,16.832,3,3.0,0.592,29.43,0.611,0,1.22982
Car,14.423,5,5.0,0.12,30.05,0.178,1,0.54579
Bus,10.581,1,2.5,0.129,28.49,0.774,0,7.55376
Bus,6.163,1,18.36,0.377,25.7,0.769,0,0.5554
Bus,3.05,1,30.69,0.248,18.8,0.718,1,0.16772
Bus,5.894,1,26.24,0.826,32.21,0.592,1,0.44928
Car,1.233,4,4.0,0.793,12.36,0.501,0,0.06101
Metro,4.429,1,134.99,0.25,25.86,0.463,0,0.17902
Bicycle,2.53,1,124.31,0.229,20.61,0.488,0,0.00673
Motorcycle,10.913,1,122.17,0.062,14.1,0.561,1,1.15833
Bicycle,5.148,1,123.34,0.958,16.11,0.063,1,0.0
Bus,10.495,1,27.06,0.092,28.13,0.502,1,0.69351
Car,18.139,4,4.0,0.434,16.86,0.835,1,0.9656
Walking,17.337,1,114.06,0.729,36.28,0.735,0,0.0
Motorcycle,4.188,1,127.66,0.775,27.33,0.26,1,0.50599
Metro,21.068,1,108.78,0.561,15.27,0.105,0,0.9962
Car,11.28,2,2.0,0.248,20.54,0.335,1,1.27418
Metro,12.721,1,123.26,0.044,34.9,0.962,1,0.51389
Metro,7.595,1,132.34,0.035,17.34,0.478,1,0.28579
Metro,20.789,1,125.98,0.196,30.9,0.517,0,0.79351
Bicycle,5.71,1,116.34,0.418,11.21,0.147,0,0.0
Bus,12.097,1,27.26,0.107,34.76,0.46,1,0.73059
Walking,10.402,1,126.58,0.801,28.95,0.813,0,0.0088
Motorcycle,10.028,1,113.14,0.065,36.94,0.301,0,1.04707
Metro,12.205,1,123.47,0.533,20.01,0.252,0,0.47191
Car,8.549,4,4.0,0.454,31.08,0.428,0,0.44022
Metro,28.548,1,117.74,0.978,33.6,0.573,1,1.18639
Motorcycle,29.008,1,113.94,0.372,25.39,0.188,0,3.19813
Motorcycle,20.638,1,123.18,0.749,33.06,0.509,0,2.4295
Bus,37.458,1,16.97,0.12,12.32,0.693,1,3.58162
Walking,3.104,1,120.45,0.035,31.63,0.848,0,0.00327
Bicycle,2.668,1,120.43,0.849,19.64,0.274,1,0.0
Bicycle,12.951,1,117.81,0.256,30.7,0.543,0,0.0
Metro,0.5,1,110.79,0.223,11.6,0.898,1,0.02172
Car,7.528,3,3.0,0.29,36.21,0.734,1,0.51517
Bus,3.808,1,20.45,0.341,11.17,0.082,0,0.32334
Car,15.837,4,4.0,0.846,28.71,0.624,1,0.96905
Walking,5.714,1,129.79,0.871,17.0,0.737,1,0.00312
Bicycle,8.801,1,107.89,0.363,10.48,0.988,0,0.0
Bus,8.156,1,10.03,0.613,36.57,0.302,0,1.42573
Bus,8.206,1,2.0,0.584,13.69,0.266,0,7.27222
Bus,21.588,1,27.04,0.405,11.65,0.861,1,1.4397
Metro,22.48,1,122.12,0.771,28.07,0.578,1,0.91978
Motorcycle,2.045,1,101.73,0.499,14.92,0.79,0,0.25165
Walking,6.587,1,131.55,0.363,30.87,0.589,1,0.01335
Bus,7.6,1,10.17,0.576,13.35,0.704,0,1.41434
Bicycle,2.245,1,107.42,0.849,26.32,0.441,0,0.00226
Bus,5.388,1,27.06,0.442,27.79,0.833,0,0.33502
Bicycle,14.171,1,115.53,0.334,16.57,0.664,0,0.00501
Motorcycle,11.649,1,118.96,0.866,39.17,0.776,0,1.5729
Walking,3.47,1,134.16,0.901,30.12,0.417,0,0.0
Walking,6.072,1,107.15,0.849,13.83,0.262,0,0.0
Metro,22.165,1,122.23,0.092,10.11,0.079,0,0.89531
Motorcycle,12.869,1,117.26,0.337,14.4,0.287,0,1.52753
Walking,20.713,1,125.24,0.822,19.04,0.209,1,0.0
Car,14.75,2,2.0,0.514,16.85,0.141,0,1.57099
Bus,6.943,1,12.73,0.971,31.84,0.077,0,0.9809
Bus,6.259,1,11.91,0.35,20.17,0.834,1,0.95921
Bus,3.015,1,27.36,0.599,20.04,0.655,1,0.19158
Car,6.341,1,1.0,0.388,31.64,0.655,0,1.32378
Metro,4.311,1,119.08,0.475,33.3,0.005,1,0.16151
Bus,20.442,1,4.55,0.404,23.55,0.868,0,7.90054
Car,1.447,5,5.0,0.269,27.88,0.656,1,0.07617
Motorcycle,3.079,1,123.9,0.846,31.96,0.531,0,0.36222
Bicycle,12.995,1,129.2,0.503,13.55,0.427,0,0.00788
Metro,17.464,1,101.66,0.054,12.86,0.351,1,0.86609
Walking,5.722,1,115.45,0.983,12.84,0.548,1,0.01215
Metro,8.547,1,131.31,0.692,31.01,0.181,0,0.32045
Walking,2.471,1,111.07,0.809,20.84,0.713,0,0.0
Metro,28.966,1,118.66,0.903,18.67,0.153,1,1.20616
Motorcycle,48.243,1,111.35,0.567,30.06,0.671,0,5.56291
Walking,13.074,1,124.02,0.474,12.08,0.148,0,0.00813
Walking,20.054,1,119.06,0.223,21.31,0.507,0,0.0
Bus,5.254,1,17.69,0.346,20.85,0.949,1,0.54273
Car,23.584,3,3.0,0.008,28.96,0.322,1,1.57153
Car,23.269,1,1.0,0.652,15.28,0.669,1,5.42264
Bicycle,22.909,1,116.11,0.764,22.28,0.703,1,0.0058
Bicycle,4.916,1,120.78,0.198,35.28,0.964,1,0.01009
Bus,23.714,1,22.46,0.644,17.12,0.047,1,1.95836
Bus,25.591,1,15.49,0.696,18.57,0.47,1,3.05724
Motorcycle,10.406,1,130.21,0.441,18.01,0.861,1,1.24804
Metro,11.75,1,121.69,0.857,29.06,0.535,0,0.51752
Bus,8.278,1,22.53,0.058,13.79,0.251,0,0.61342
Bus,2.191,1,24.34,0.546,28.51,0.532,0,0.20657
Walking,22.115,1,124.2,0.784,15.15,0.217,1,0.0
Car,19.483,4,4.0,0.377,33.77,0.039,1,0.98769
Bicycle,6.925,1,124.62,0.949,19.43,0.398,1,0.01856
Bicycle,13.818,1,128.74,0.153,27.97,0.798,0,0.0
Bicycle,2.444,1,119.27,0.952,13.04,0.423,0,0.0
Motorcycle,8.666,1,105.07,0.813,22.15,0.607,0,1.08107
Motorcycle,17.984,1,105.28,0.816,33.84,0.668,1,2.36661
Metro,14.369,1,110.27,0.349,21.77,0.748,0,0.65278
Car,6.238,5,5.0,0.14,29.06,0.887,0,0.25865
Metro,4.296,1,116.84,0.24,17.38,0.185,0,0.17785
Metro,20.636,1,118.12,0.855,23.3,0.083,0,0.85185
Walking,9.274,1,120.37,0.766,16.23,0.489,0,0.0
Motorcycle,3.371,1,104.85,0.721,18.88,0.518,0,0.41653
Motorcycle,25.45,1,129.0,0.104,17.21,0.074,1,2.6873
Bus,12.013,1,13.23,0.451,15.88,0.179,1,1.52256
Motorcycle,5.204,1,124.52,0.921,17.71,0.857,1,0.66869
Bus,14.491,1,12.78,0.819,28.52,0.518,1,2.15433
Bus,6.179,1,18.28,0.236,37.24,0.764,0,0.62165
Bus,6.416,1,13.26,0.391,11.62,0.999,0,0.91527
Walking,29.32,1,132.56,0.323,10.64,0.656,1,0.00292
Metro,2.487,1,121.54,0.195,28.77,0.77,0,0.09163
Car,18.609,2,2.0,0.722,27.34,0.07,1,2.11373
Metro,6.689,1,114.75,0.604,21.48,0.539,1,0.2789
Bus,8.697,1,13.11,0.923,26.73,0.358,1,1.30596
Walking,10.684,1,130.66,0.7,33.83,0.325,0,0.0
Metro,1.991,1,124.12,0.705,14.73,0.365,0,0.07577
Car,3.181,3,3.0,0.99,13.79,0.392,0,0.24948
Walking,4.093,1,117.63,0.767,28.85,0.153,0,0.00665
Car,10.292,4,4.0,0.392,24.87,0.39,0,0.54408
Metro,26.565,1,123.42,0.424,22.5,0.601,0,1.10879
Walking,3.575,1,115.97,0.017,23.64,0.429,1,0.0
Motorcycle,9.529,1,119.13,0.719,12.15,0.343,0,1.13595
Metro,17.487,1,113.44,0.819,18.99,0.664,1,0.72897
Metro,12.447,1,129.59,0.801,36.11,0.52,1,0.4612
Bus,19.601,1,18.97,0.642,35.72,0.152,1,1.89431
Metro,15.525,1,128.26,0.542,11.1,0.898,0,0.60516
Bus,28.29,1,24.99,0.715,13.6,0.981,1,2.17444
Car,8.848,4,4.0,0.07,12.43,0.466,1,0.4461
Walking,5.146,1,136.84,0.289,26.65,0.951,1,0.0
Motorcycle,8.424,1,120.56,0.304,34.29,0.93,0,1.04253
Metro,12.854,1,124.6,0.147,13.48,0.654,0,0.47927
Car,9.728,2,2.0,0.146,17.69,0.537,0,0.9893
Metro,10.348,1,112.8,0.52,29.0,0.412,1,0.48961
Bus,8.335,1,14.62,0.675,35.93,0.497,0,1.0493
Bicycle,4.501,1,116.3,0.721,25.47,0.709,0,0.00751
Metro,31.907,1,120.5,0.876,28.29,0.5,0,1.27313
Metro,5.273,1,123.31,0.683,17.38,0.97,0,0.21203
Bus,50.291,1,13.23,0.86,26.84,0.523,1,7.1932
Bus,15.964,1,18.16,0.76,10.74,0.052,1,1.6486
Bicycle,10.696,1,118.85,0.418,24.06,0.459,1,0.00918
Bus,3.392,1,14.8,0.047,14.3,0.869,1,0.3756
Walking,9.213,1,126.32,0.944,29.93,0.531,0,0.0
Bicycle,4.729,1,117.52,0.628,16.06,0.547,0,0.00182
Car,2.763,5,5.0,0.716,16.63,0.629,0,0.12376
Metro,0.5,1,118.99,0.154,23.63,0.879,1,0.02302
Bus,10.122,1,26.53,0.656,20.53,0.914,1,0.74065
Bus,3.561,1,25.21,0.844,25.99,0.468,1,0.28782
Walking,8.809,1,103.73,0.397,15.42,0.588,1,0.00366
Car,4.188,2,2.0,0.691,19.04,0.087,1,0.43412
Car,11.096,1,1.0,0.62,23.45,0.946,1,2.53548
Car,18.985,5,5.0,0.156,37.65,0.234,0,0.79261
Walking,4.721,1,107.64,0.428,38.15,0.238,1,0.0
Motorcycle,6.486,1,126.27,0.622,39.69,0.897,1,0.77069
Bicycle,7.739,1,116.66,0.191,14.62,0.012,0,0.00731
Motorcycle,3.384,1,121.68,0.254,33.5,0.422,0,0.38031
Walking,5.449,1,127.67,0.586,32.52,0.753,0,0.0
Bus,10.506,1,8.5,0.376,16.7,0.375,1,2.20089
Bicycle,3.719,1,116.13,0.396,38.05,0.726,1,0.0
Walking,12.586,1,121.73,0.781,37.45,0.949,0,0.00083
Walking,11.371,1,120.82,0.178,18.86,0.298,1,0.0
Car,5.398,1,1.0,0.651,36.68,0.998,1,1.24584
Bus,4.466,1,6.81,0.715,25.12,0.097,1,1.19226
Car,6.625,2,2.0,0.432,16.78,0.48,1,0.70541
Bus,3.907,1,7.61,0.279,35.09,0.691,1,0.87235
Bicycle,10.333,1,124.26,0.796,13.99,0.808,1,0.0
Walking,4.651,1,122.09,0.288,13.49,0.247,0,0.0092
Car,2.695,4,4.0,0.032,27.91,0.689,0,0.12535
Metro,14.42,1,130.44,0.646,12.52,0.81,1,0.53975
Metro,14.983,1,120.68,0.215,10.0,0.258,1,0.57245
Bus,8.297,1,16.07,0.391,16.94,0.218,1,0.88549
Bicycle,4.482,1,113.7,0.047,31.13,0.507,0,0.0
Walking,10.925,1,121.03,0.702,25.28,0.747,1,0.0
Metro,4.728,1,116.72,0.551,38.16,0.24,0,0.19439
Metro,17.631,1,120.74,0.163,15.41,0.559,0,0.69689
Bus,8.636,1,14.6,0.542,35.63,0.664,0,1.06327
Motorcycle,17.771,1,113.01,0.758,35.44,0.2,0,2.10937
Car,14.823,5,5.0,0.506,38.1,0.409,1,0.6364
Motorcycle,19.929,1,118.18,0.34,32.38,0.94,0,2.25249
Metro,6.451,1,130.51,0.464,30.38,0.914,0,0.24377
Car,1.167,2,2.0,0.422,39.38,0.279,0,0.11699
Bus,17.429,1,17.9,0.636,19.88,0.06,0,1.76816
Bus,13.282,1,35.54,0.783,20.98,0.632,1,0.69312
Bicycle,11.718,1,121.12,0.738,37.36,0.919,1,0.0
Car,10.388,3,3.0,0.314,35.44,0.684,1,0.76874
Walking,15.951,1,113.41,0.557,24.31,0.276,0,0.00901
Metro,12.751,1,124.38,0.94,27.51,0.52,1,0.50114
Bicycle,23.409,1,108.84,0.953,23.18,0.097,0,0.00908
Bicycle,14.244,1,108.92,0.569,25.49,0.324,0,0.00307
Bus,11.721,1,21.09,0.192,22.81,0.133,0,0.93912
Bus,15.932,1,22.51,0.2,31.91,0.948,0,1.27568
Motorcycle,4.75,1,114.97,0.199,23.34,0.068,1,0.52319
Motorcycle,8.623,1,114.82,0.141,28.21,0.308,0,0.94873
Bus,13.56,1,12.36,0.979,19.48,0.035,0,2.09001
Car,4.884,1,1.0,0.296,14.38,0.641,0,1.05365
Motorcycle,2.265,1,120.89,0.807,30.75,0.751,1,0.27622
Bicycle,8.956,1,114.37,0.67,21.46,0.829,0,0.0
Motorcycle,25.453,1,121.43,0.231,29.69,0.513,1,2.84374
Car,11.599,2,2.0,0.233,18.85,0.095,0,1.16507
Bicycle,3.534,1,134.48,0.664,23.08,0.649,1,0.0
Metro,26.492,1,123.88,0.994,19.42,0.945,0,1.00492
Bicycle,11.5,1,109.83,0.581,35.31,0.079,1,0.01985
Walking,4.536,1,125.08,0.131,27.23,0.148,0,0.0
Car,46.533,4,4.0,0.382,22.16,0.817,1,2.57502
Metro,7.147,1,120.17,0.107,19.78,0.603,0,0.28285
Car,9.211,2,2.0,0.469,11.57,0.331,0,0.99611
Motorcycle,8.674,1,109.93,0.584,25.14,0.599,0,1.01263
Bus,12.348,1,19.29,0.654,14.44,0.495,1,1.19325
Walking,10.704,1,127.25,0.559,29.1,0.932,0,0.0
Metro,8.388,1,133.72,0.928,37.62,0.949,0,0.30637
Metro,8.696,1,118.55,0.207,21.12,0.953,1,0.34686
Bicycle,8.354,1,115.74,0.065,29.28,0.657,0,0.01058
Bus,12.967,1,18.74,0.374,25.47,0.049,1,1.20171
Walking,10.027,1,126.92,0.501,39.9,0.567,0,0.0
Metro,3.924,1,115.5,0.427,33.91,0.042,1,0.18748
Bicycle,21.224,1,120.84,0.038,12.32,0.785,1,0.00855
Motorcycle,10.782,1,117.64,0.614,36.47,0.265,1,1.25615
Bus,13.729,1,8.39,0.024,33.25,0.363,0,2.66724
Walking,18.38,1,129.19,0.104,30.62,0.319,1,0.0236
Metro,35.928,1,130.72,0.893,23.59,0.708,1,1.30076
Motorcycle,1.118,1,127.89,0.27,27.54,0.79,0,0.15641
Car,2.804,2,2.0,0.954,14.43,0.889,0,0.3242
Bicycle,4.303,1,120.8,0.286,18.69,0.927,1,0.00886
Car,9.703,5,5.0,0.634,26.7,0.924,0,0.4329
Motorcycle,2.082,1,120.72,0.061,12.31,0.597,0,0.21754
Bus,31.664,1,34.95,0.276,19.7,0.323,1,1.54991
Bicycle,7.452,1,111.4,0.829,25.42,0.475,0,0.0
Bicycle,10.827,1,121.01,0.129,17.2,0.535,1,0.00579
Bicycle,8.634,1,112.16,0.845,14.49,0.614,0,0.00163
Motorcycle,26.79,1,130.79,0.201,11.68,0.369,1,2.91814
Motorcycle,5.315,1,122.55,0.07,30.1,0.5,0,0.56786
Car,20.062,5,5.0,0.75,28.24,0.394,0,0.89674
Bicycle,13.722,1,130.37,0.474,22.72,0.39,0,0.0
Motorcycle,10.451,1,111.98,0.84,26.33,0.386,0,1.2739
Bicycle,1.616,1,128.19,0.585,22.76,0.758,1,0.0
Bus,11.556,1,12.56,0.689,23.47,0.389,0,1.70194
Motorcycle,5.067,1,129.12,0.108,12.02,0.367,0,0.57636
Bus,16.361,1,32.95,0.119,13.85,0.005,1,0.80671
Bicycle,2.658,1,106.22,0.976,24.05,0.108,1,0.01737
Bicycle,7.761,1,130.27,0.978,12.19,0.15,0,0.0
Bicycle,11.098,1,105.45,0.026,26.99,0.401,0,0.0
Metro,6.331,1,110.88,0.35,10.07,0.781,1,0.2774
Bicycle,10.224,1,122.65,0.553,17.3,0.016,1,0.01163
Walking,8.81,1,131.77,0.438,22.83,0.282,1,0.00676
Metro,21.107,1,120.6,0.862,34.84,0.351,0,0.9055
Bicycle,9.701,1,115.66,0.058,15.25,0.782,0,0.00435
Bus,13.034,1,6.33,0.363,32.36,0.858,0,3.64277
Bus,10.338,1,7.5,0.053,11.94,0.105,0,2.22016
Walking,16.987,1,120.64,0.184,26.22,0.385,1,0.0
Walking,3.887,1,119.08,0.563,13.73,0.654,0,0.0
Bicycle,8.365,1,124.42,0.11,16.25,0.298,1,0.0
Bicycle,9.873,1,120.03,0.404,10.79,0.964,0,0.00175
Car,2.28,2,2.0,0.397,29.75,0.909,1,0.26085
Bus,20.167,1,22.06,0.023,16.17,0.828,0,1.52146
Car,9.897,2,2.0,0.303,24.01,0.228,1,0.9997
Walking,32.241,1,119.6,0.118,25.01,0.354,0,0.00274
Motorcycle,3.828,1,113.18,0.183,27.88,0.27,1,0.43675
Motorcycle,4.529,1,123.7,0.978,15.49,0.354,1,0.56968
Bus,25.016,1,18.92,0.409,34.84,0.0,1,2.28459
Metro,13.695,1,118.48,0.892,26.09,0.904,0,0.53346
Bicycle,27.222,1,124.88,0.188,38.09,0.58,0,0.0
Metro,16.468,1,124.86,0.214,27.47,0.355,1,0.63006
Metro,6.08,1,111.91,0.551,30.18,0.653,0,0.25098
Bicycle,22.057,1,109.62,0.115,13.94,0.313,1,0.0
Walking,15.199,1,127.0,0.229,36.41,0.139,0,0.0
Bicycle,6.061,1,129.29,0.016,23.95,0.697,0,0.0
Car,5.507,5,5.0,0.339,15.95,0.511,0,0.23126
Bicycle,6.023,1,122.45,0.623,36.79,0.222,0,0.00855
Walking,13.707,1,119.17,0.311,10.11,0.997,1,0.0
Motorcycle,13.297,1,112.73,0.568,39.99,0.767,1,1.60495
Bus,26.826,1,18.47,0.435,16.84,0.514,1,2.57685
Bicycle,12.924,1,121.16,0.62,16.17,0.943,1,0.0
Metro,8.817,1,126.34,0.013,33.34,0.175,0,0.354
Bicycle,16.246,1,125.71,0.197,10.67,0.778,0,0.0
Motorcycle,3.451,1,120.32,0.066,25.3,0.26,1,0.35563
Bus,5.528,1,17.12,0.113,36.0,0.701,0,0.53333
Walking,7.489,1,126.83,0.157,35.44,0.828,0,0.00274
Motorcycle,1.995,1,117.95,0.732,32.09,0.804,1,0.239
Bus,5.214,1,29.94,0.169,10.72,0.3,0,0.27699
Metro,4.033,1,115.31,0.674,29.03,0.027,0,0.16989
Bicycle,5.025,1,118.35,0.206,32.28,0.793,0,0.01871
Motorcycle,3.845,1,116.22,0.659,22.94,0.248,0,0.44668
Walking,4.228,1,131.2,0.773,13.18,0.065,0,0.00347
Car,12.322,1,1.0,0.212,16.76,0.466,0,2.46918
Bus,17.672,1,22.78,0.607,13.49,0.198,1,1.46945
Bicycle,14.872,1,110.84,0.299,36.43,0.397,1,0.0
Motorcycle,10.483,1,133.01,0.527,23.55,0.343,0,1.18518
Walking,18.255,1,107.65,0.436,20.45,0.68,1,0.0
Bicycle,3.339,1,123.31,0.118,33.36,0.105,0,0.00146
Bus,7.761,1,17.86,0.885,11.86,0.414,1,0.86617
Metro,7.699,1,123.82,0.135,33.88,0.584,0,0.31354
Bus,8.251,1,26.62,0.209,32.13,0.147,1,0.51869
Motorcycle,27.315,1,120.15,0.446,27.78,0.454,0,3.15626
Metro,22.795,1,124.58,0.264,14.44,0.394,1,0.89201
Walking,11.395,1,132.58,0.188,33.34,0.823,1,0.01974
Bus,4.394,1,20.89,0.095,31.21,0.829,1,0.35216
Motorcycle,23.825,1,115.81,0.134,33.46,0.272,0,2.45166
Bicycle,21.823,1,119.62,0.201,35.51,0.34,1,0.00588
Car,4.605,5,5.0,0.541,16.71,0.262,1,0.20938
Metro,33.913,1,113.15,0.786,12.24,0.203,1,1.48524
Car,20.264,3,3.0,0.903,17.89,0.901,0,1.68064
Car,16.948,4,4.0,0.804,39.53,0.297,0,0.92469
Motorcycle,11.895,1,126.79,0.968,37.82,0.118,0,1.48531
Car,27.047,5,5.0,0.022,12.05,0.794,0,1.07377
Bus,21.489,1,14.3,0.387,36.13,0.331,0,2.58829
Car,14.264,5,5.0,0.411,39.55,0.858,1,0.63342
Motorcycle,6.782,1,121.28,0.523,38.98,0.472,0,0.80684
Walking,11.08,1,115.05,0.643,13.75,0.796,1,0.02539
Walking,8.248,1,97.12,0.618,11.58,0.423,0,0.0
Car,13.981,1,1.0,0.969,21.86,0.299,1,3.33999
Walking,1.209,1,117.09,0.082,39.81,0.009,1,0.0
Bicycle,18.219,1,143.67,0.047,28.44,0.717,1,0.00232
Motorcycle,17.222,1,126.7,0.943,12.99,0.752,0,2.19877
Motorcycle,11.647,1,121.35,0.131,32.17,0.406,0,1.34208
Car,12.011,4,4.0,0.098,23.74,0.797,1,0.60915
Car,10.823,1,1.0,0.185,38.62,0.483,1,2.1308
Metro,1.792,1,114.46,0.412,33.46,0.304,1,0.06444
Metro,10.276,1,119.8,0.925,16.25,0.196,0,0.4051
Metro,2.019,1,112.31,0.064,15.32,0.149,0,0.11066
Car,2.047,5,5.0,0.323,21.79,0.316,1,0.08622
Metro,1.057,1,131.8,0.331,14.81,0.347,1,0.02029
Car,20.522,1,1.0,0.095,25.65,0.123,0,3.94565
Bicycle,21.745,1,115.22,0.201,28.01,0.98,1,0.00517
Bus,7.765,1,18.29,0.613,12.66,0.525,0,0.76385
Motorcycle,1.879,1,123.41,0.018,37.15,0.616,0,0.20521
Bus,9.88,1,25.72,0.511,21.13,0.946,0,0.69998
Metro,4.206,1,139.44,0.553,36.26,0.86,1,0.15715
Bus,17.59,1,14.58,0.891,12.79,0.287,0,2.34674
Walking,6.487,1,123.27,0.456,25.59,0.274,0,0.00576
Motorcycle,26.11,1,120.18,0.336,20.55,0.951,1,3.07482
Bus,12.313,1,35.32,0.434,35.28,0.161,0,0.60915
Metro,6.682,1,120.73,0.839,31.1,0.561,1,0.27466
Motorcycle,10.0,1,115.38,0.262,29.13,0.249,1,1.08439
Metro,8.55,1,130.18,0.317,33.15,0.115,0,0.3164
Metro,8.86,1,122.56,0.609,38.88,0.091,1,0.3709
Bicycle,12.925,1,122.86,0.502,35.15,0.263,0,0.0
Bicycle,14.76,1,126.22,0.095,30.33,0.342,1,0.00164
Metro,9.263,1,114.29,0.427,35.2,0.738,0,0.3922
Bicycle,6.851,1,109.99,0.598,31.61,0.611,1,0.01559
Bicycle,9.081,1,119.81,0.245,24.76,0.487,1,0.01708
Motorcycle,14.834,1,122.63,0.317,25.24,0.862,0,1.7623
Bus,17.122,1,14.6,0.125,28.34,0.827,1,2.04294
Car,2.227,3,3.0,0.896,25.75,0.277,1,0.16497
Walking,7.159,1,127.29,0.195,24.36,0.352,0,0.00029
Car,6.533,3,3.0,0.919,36.78,0.887,1,0.5257
Bus,10.581,1,32.69,0.391,26.77,0.334,0,0.56182
Bicycle,9.474,1,122.81,0.412,23.48,0.456,1,0.0
Bus,12.209,1,6.2,1.0,28.84,0.066,0,3.71228
Metro,5.274,1,120.3,0.43,39.88,0.667,0,0.21169
Metro,13.94,1,133.31,0.848,26.61,0.582,1,0.51284
Bus,8.924,1,25.64,0.693,36.79,0.769,0,0.63275
Bus,7.58,1,24.51,0.808,10.69,0.948,1,0.5976
Bus,14.055,1,25.23,0.974,28.87,0.227,0,1.08038
Bus,12.569,1,27.13,0.876,24.51,0.841,1,0.93358
Walking,20.332,1,114.49,0.82,18.86,0.024,0,0.0
Bus,5.381,1,26.91,0.972,37.27,0.6,0,0.39051
Motorcycle,18.895,1,119.82,0.059,39.95,0.838,1,1.98209
Motorcycle,10.179,1,134.83,0.381,17.34,0.275,1,1.0764
Bus,27.98,1,29.06,0.677,17.26,0.039,1,1.83827
Bicycle,6.876,1,120.8,0.894,23.44,0.787,1,0.00459
Walking,8.979,1,121.99,0.367,34.62,0.702,0,0.00405
Motorcycle,9.832,1,106.55,0.522,31.89,0.731,0,1.16548
Bicycle,12.584,1,108.6,0.583,30.59,0.912,1,0.02105
Motorcycle,5.679,1,128.51,0.723,35.89,0.815,0,0.7417
Motorcycle,5.542,1,123.36,0.303,35.08,0.951,1,0.64428
Bicycle,22.973,1,119.82,0.123,13.18,0.153,1,0.0003
Motorcycle,10.921,1,102.79,0.96,32.69,0.646,1,1.35724
Bicycle,20.497,1,115.03,0.461,21.85,0.271,1,0.0
Bus,22.697,1,10.64,0.34,21.29,0.707,0,3.79451
Motorcycle,24.512,1,129.62,0.495,27.23,0.933,1,2.94867
Metro,10.007,1,122.08,0.925,25.87,0.092,0,0.41094
Motorcycle,14.441,1,128.17,0.769,16.67,0.385,0,1.81292
Bicycle,6.247,1,103.18,0.403,11.89,0.859,1,0.0
Car,8.391,1,1.0,0.4,26.4,0.641,0,1.82906
Bicycle,2.167,1,124.26,0.865,38.73,0.847,0,0.00997
Motorcycle,55.636,1,102.42,0.251,33.78,0.506,1,6.34229
Walking,5.885,1,118.4,0.366,37.41,0.648,1,0.0057
Metro,21.152,1,110.91,0.404,33.41,0.744,0,0.98244
Bus,6.235,1,2.0,0.702,13.06,0.367,1,5.65204
Metro,5.303,1,134.64,0.265,28.48,0.557,1,0.2087
Motorcycle,8.261,1,132.3,0.081,24.62,0.838,0,0.87794
Bicycle,17.582,1,115.61,0.437,32.14,0.836,0,0.0
Car,13.328,4,4.0,0.9,33.33,0.19,0,0.77733
Motorcycle,20.074,1,124.81,0.874,31.82,0.882,0,2.56249
Car,3.831,5,5.0,0.794,25.6,0.087,0,0.17307
Metro,14.617,1,115.06,0.735,10.41,0.428,0,0.65599
Motorcycle,15.269,1,108.56,0.014,19.77,0.775,1,1.46093
Bicycle,18.978,1,127.91,0.197,23.37,0.945,1,0.0
Bus,9.131,1,20.43,0.82,17.11,0.329,1,0.80734
Bicycle,11.567,1,116.02,0.739,17.06,0.708,1,0.00106
Car,19.623,5,5.0,0.458,22.41,0.842,1,0.90528
Metro,17.55,1,113.09,0.621,34.97,0.845,0,0.7772
Metro,12.692,1,118.85,0.996,22.11,0.717,1,0.53768
Bicycle,9.333,1,127.14,0.18,32.34,0.698,1,0.00388
Metro,17.256,1,110.98,0.372,36.5,0.416,0,0.76898
Metro,9.565,1,136.1,0.561,38.72,0.657,0,0.34285
Metro,5.058,1,118.58,0.988,22.69,0.371,1,0.2141
Car,8.133,5,5.0,0.084,28.48,0.72,1,0.34878
Metro,7.689,1,104.37,0.336,23.79,0.636,1,0.33998
Motorcycle,23.192,1,108.65,0.619,12.32,0.034,0,2.60311
Bus,7.23,1,28.32,0.428,28.01,0.302,0,0.45921
Car,12.481,2,2.0,0.011,36.59,0.977,0,1.27881
Walking,10.217,1,114.74,0.933,33.29,0.145,1,0.00019
Walking,4.566,1,121.9,0.968,27.16,0.259,1,2e-05
Bicycle,13.246,1,122.41,0.639,20.27,0.926,1,0.00763
Car,3.911,1,1.0,0.905,24.73,0.554,1,0.93062
Bicycle,2.773,1,118.22,0.535,22.22,0.334,1,0.00484
Metro,6.744,1,117.95,0.738,16.58,0.657,1,0.28211
Bicycle,4.278,1,123.84,0.898,32.15,0.929,0,0.0
Bicycle,10.637,1,130.37,0.348,10.04,0.094,0,0.00309
Walking,2.042,1,136.61,0.413,16.26,0.923,0,0.0
Bicycle,4.695,1,103.16,0.109,13.75,0.399,0,0.01021
Walking,14.833,1,120.13,0.045,33.21,0.147,0,0.01204
Walking,25.469,1,116.5,0.126,15.09,0.614,0,0.0
Metro,6.612,1,111.17,0.794,37.34,0.081,1,0.28261
Bus,25.121,1,15.33,0.572,20.99,0.666,1,3.1479
Walking,10.652,1,115.6,0.131,16.01,0.301,1,0.0
Motorcycle,12.783,1,123.6,0.403,33.91,0.45,0,1.48823
Walking,6.424,1,115.58,0.853,18.22,0.501,0,0.0
Bus,6.322,1,24.18,0.766,31.15,0.884,0,0.51046
Walking,11.519,1,97.35,0.473,37.3,0.103,0,0.0
Car,8.549,3,3.0,0.671,33.19,0.067,1,0.61901
Metro,18.923,1,122.31,0.633,26.57,0.608,0,0.74919
Metro,22.576,1,131.47,0.301,15.8,0.801,0,0.84586
Walking,7.027,1,127.53,0.154,16.35,0.096,1,0.00343
Metro,5.987,1,126.51,0.985,38.6,0.779,1,0.24539
Bicycle,19.584,1,125.42,0.554,25.08,0.038,0,0.00488
Car,5.456,1,1.0,0.813,28.41,0.674,0,1.27975
Bus,8.561,1,19.46,0.93,39.94,0.783,1,0.83742
Car,8.006,3,3.0,0.269,39.54,0.98,1,0.52667
Motorcycle,24.704,1,139.49,0.648,12.24,0.104,1,2.86042
Motorcycle,5.173,1,116.61,0.789,19.21,0.731,0,0.64594
Motorcycle,6.156,1,132.28,0.774,37.46,0.137,0,0.71532
Metro,13.823,1,105.69,0.721,36.08,0.559,0,0.64862
Walking,2.847,1,116.25,0.736,39.28,0.012,0,0.0
Motorcycle,12.45,1,115.55,0.359,31.35,0.407,1,1.45573
Car,8.342,2,2.0,0.986,15.59,0.762,1,1.01041
Car,5.377,4,4.0,0.046,35.15,0.815,1,0.27004
Car,34.646,1,1.0,0.881,29.27,0.72,0,8.25575
Bus,11.344,1,13.77,0.837,36.8,0.651,1,1.55951
Bicycle,17.445,1,105.82,0.111,39.8,0.332,0,0.01624
Bicycle,8.772,1,122.8,0.512,10.46,0.483,0,0.0
Walking,2.36,1,117.01,0.195,26.18,0.461,1,0.00819
Motorcycle,5.786,1,120.36,0.636,35.93,0.788,0,0.73264
Bus,9.747,1,2.0,0.584,32.97,0.872,1,9.22922
Bus,18.267,1,16.88,0.701,15.44,0.833,0,2.00814
Car,16.844,3,3.0,0.589,10.5,0.199,1,1.17899
Car,21.567,4,4.0,0.179,28.05,0.917,1,1.1051
Motorcycle,6.621,1,108.7,0.034,20.01,0.878,1,0.69658
Motorcycle,35.717,1,113.41,0.532,13.36,0.949,1,3.9433
Bus,1.697,1,8.93,0.674,18.22,0.746,1,0.35991
Bicycle,5.144,1,118.89,0.773,26.34,0.939,0,0.00519
Bicycle,4.16,1,121.09,0.191,18.23,0.364,0,0.0
Bus,13.504,1,16.8,0.033,22.68,0.378,1,1.3229
Bus,22.189,1,19.05,0.192,19.59,0.277,0,1.93203
Bus,4.583,1,23.46,0.766,17.45,0.918,0,0.38029
Walking,1.138,1,114.06,0.112,22.47,0.864,1,0.0
Car,5.436,3,3.0,0.78,36.64,0.844,0,0.42412
Bus,2.176,1,26.77,0.602,11.74,0.677,1,0.14354
Motorcycle,32.12,1,119.04,0.006,27.31,0.007,1,3.30432
Walking,30.763,1,111.62,0.451,32.76,0.943,0,0.0
Metro,16.376,1,120.37,0.909,24.4,0.765,1,0.68249
Walking,25.135,1,122.76,0.565,36.19,0.233,0,0.0
Walking,21.408,1,115.26,0.049,11.96,0.415,1,0.00818
Bus,14.937,1,30.51,0.44,17.41,0.138,1,0.90414
Metro,19.442,1,112.28,0.612,28.44,0.213,1,0.85991
Motorcycle,2.222,1,127.96,0.152,14.55,0.127,1,0.237
Bus,5.54,1,13.11,0.935,36.07,0.576,0,0.80286
Bus,9.13,1,9.78,0.766,10.31,0.765,1,1.86448
Car,14.074,1,1.0,0.821,35.54,0.458,1,3.45199
Bus,6.013,1,23.68,0.874,11.83,0.111,0,0.489
Motorcycle,14.62,1,123.84,0.373,20.44,0.643,1,1.68882
Motorcycle,7.652,1,120.8,0.407,28.41,0.403,0,0.85732
Walking,8.124,1,114.07,0.467,24.19,0.771,0,0.0
Car,15.76,2,2.0,0.47,34.28,0.458,1,1.72295
Bus,3.394,1,32.25,0.902,10.81,0.522,1,0.20166
Car,15.946,1,1.0,0.649,15.35,0.797,1,3.56428
Motorcycle,30.52,1,126.69,0.758,31.17,0.457,0,3.63272
Walking,2.309,1,113.01,0.877,18.5,0.235,1,0.0
Walking,6.05,1,128.02,0.773,20.57,0.799,0,0.01016
Motorcycle,4.68,1,116.49,0.089,32.49,0.362,1,0.48271
Motorcycle,6.28,1,112.92,0.929,29.26,0.861,1,0.79282
Bicycle,1.575,1,134.02,0.91,14.41,0.182,1,0.00571
Motorcycle,4.585,1,125.29,0.348,13.08,0.302,1,0.4939
Metro,4.359,1,117.95,0.432,23.25,0.153,0,0.18696
Bus,9.013,1,16.41,0.38,35.93,0.032,1,0.8833
Walking,14.026,1,116.5,0.816,31.23,0.254,1,0.0
Motorcycle,22.259,1,112.79,0.178,16.44,0.846,1,2.48909
Bicycle,13.432,1,116.41,0.408,34.67,0.1,1,0.00248
Car,12.218,3,3.0,0.339,29.78,0.98,0,0.85054
Walking,8.78,1,135.06,0.87,34.07,0.819,1,0.01044
Walking,17.402,1,124.4,0.176,25.09,0.646,1,0.00684
Bicycle,11.917,1,117.39,0.888,15.22,0.625,0,3e-05
Metro,1.932,1,120.13,0.09,21.0,0.547,1,0.08124
Motorcycle,18.22,1,121.56,0.769,15.5,0.528,0,2.22728
Motorcycle,25.838,1,123.05,0.957,31.35,0.607,1,3.4906
Bicycle,9.661,1,102.73,0.024,22.83,0.652,0,0.01798
Bus,14.994,1,9.82,0.367,39.71,0.913,1,2.73235
Car,6.854,4,4.0,0.418,18.19,0.569,0,0.37209
Motorcycle,2.683,1,125.69,0.185,15.26,0.421,1,0.28854
Bicycle,14.378,1,115.82,0.564,11.69,0.25,0,0.00057
Bus,20.949,1,25.67,0.45,20.84,0.106,0,1.39174
Bus,5.606,1,25.76,0.981,35.08,0.214,1,0.44175
Bicycle,14.252,1,119.53,0.147,13.55,0.25,1,0.0
Motorcycle,10.805,1,111.4,0.65,13.25,0.668,0,1.32697
Bicycle,9.798,1,126.0,0.893,18.06,0.043,1,0.0
Motorcycle,19.271,1,115.72,0.6,39.34,0.464,0,2.24594
Walking,3.209,1,131.7,0.328,19.78,0.303,1,0.0
Bicycle,3.339,1,118.84,0.59,12.94,0.371,1,0.01391
Walking,7.575,1,112.72,0.75,32.56,0.239,1,0.02294
Car,10.768,4,4.0,0.436,33.21,0.001,1,0.57648
Metro,12.07,1,119.92,0.542,19.45,0.313,1,0.49612
Bicycle,9.124,1,119.13,0.26,25.19,0.039,0,0.00828
Walking,30.352,1,125.33,0.604,34.03,0.09,0,0.00332
Walking,6.269,1,116.12,0.582,13.6,0.754,1,0.0082
Car,18.047,1,1.0,0.198,15.09,0.306,0,3.71317
Motorcycle,11.252,1,118.14,0.365,13.3,0.027,0,1.20305
Walking,10.382,1,110.79,0.621,36.46,0.184,0,0.0
Bicycle,2.969,1,127.62,0.947,34.45,0.212,1,0.01012
Bus,6.318,1,20.28,0.724,12.76,0.725,1,0.59216
Car,22.004,5,5.0,0.196,12.36,0.98,0,0.94915
Car,6.983,2,2.0,0.672,21.96,0.835,0,0.79402
Car,19.236,2,2.0,0.364,32.09,0.416,1,2.04284
Metro,4.103,1,112.56,0.608,19.81,0.076,1,0.16942
Walking,7.807,1,126.47,0.266,35.29,0.683,0,0.0
Car,3.535,2,2.0,0.205,36.99,0.573,1,0.34806
Car,7.243,5,5.0,0.517,38.78,0.424,0,0.30113
Bus,7.823,1,11.74,0.894,32.07,0.096,1,1.26747
Bus,21.251,1,13.06,0.841,24.32,0.669,0,3.26325
Walking,9.691,1,126.24,0.297,18.94,0.875,0,0.0
Car,6.103,2,2.0,0.953,11.09,0.353,0,0.75038
Walking,12.497,1,123.8,0.106,27.41,0.223,0,0.01107
Metro,1.071,1,120.69,0.854,26.63,0.215,1,0.04577
Car,9.493,5,5.0,0.268,18.78,0.386,0,0.37908
Car,7.595,3,3.0,0.17,20.76,0.146,0,0.5274
Bicycle,16.509,1,131.63,0.141,22.88,0.829,1,0.0
Car,13.563,1,1.0,0.543,10.45,0.509,1,2.96829
Bus,5.09,1,19.56,0.791,29.9,0.929,1,0.49458
Bicycle,11.034,1,120.77,0.954,28.47,0.313,1,0.01052
Walking,8.365,1,133.93,0.516,24.38,0.924,0,0.01506
Motorcycle,12.203,1,112.74,0.21,38.44,0.777,0,1.27417
Bus,18.325,1,25.24,0.776,11.63,0.819,0,1.41317
Car,18.838,2,2.0,0.223,22.05,0.655,0,1.95892
Motorcycle,7.276,1,124.44,0.11,19.03,0.097,1,0.74898
Car,10.159,3,3.0,0.826,13.55,0.608,0,0.79282
Bus,2.486,1,19.36,0.414,18.95,0.673,0,0.23036
Bicycle,2.277,1,131.18,0.957,22.5,0.996,1,0.00412
Motorcycle,7.284,1,128.52,0.327,12.57,0.602,1,0.8689
Walking,9.126,1,112.13,0.23,32.52,0.088,1,0.0
Metro,9.979,1,114.92,0.44,33.94,0.509,0,0.43642
Motorcycle,15.521,1,127.17,0.775,13.2,0.519,1,1.96471
Car,4.241,3,3.0,0.228,26.23,0.803,1,0.28005
Bus,33.505,1,10.4,0.699,21.33,0.599,1,6.07743
Walking,8.661,1,110.85,0.056,38.88,0.061,1,0.00441
Car,6.196,4,4.0,0.821,31.64,0.525,1,0.35673
Bus,10.378,1,19.82,0.752,25.25,0.309,1,0.96147
Walking,4.194,1,106.87,0.214,30.83,0.108,0,0.0
Bicycle,3.211,1,120.54,0.798,25.99,0.003,1,0.02435
Metro,8.567,1,115.67,0.349,30.66,0.667,0,0.34624
Motorcycle,5.26,1,113.08,0.424,17.17,0.52,1,0.59
Motorcycle,8.268,1,121.22,0.032,28.32,0.75,1,0.92996
Walking,22.983,1,118.03,0.407,19.05,0.741,0,0.00892
Car,25.349,4,4.0,0.325,29.09,0.524,1,1.34025
Bus,10.548,1,23.93,0.245,22.92,0.387,1,0.74762
Bus,2.282,1,21.83,0.144,25.03,0.785,0,0.19445
Metro,3.739,1,135.07,0.319,11.02,0.608,0,0.11256
Motorcycle,15.501,1,114.83,0.585,37.13,0.642,1,1.82454
Bus,22.066,1,4.01,0.333,34.64,0.063,1,9.40975
Motorcycle,6.811,1,112.3,0.015,32.41,0.733,1,0.73028
Car,14.28,3,3.0,0.126,18.42,0.947,1,0.98691
Motorcycle,5.959,1,123.0,0.438,33.63,0.884,1,0.70883
Bicycle,10.791,1,102.79,0.91,38.06,0.303,0,0.0
Bicycle,24.215,1,128.41,0.308,10.03,0.977,0,0.00554
Bus,2.97,1,11.67,0.1,34.82,0.483,1,0.46452
Bicycle,7.667,1,120.2,0.947,17.01,0.322,1,0.0
Metro,44.799,1,118.84,0.171,30.82,0.837,1,1.96368
Bicycle,6.649,1,110.67,0.555,26.1,0.758,1,0.0
Metro,15.79,1,124.61,0.514,20.67,0.051,0,0.63977
Bicycle,9.073,1,132.79,0.708,18.16,0.299,0,0.00115
Walking,9.086,1,122.7,0.006,35.65,0.473,0,0.01375
Bicycle,10.331,1,128.04,0.458,35.4,0.071,0,0.0
Walking,9.144,1,117.06,0.495,16.46,0.49,1,0.0
Car,15.673,1,1.0,0.889,38.24,0.189,1,3.60231
Bicycle,5.263,1,120.19,0.914,31.55,0.565,1,0.0
Metro,33.376,1,114.09,0.022,11.64,0.198,1,1.45162
Car,3.236,4,4.0,0.093,33.3,0.481,0,0.15979
Bus,16.664,1,22.17,0.517,28.19,0.368,0,1.29853
Metro,9.848,1,114.47,0.8,20.13,0.936,1,0.42699
Metro,28.874,1,119.69,0.948,30.86,0.533,1,1.20585
Metro,3.06,1,131.45,0.313,15.74,0.992,0,0.10775
Walking,9.03,1,118.03,0.968,37.04,0.759,0,0.0
Car,3.527,2,2.0,0.408,39.14,0.654,1,0.39797
Bus,17.212,1,23.9,0.232,38.52,0.1,0,1.19231
Walking,7.824,1,111.11,0.642,33.47,0.032,1,0.00381
Walking,16.412,1,127.97,0.932,12.67,0.954,0,0.02677
Walking,9.614,1,117.91,0.775,34.86,0.179,0,0.01192
Car,2.237,1,1.0,0.319,35.21,0.949,1,0.48293
Bicycle,6.274,1,119.96,0.428,38.29,0.634,1,0.0
Motorcycle,14.324,1,130.61,0.217,14.59,0.899,0,1.57392
Car,3.271,4,4.0,0.863,34.68,0.685,1,0.1905
Bus,9.438,1,5.08,0.956,19.43,0.002,0,3.49208
Motorcycle,20.815,1,124.48,0.645,17.53,0.701,1,2.44524
Motorcycle,9.191,1,108.41,0.764,27.09,0.178,0,1.08228
Metro,15.533,1,126.52,0.651,18.44,0.125,0,0.60355
Bus,28.393,1,15.36,0.235,11.59,0.616,1,3.17582
Motorcycle,4.67,1,113.81,0.627,24.06,0.877,1,0.55028
Bicycle,9.467,1,123.52,0.085,17.87,0.154,1,0.00791
Motorcycle,17.9,1,113.27,0.968,13.24,0.598,1,2.24921
Walking,4.244,1,116.53,0.366,16.81,0.084,1,0.0206
Walking,5.918,1,123.8,0.714,20.58,0.44,1,0.0
Motorcycle,12.167,1,120.43,0.69,31.22,0.996,0,1.45925
Walking,31.901,1,106.65,0.994,34.05,0.999,1,0.00017
Car,6.919,3,3.0,0.11,19.08,0.261,1,0.46935
Walking,17.851,1,111.27,0.961,24.73,0.19,0,0.00953
Motorcycle,11.322,1,110.64,0.901,33.18,0.718,0,1.46071
Bus,28.191,1,24.28,0.896,32.2,0.767,1,2.29165
Bus,5.478,1,28.14,0.347,38.45,0.165,0,0.33125
Bicycle,5.397,1,117.66,0.454,19.61,0.669,1,0.0
Bus,22.852,1,27.36,0.208,31.02,0.696,0,1.45789
Walking,5.812,1,120.72,0.647,18.69,0.25,1,0.0
Walking,15.533,1,125.38,0.393,12.43,0.404,0,0.0
Walking,5.982,1,134.64,0.611,17.63,0.152,0,0.01275
Bicycle,12.804,1,123.68,0.789,37.79,0.023,1,0.0
Bus,2.185,1,15.89,0.296,38.56,0.029,1,0.2246
Motorcycle,18.368,1,116.53,0.391,23.64,0.027,1,2.02408
Walking,16.025,1,132.37,0.871,16.46,0.173,0,0.0
Walking,17.809,1,108.24,0.719,16.54,0.091,0,0.01127
Motorcycle,22.982,1,129.97,0.378,24.59,0.455,0,2.62125
Bicycle,9.163,1,106.74,0.181,17.37,0.624,1,0.0
Car,5.058,4,4.0,0.259,38.01,0.792,1,0.28142
Metro,20.072,1,111.85,0.687,30.48,0.285,0,0.85849
Metro,2.673,1,114.67,0.028,14.14,0.596,1,0.10546
Bicycle,14.728,1,115.17,0.989,33.43,0.481,1,0.0
Motorcycle,9.827,1,112.84,0.247,26.73,0.308,1,1.14733
Bicycle,7.038,1,109.86,0.635,10.0,0.737,1,0.00018
Metro,10.356,1,123.7,0.665,23.12,0.639,0,0.41999
Bicycle,9.539,1,109.47,0.433,23.08,0.984,0,0.00094
Metro,14.577,1,110.24,0.183,22.77,0.984,0,0.69989
Bus,3.324,1,25.35,0.549,36.42,0.869,1,0.24442
Bus,17.343,1,23.31,0.389,34.44,0.173,0,1.24846
Bicycle,22.504,1,122.25,0.62,12.62,0.823,0,0.0
Motorcycle,11.198,1,116.03,0.95,18.38,0.665,0,1.40201
Walking,48.968,1,124.64,0.273,13.77,0.149,1,0.0
Metro,21.988,1,123.53,0.309,24.13,0.727,1,0.84652
Bicycle,8.925,1,120.05,0.34,18.55,0.27,0,0.0
Metro,15.9,1,116.04,0.224,22.18,0.19,0,0.70313
Walking,16.385,1,119.49,0.52,24.06,0.96,0,0.00244
Walking,9.412,1,108.98,0.082,39.92,0.703,1,0.016
Car,4.865,3,3.0,0.654,16.02,0.61,0,0.35316
Car,6.011,2,2.0,0.096,17.76,0.607,0,0.60078
Bicycle,20.02,1,130.49,0.892,25.03,0.101,1,0.0
Metro,18.588,1,133.59,0.04,22.98,0.825,1,0.65767
Motorcycle,12.591,1,116.69,0.893,31.35,0.404,0,1.56995
Motorcycle,9.5,1,134.11,0.313,36.57,0.462,0,1.04949
Metro,8.759,1,122.66,0.277,21.07,0.642,0,0.35012
Walking,12.069,1,122.54,0.301,11.52,0.35,1,0.0
Motorcycle,30.026,1,129.55,0.351,16.05,0.373,0,3.35857
Metro,16.613,1,104.46,0.982,12.16,0.276,0,0.78051
Walking,3.259,1,116.64,0.817,26.74,0.49,1,0.0
Metro,13.522,1,127.19,0.154,32.8,0.663,0,0.54058
Bus,6.624,1,26.84,0.436,14.14,0.987,1,0.46642
Walking,6.731,1,120.21,0.326,13.74,0.126,1,0.0
Motorcycle,4.865,1,115.51,0.169,31.27,0.46,1,0.52104
Walking,10.165,1,116.91,0.226,34.83,0.194,0,0.0
Walking,27.79,1,118.06,0.767,31.87,0.205,0,0.0
Walking,2.324,1,122.08,0.886,20.14,0.255,0,0.00514
Walking,13.983,1,120.78,0.694,39.61,0.36,0,0.00286
Bicycle,7.25,1,109.24,0.513,33.49,0.827,0,0.01315
Car,17.725,4,4.0,0.824,26.99,0.218,0,1.03419
Walking,10.08,1,103.7,0.046,26.47,0.666,0,0.00035
Car,20.501,1,1.0,0.253,35.24,0.172,1,4.16225
Motorcycle,21.673,1,122.54,0.213,26.46,0.115,1,2.3745
Metro,6.95,1,107.55,0.612,27.54,0.538,0,0.29109
Car,18.407,4,4.0,0.814,11.84,0.482,0,1.04325
Metro,2.966,1,113.55,0.574,14.66,0.809,0,0.13601
Walking,8.391,1,118.81,0.4,13.25,0.985,1,0.0
Bus,13.419,1,6.5,0.307,24.48,0.219,0,3.74382
Bus,2.357,1,6.51,0.212,25.95,0.258,1,0.61229
Car,3.936,5,5.0,0.977,30.36,0.159,1,0.18469
Walking,18.527,1,112.93,0.704,14.51,0.907,1,0.01036
Motorcycle,16.148,1,119.04,0.78,35.97,0.013,0,1.95952
Bus,7.844,1,37.8,0.797,25.16,0.885,1,0.38735
Bus,13.619,1,2.0,0.329,15.34,0.845,0,12.68196
Metro,23.214,1,132.74,0.625,13.26,0.96,0,0.84707
Motorcycle,2.761,1,115.83,0.119,29.81,0.359,0,0.3106
Bus,9.796,1,14.34,0.697,23.88,0.689,1,1.28236
Bus,25.881,1,12.48,0.111,10.69,0.015,0,3.35874
Motorcycle,10.862,1,123.23,0.981,34.26,0.147,0,1.36477
Bicycle,3.976,1,115.9,0.641,20.71,0.705,0,0.00974
Bicycle,6.567,1,121.76,0.813,24.72,0.088,1,0.0
Car,15.746,3,3.0,0.437,12.63,0.984,0,1.15318
Motorcycle,12.356,1,106.37,0.648,24.81,0.528,0,1.48847
Walking,20.014,1,121.41,0.92,34.5,0.386,0,0.0
Walking,7.866,1,108.36,0.622,22.29,0.796,1,0.00233
Walking,9.756,1,117.01,0.796,27.49,0.15,1,0.0
Walking,7.05,1,116.69,0.936,21.35,0.079,1,0.0
Car,1.502,2,2.0,0.466,29.31,0.541,0,0.15845
Walking,4.219,1,134.48,0.154,25.91,0.275,0,0.0
Car,22.606,2,2.0,0.394,14.73,0.809,1,2.39069
Bus,20.141,1,25.59,0.104,25.95,0.654,0,1.34668
Bus,4.059,1,30.41,0.846,34.51,0.726,1,0.25976
Metro,20.629,1,108.25,0.103,38.48,0.647,0,0.89956
Metro,8.365,1,113.31,0.604,24.98,0.253,0,0.36749
Metro,35.774,1,119.57,0.32,11.14,0.925,0,1.47075
Walking,12.147,1,122.77,0.998,38.0,0.983,1,0.00983
Car,8.734,5,5.0,0.517,11.16,0.612,0,0.39224
Metro,7.135,1,125.28,0.343,10.84,0.744,0,0.25667
Bus,16.421,1,24.42,0.695,27.17,0.558,1,1.30923
Motorcycle,21.788,1,126.43,0.21,31.75,0.133,0,2.40936
Motorcycle,15.448,1,113.07,0.93,38.08,0.846,1,2.0249
Bus,8.574,1,23.59,0.904,29.85,0.303,1,0.69079
Walking,5.247,1,122.28,0.763,29.54,0.275,0,0.0
Metro,20.927,1,137.39,0.507,22.06,0.345,0,0.77937
Bus,7.581,1,15.85,0.814,14.93,0.255,0,0.8854
Bicycle,7.178,1,125.3,0.053,28.75,0.795,0,0.0
Car,8.728,2,2.0,0.816,34.13,0.888,1,1.00565
Car,26.844,2,2.0,0.573,11.76,0.644,0,2.89436
Bicycle,24.135,1,128.2,0.057,30.1,0.06,1,0.00871
Car,20.577,4,4.0,0.618,18.58,0.533,1,1.11364
Motorcycle,10.783,1,115.76,0.156,19.88,0.357,1,1.25062
Motorcycle,11.422,1,107.06,0.935,23.04,0.133,1,1.41696
Car,2.792,2,2.0,0.439,36.81,0.452,0,0.28689
Motorcycle,31.603,1,117.69,0.754,22.95,0.268,0,3.8289
Metro,3.785,1,115.76,0.818,32.11,0.723,0,0.18029
Metro,8.397,1,123.24,0.896,13.07,0.34,1,0.33176
Car,5.135,4,4.0,0.572,35.53,0.085,0,0.26661
Walking,4.555,1,117.5,0.382,16.83,0.183,0,0.0
Walking,29.446,1,120.13,0.142,14.95,0.474,0,0.00541
Bicycle,7.414,1,112.35,0.886,27.96,0.733,0,0.00272
Bus,8.646,1,18.73,0.969,36.77,0.087,0,0.88085
Walking,15.169,1,117.11,0.95,34.75,0.205,0,0.0
Car,5.587,2,2.0,0.465,27.02,0.723,0,0.59877
Bicycle,5.79,1,123.24,0.02,38.37,0.755,0,0.0
Bus,17.818,1,20.17,0.957,25.24,0.191,1,1.73378
Bicycle,8.764,1,114.39,0.165,39.19,0.624,0,0.00926
Metro,8.449,1,122.94,0.358,28.63,0.036,0,0.34126
Bus,26.668,1,16.0,0.582,35.17,0.746,1,3.20052
Walking,6.662,1,119.66,0.964,14.42,0.145,1,0.0
Bus,6.91,1,14.05,0.698,39.84,0.095,0,0.88824
Car,8.106,2,2.0,0.279,30.8,0.288,1,0.87044
Bus,13.444,1,20.22,0.449,39.48,0.142,0,1.12548
Bicycle,9.999,1,122.74,0.326,10.5,0.17,1,0.01646
Walking,14.632,1,117.25,0.548,12.06,0.79,1,0.0
Bicycle,6.154,1,117.23,0.936,36.76,0.375,1,0.00305
Bus,12.988,1,24.97,0.92,31.57,0.097,0,1.05299
Walking,27.445,1,108.7,0.968,18.43,0.651,0,0.02226
Walking,2.795,1,103.02,0.003,23.12,0.584,1,0.01139
Metro,4.334,1,117.9,0.824,22.58,0.043,1,0.18745
Walking,4.89,1,132.87,0.987,18.71,0.948,1,0.00726
Motorcycle,11.039,1,114.12,0.164,38.34,0.103,1,1.14512
Motorcycle,12.444,1,127.94,0.18,36.23,0.05,0,1.29213
Metro,15.689,1,128.91,0.372,17.11,0.121,1,0.62952
Walking,9.963,1,139.86,0.509,26.46,0.918,0,0.0
Walking,7.481,1,123.7,0.057,31.53,0.7,1,0.02346
Car,16.545,3,3.0,0.718,20.6,0.258,1,1.16963
Bicycle,15.779,1,105.9,0.03,31.8,0.314,0,0.0
Walking,11.915,1,127.92,0.97,13.21,0.136,0,0.00139
Motorcycle,12.372,1,115.98,0.868,27.09,0.245,1,1.52672
Car,9.462,5,5.0,0.654,14.59,0.211,1,0.41285
Walking,15.996,1,107.93,0.776,33.75,0.507,1,0.0
Walking,10.749,1,109.8,0.083,23.01,0.773,0,0.01033
Motorcycle,8.931,1,119.21,0.403,26.37,0.941,0,1.08148
Bicycle,9.822,1,129.9,0.517,12.09,0.712,0,0.0051
Metro,9.626,1,100.91,0.112,29.66,0.82,1,0.47914
Motorcycle,8.036,1,131.46,0.634,36.04,0.994,1,1.01703
Motorcycle,5.261,1,130.7,0.343,30.29,0.621,1,0.62898
Motorcycle,2.618,1,125.36,0.004,18.47,0.779,0,0.28117
Bicycle,25.138,1,121.25,0.125,28.64,0.947,0,0.0
Bus,13.977,1,11.37,0.976,10.17,0.901,1,2.40514
Motorcycle,18.281,1,122.29,0.628,15.82,0.994,0,2.24047
Motorcycle,20.406,1,123.62,0.276,10.77,0.265,1,2.24019
Bus,21.088,1,21.01,0.317,38.79,0.865,1,1.89154
Walking,16.452,1,123.64,0.507,36.71,0.721,0,0.0
Motorcycle,35.043,1,108.85,0.979,13.12,0.272,1,4.47266
Metro,10.053,1,120.36,0.376,19.68,0.22,0,0.41528
Walking,8.961,1,119.83,0.625,14.47,0.568,0,0.0197
Bus,12.451,1,16.84,0.656,23.65,0.146,1,1.36533
Car,13.128,2,2.0,0.614,39.97,0.585,0,1.48326
Motorcycle,10.646,1,114.19,0.205,13.47,0.772,1,1.18423
Metro,8.601,1,117.83,0.471,23.26,0.749,1,0.37293
Bicycle,16.927,1,124.93,0.737,24.63,0.9,0,0.0126
Walking,5.621,1,122.6,0.741,30.58,0.602,1,0.01293
Motorcycle,32.397,1,117.56,0.579,37.07,0.004,1,3.86298
Walking,34.171,1,118.37,0.491,17.36,0.288,1,0.0
Motorcycle,2.196,1,114.92,0.736,38.68,0.006,0,0.26981
Metro,13.779,1,118.03,0.047,26.32,0.562,1,0.57662
Walking,8.827,1,123.0,0.482,10.62,0.581,0,0.0037
Bus,14.767,1,24.19,0.281,35.09,0.495,0,1.10702
Bus,10.105,1,33.42,0.621,31.07,0.801,0,0.55799
Bus,15.801,1,27.52,0.328,10.51,0.948,0,1.00931
Metro,4.532,1,109.58,0.661,12.91,0.809,0,0.20347
Walking,4.731,1,115.64,0.143,20.89,0.781,1,0.00533
Walking,5.428,1,140.03,0.471,29.66,0.744,1,0.0
Walking,40.559,1,133.13,0.16,28.2,0.927,1,0.00397
Motorcycle,10.189,1,127.52,0.779,12.18,0.51,1,1.23645
Motorcycle,7.379,1,128.9,0.455,38.89,0.11,1,0.86382
Metro,11.333,1,108.29,0.786,12.74,0.818,0,0.50116
Bus,6.159,1,17.13,0.569,10.25,0.374,1,0.66422
Walking,21.268,1,128.7,0.403,38.28,0.877,0,0.0
Motorcycle,19.79,1,112.59,0.241,14.39,0.761,0,2.34471
Bicycle,8.052,1,109.47,0.179,19.13,0.348,0,0.0
Motorcycle,5.165,1,118.76,0.134,20.88,0.4,1,0.57068
Bicycle,9.802,1,120.17,0.641,12.81,0.81,0,0.00017
Metro,26.111,1,121.36,0.672,24.1,0.178,1,1.09294
Bicycle,38.893,1,127.27,0.011,28.5,0.41,1,0.01165
Car,13.614,5,5.0,0.169,39.93,0.856,1,0.58962
Car,13.143,2,2.0,0.11,26.71,0.911,0,1.41147
Walking,15.497,1,112.7,0.545,17.11,0.177,0,0.0
Walking,11.167,1,119.75,0.701,22.38,0.035,0,0.0
Bus,2.552,1,13.46,0.919,17.34,0.94,0,0.38824
Car,6.991,1,1.0,0.678,39.13,0.71,1,1.57715
Bus,4.617,1,14.73,0.826,15.37,0.9,0,0.60746
Walking,18.998,1,128.11,0.871,32.46,0.949,0,0.0
Metro,8.836,1,121.12,0.333,22.98,0.798,0,0.35501
Car,3.893,1,1.0,0.735,27.76,0.386,0,0.8822
Motorcycle,28.364,1,121.93,0.738,16.38,0.223,0,3.53512
Walking,8.37,1,115.33,0.482,21.82,0.266,0,0.02658
Metro,14.959,1,118.74,0.509,37.86,0.422,0,0.61186
Motorcycle,4.102,1,122.25,0.245,34.04,0.279,1,0.4496
Bus,21.877,1,29.32,0.795,31.65,0.477,0,1.41669
Walking,17.998,1,111.63,0.404,26.33,0.222,1,0.0076
Bus,4.246,1,13.53,0.511,28.64,0.674,1,0.61684
Car,2.901,3,3.0,0.702,11.17,0.7,1,0.22202
Motorcycle,3.281,1,113.24,0.991,23.74,0.401,0,0.41795
Car,13.931,3,3.0,0.122,30.49,0.466,1,0.93279
Motorcycle,19.616,1,120.74,0.454,29.05,0.922,0,2.37719
Metro,12.612,1,107.22,0.946,17.59,0.409,1,0.57067
Bus,9.187,1,14.61,0.629,25.25,0.933,0,1.21404
Metro,3.658,1,115.02,0.275,26.51,0.908,0,0.16471
Metro,26.284,1,120.9,0.58,19.01,0.067,1,1.04692
Metro,10.881,1,113.22,0.492,16.63,0.391,0,0.46575
Bus,22.873,1,10.26,0.3,14.2,0.685,1,3.90362
Motorcycle,3.196,1,118.23,0.58,34.82,0.426,1,0.35317
Bus,15.167,1,20.98,0.861,36.3,0.476,0,1.42745
Metro,18.052,1,142.38,0.446,21.08,0.665,1,0.65867
Metro,20.269,1,122.98,0.233,23.2,0.5,0,0.80059
Metro,6.951,1,119.31,0.629,34.91,0.02,1,0.30028
Bus,32.638,1,15.15,0.785,25.96,0.75,0,4.07734
Car,20.883,5,5.0,0.528,24.12,0.638,1,0.88087
Motorcycle,2.328,1,131.1,0.641,12.5,0.711,0,0.2703
Walking,11.328,1,116.08,0.599,18.71,0.195,0,0.0
Bicycle,8.874,1,125.45,0.604,13.05,0.094,0,0.0
Car,7.238,3,3.0,0.325,26.13,0.003,0,0.49177
Motorcycle,7.397,1,128.22,0.376,14.23,0.401,0,0.82549
Car,2.449,2,2.0,0.95,14.48,0.769,0,0.30518
Bus,4.751,1,17.45,0.629,29.58,0.754,1,0.51272
Walking,29.745,1,106.37,0.468,22.52,0.502,0,0.0
Bus,1.486,1,13.32,0.928,24.89,0.962,1,0.22313
Bus,14.86,1,19.19,0.413,22.21,0.083,0,1.41794
Walking,4.272,1,117.22,0.391,33.03,0.528,0,0.0
Car,41.17,2,2.0,0.341,26.08,0.24,1,4.28723
Metro,10.418,1,126.05,0.991,16.88,0.67,1,0.39157
Bicycle,29.924,1,123.62,0.395,37.04,0.431,1,0.0
Walking,14.572,1,124.46,0.809,28.66,0.263,1,0.0
Walking,12.186,1,129.5,0.875,13.13,0.981,1,0.0
Walking,10.882,1,115.58,0.027,18.3,0.686,1,0.02343
Walking,20.361,1,124.59,0.142,12.46,0.638,0,0.01552
Motorcycle,19.181,1,111.85,0.988,20.81,0.865,1,2.50113
Metro,13.956,1,130.46,0.763,35.9,0.457,1,0.51985
Bicycle,22.73,1,116.72,0.651,26.26,0.89,0,0.0
Bus,7.518,1,20.43,0.59,15.28,0.558,0,0.69283
Bicycle,20.868,1,117.84,0.425,10.02,0.543,0,0.00042
Bus,8.835,1,11.88,0.565,18.15,0.899,1,1.43553
Bus,13.762,1,15.44,0.929,17.88,0.99,0,1.77526
Metro,16.041,1,127.53,0.865,34.62,0.745,0,0.6165
Walking,7.803,1,128.75,0.178,25.46,0.926,1,0.00187
Walking,13.665,1,120.84,0.453,34.27,0.439,1,0.0
Walking,15.07,1,137.53,0.961,30.61,0.959,0,0.0
Motorcycle,12.526,1,108.46,0.754,28.91,0.344,0,1.50549
Car,10.234,3,3.0,0.538,33.45,0.419,0,0.73419
Bus,7.239,1,25.7,0.652,13.37,0.448,1,0.54528
Metro,27.059,1,125.18,0.349,16.95,0.057,1,1.06632
Motorcycle,31.34,1,113.85,0.318,25.26,0.217,1,3.48955
Metro,14.981,1,122.93,0.537,26.86,0.008,0,0.61909
Motorcycle,23.442,1,122.85,0.99,24.43,0.318,0,2.84017
Metro,13.638,1,114.32,0.279,34.2,0.848,0,0.56635
Walking,3.342,1,122.15,0.341,24.85,0.303,0,0.01609
Bicycle,19.064,1,115.28,0.741,39.66,0.774,0,0.00107
Motorcycle,28.304,1,113.6,0.793,32.07,0.751,1,3.57722
Walking,10.731,1,124.99,0.447,35.05,0.848,0,0.0034
Bus,9.71,1,19.13,0.14,20.87,0.555,0,0.88327
Metro,5.826,1,111.3,0.392,18.89,0.408,0,0.24983
Car,22.036,3,3.0,0.307,19.28,0.101,1,1.49798
Walking,4.059,1,124.83,0.031,14.76,0.766,0,0.0
Metro,10.734,1,127.33,0.164,21.43,0.236,0,0.40016
Walking,11.299,1,104.79,0.795,11.55,0.361,1,0.0
Motorcycle,7.223,1,123.33,0.749,29.21,0.694,1,0.89848
Metro,4.017,1,127.04,0.045,24.07,0.464,1,0.1489
Walking,6.857,1,124.54,0.287,17.86,0.183,1,0.0
Bicycle,6.821,1,103.59,0.53,19.23,0.738,0,0.00525
Metro,25.457,1,112.28,0.717,21.31,0.437,1,1.13702
Motorcycle,5.172,1,122.57,0.383,17.13,0.291,1,0.57774
Motorcycle,19.597,1,107.51,0.331,38.24,0.38,1,2.16548
Car,2.407,3,3.0,0.027,35.95,0.485,0,0.15674
Bus,24.2,1,14.68,0.268,20.22,0.812,0,3.03321
Motorcycle,10.05,1,120.07,0.746,32.18,0.609,0,1.22296
Motorcycle,1.761,1,124.05,0.599,16.23,0.043,0,0.20886
Bicycle,4.407,1,120.78,0.885,27.99,0.817,1,0.0
Bus,8.673,1,20.74,0.278,19.98,0.082,1,0.74705
Bicycle,1.444,1,129.83,0.306,30.82,0.808,0,0.01373
Bus,3.631,1,21.1,0.734,18.08,0.656,0,0.3329
Bicycle,6.285,1,113.35,0.319,10.12,0.02,1,0.0
Motorcycle,2.613,1,110.81,0.045,27.82,0.146,0,0.29031
Bus,15.315,1,28.37,0.671,16.74,0.964,1,1.03279
Bus,7.319,1,11.54,0.928,37.06,0.139,0,1.23171
Car,4.185,3,3.0,0.951,19.22,0.804,0,0.31882
Car,12.594,1,1.0,0.351,35.09,0.478,1,2.64883
Bus,5.099,1,12.71,0.102,11.59,0.208,1,0.73135
Bicycle,32.274,1,122.6,0.625,39.54,0.016,1,0.0
Car,11.433,2,2.0,0.102,37.52,0.03,1,1.09942
Bus,7.716,1,16.67,0.937,25.58,0.51,0,0.91183
Car,13.022,3,3.0,0.859,28.33,0.196,1,1.02842
Walking,12.018,1,108.38,0.1,26.86,0.827,0,0.0
Car,17.03,1,1.0,0.137,37.93,0.635,0,3.29164
Bicycle,15.828,1,114.65,0.829,25.61,0.272,1,0.00097
Bus,3.92,1,12.06,0.268,12.62,0.856,0,0.57161
Bicycle,11.46,1,121.36,0.632,17.17,0.935,0,0.0082
Bicycle,4.11,1,131.8,0.796,20.48,0.873,1,0.0
Walking,7.909,1,119.1,0.012,37.47,0.328,1,0.00642
Car,8.819,1,1.0,0.555,20.86,0.794,1,1.85565
Bicycle,5.207,1,119.73,0.316,22.04,0.96,0,0.00078
Metro,21.502,1,119.32,0.76,31.39,0.967,1,0.89905
Metro,14.286,1,126.09,0.129,26.37,0.401,0,0.57293
Car,9.93,1,1.0,0.909,12.54,0.868,1,2.41751
Bicycle,14.613,1,124.91,0.239,31.58,0.708,0,0.0185
Walking,15.39,1,120.05,0.81,19.71,0.705,1,0.00627
Motorcycle,17.385,1,126.66,0.838,28.8,0.227,0,2.06189
Motorcycle,6.163,1,133.12,0.006,28.1,0.601,1,0.65779
Walking,16.825,1,120.88,0.611,22.48,0.68,0,0.00524
Metro,12.024,1,124.43,0.335,16.74,0.772,1,0.45802
Walking,11.327,1,113.9,0.042,12.85,0.005,1,0.0
Motorcycle,8.153,1,110.72,0.071,15.46,0.317,0,0.88401
Metro,16.704,1,117.4,0.665,24.73,0.047,0,0.70557
Metro,4.6,1,115.19,0.686,22.29,0.888,1,0.20558
Bicycle,9.614,1,122.57,0.812,15.61,0.815,0,0.0
Bicycle,8.526,1,117.43,0.224,15.5,0.805,1,0.0
Bus,2.782,1,18.21,0.789,33.88,0.809,1,0.30566
Bicycle,7.628,1,125.52,0.294,28.25,0.392,1,0.0
Bicycle,9.475,1,124.01,0.783,34.97,0.231,1,0.0
Metro,7.083,1,107.95,0.525,27.31,0.099,1,0.31676
Car,4.306,4,4.0,0.293,36.12,0.599,0,0.23515
Metro,7.993,1,118.3,0.962,10.71,0.627,1,0.32643
Car,12.159,5,5.0,0.017,25.31,0.904,1,0.466
Walking,3.043,1,112.79,0.28,19.8,0.668,0,0.0
Metro,14.305,1,117.58,0.368,22.55,0.556,0,0.60374
Walking,12.904,1,115.45,0.547,16.84,0.89,1,0.0
Bus,15.249,1,12.51,0.596,36.75,0.501,0,2.29685
Motorcycle,14.978,1,123.61,0.825,35.21,0.096,0,1.74088
Metro,3.142,1,115.97,0.897,13.31,0.892,1,0.13669
Bicycle,10.047,1,109.5,0.322,11.83,0.763,1,0.00151
Bicycle,5.381,1,114.86,0.409,20.4,0.107,0,0.0
Walking,24.812,1,117.39,0.098,29.3,0.485,0,0.00253
Bus,2.426,1,19.18,0.739,19.01,0.427,0,0.23327
Bus,9.464,1,34.27,0.475,22.97,0.237,0,0.47629
Metro,6.461,1,117.15,0.014,19.57,0.581,1,0.2616
Metro,15.006,1,124.48,0.696,10.17,0.981,0,0.61127
Car,4.944,3,3.0,0.994,18.35,0.997,1,0.39113
Motorcycle,3.372,1,129.52,0.059,14.47,0.355,0,0.36258
Bus,13.404,1,11.92,0.577,32.69,0.757,0,2.17045
Walking,13.074,1,102.55,0.097,28.42,0.8,0,0.00084
Motorcycle,31.517,1,135.27,0.55,27.64,0.403,0,3.63917
Bicycle,10.178,1,111.99,0.526,15.89,0.724,0,0.0
Car,4.476,1,1.0,0.419,22.51,0.123,1,0.92091
Bus,18.503,1,27.61,0.1,18.89,0.463,0,1.11568
Metro,16.565,1,112.27,0.961,17.2,0.804,1,0.77847
Motorcycle,18.116,1,121.67,0.127,14.19,0.683,0,2.04877
Bus,13.825,1,5.26,0.54,12.35,0.544,0,4.9326
Motorcycle,6.343,1,127.68,0.622,21.62,0.587,0,0.77878
Walking,1.541,1,112.67,0.784,11.98,0.61,1,0.00183
Bus,13.413,1,29.33,0.899,39.69,0.584,0,0.87427
Bicycle,7.788,1,118.77,0.822,11.52,0.218,0,0.0
Car,20.472,3,3.0,0.986,33.83,0.761,0,1.56865
Car,19.951,5,5.0,0.929,12.47,0.906,0,0.98212
Bicycle,16.696,1,106.1,0.751,20.99,0.873,0,0.0113
Car,9.925,3,3.0,0.682,13.57,0.867,0,0.70308
Motorcycle,11.505,1,129.89,0.574,21.74,0.829,1,1.42458
Bicycle,12.469,1,121.13,0.395,37.73,0.036,1,0.0
Bicycle,4.709,1,112.83,0.343,14.55,0.157,0,0.0
Bicycle,9.893,1,121.2,0.167,23.39,0.145,0,0.0
Car,7.231,4,4.0,0.867,13.66,0.706,0,0.42764
Bus,6.451,1,23.92,0.475,12.14,0.343,1,0.48155
Walking,6.837,1,101.83,0.81,22.38,0.889,0,0.01466
Bicycle,12.455,1,121.36,0.982,38.28,0.281,0,0.0
Metro,7.654,1,121.32,0.681,12.79,0.671,1,0.32808
Bus,5.336,1,35.55,0.3,15.45,0.223,1,0.27191
Motorcycle,5.582,1,111.44,0.508,12.8,0.198,0,0.64681
Metro,13.577,1,114.66,0.824,39.61,0.653,1,0.58314
Bus,6.481,1,8.07,0.448,18.6,0.841,0,1.43886
Car,4.009,2,2.0,0.423,14.82,0.61,0,0.43267
Bicycle,11.487,1,130.45,0.339,19.53,0.445,0,0.01377
Bicycle,21.718,1,125.82,0.549,32.87,0.888,1,0.0
Metro,5.926,1,107.21,0.156,10.11,0.437,0,0.28521
Bicycle,25.04,1,108.54,0.731,16.89,0.841,0,0.0
Bus,13.266,1,28.02,0.846,26.45,0.056,0,0.90406
Bicycle,5.389,1,106.36,0.031,18.17,0.051,0,0.0
Bus,6.769,1,26.89,0.662,25.94,0.833,0,0.44779
Motorcycle,35.432,1,97.64,0.099,12.14,0.678,1,3.78814
Motorcycle,5.273,1,126.57,0.984,10.48,0.127,0,0.65624
Walking,12.093,1,123.17,0.411,35.22,0.747,0,0.01676
Metro,13.761,1,129.4,0.052,30.94,0.704,1,0.52583
Walking,6.446,1,120.31,0.693,35.57,0.36,0,0.01198
Car,19.502,4,4.0,0.988,36.85,0.671,1,1.15365
Walking,3.53,1,125.61,0.283,13.19,0.698,0,0.01146
Car,5.474,5,5.0,0.508,33.48,0.721,1,0.2355
Motorcycle,8.987,1,131.05,0.145,32.65,0.223,1,0.99889
Metro,17.017,1,120.33,0.681,39.78,0.785,1,0.71089
Metro,5.482,1,121.55,0.834,38.21,0.479,1,0.23684
Car,1.954,4,4.0,0.531,19.04,0.63,1,0.10556
Car,9.903,4,4.0,0.307,38.79,0.759,0,0.55481
Motorcycle,3.554,1,122.17,0.697,39.35,0.329,1,0.43322
Motorcycle,21.974,1,127.97,0.58,11.45,0.354,1,2.53215
Bicycle,26.755,1,111.95,0.886,38.64,0.035,1,0.0
Bicycle,13.355,1,137.58,0.84,31.16,0.777,0,0.0
Metro,10.937,1,104.61,0.109,22.88,0.256,0,0.52078
Metro,19.16,1,114.36,0.516,37.88,0.227,1,0.79748
Metro,13.001,1,129.86,0.921,38.58,0.438,0,0.48481
Metro,22.869,1,136.45,0.227,15.53,0.008,1,0.81699
Car,18.142,4,4.0,0.46,32.59,0.29,0,0.92196
Bicycle,6.653,1,123.19,0.137,11.12,0.852,1,0.0
Motorcycle,8.4,1,121.19,0.548,21.98,0.882,0,0.97113
Metro,16.642,1,134.94,0.312,16.29,0.165,1,0.60741
Motorcycle,27.171,1,115.44,0.628,23.07,0.154,1,3.17186
Walking,27.365,1,112.47,0.441,27.42,0.367,0,0.01281
Bus,14.466,1,8.46,0.996,31.84,0.644,0,3.3285
Motorcycle,5.893,1,122.48,0.94,35.73,0.74,0,0.75808
Motorcycle,7.408,1,119.33,0.435,33.54,0.054,1,0.85256
Bicycle,30.659,1,128.79,0.2,39.88,0.009,1,0.0
Bicycle,5.396,1,127.85,0.963,28.3,0.232,0,0.0
Walking,19.874,1,120.26,0.628,28.12,0.951,1,0.0
Motorcycle,6.468,1,117.99,0.946,29.14,0.78,1,0.8182
Walking,13.973,1,119.14,0.894,29.8,0.458,1,0.00635
Car,13.03,2,2.0,0.464,23.6,0.412,0,1.41296
Bicycle,15.946,1,124.08,0.655,37.9,0.767,1,0.0
Metro,21.074,1,126.53,0.627,35.97,0.803,0,0.85787
Car,10.958,3,3.0,0.476,18.93,0.337,1,0.76723
Bus,17.833,1,21.65,0.492,12.9,0.8,1,1.52206
Metro,23.548,1,116.55,0.593,11.1,0.86,0,1.00265
Metro,5.881,1,118.24,0.336,26.22,0.131,1,0.23755
Walking,10.02,1,109.28,0.811,11.63,0.729,0,0.0
Metro,9.526,1,118.32,0.708,19.03,0.095,1,0.36964
Car,19.797,3,3.0,0.967,17.29,0.967,0,1.66976
Bicycle,8.986,1,114.25,0.075,16.89,0.86,1,0.0
Bicycle,55.816,1,124.32,0.082,39.84,0.86,1,0.01377
Motorcycle,14.379,1,118.91,0.906,23.51,0.803,1,1.84924
Motorcycle,5.118,1,117.64,0.836,16.82,0.879,1,0.62582
Walking,17.661,1,109.9,0.525,30.41,0.604,1,0.00282
Motorcycle,3.528,1,125.97,0.852,17.15,0.251,1,0.43655
Car,7.305,5,5.0,0.966,10.81,0.484,0,0.35625
Bus,6.057,1,2.0,0.675,17.98,0.811,1,5.62702
Car,18.355,4,4.0,0.782,18.69,0.054,0,1.01175
Metro,20.837,1,114.12,0.168,36.27,0.596,1,0.8586
Metro,21.721,1,116.72,0.578,15.08,0.208,0,0.91087
Motorcycle,9.83,1,123.09,0.057,33.49,0.007,0,0.95158
Bus,12.711,1,35.08,0.986,32.99,0.857,0,0.71757
Metro,10.504,1,118.17,0.216,22.16,0.198,1,0.4318
Motorcycle,2.559,1,111.1,0.317,23.47,0.038,0,0.27784
Walking,7.299,1,105.72,0.457,17.47,0.566,0,0.0
Bus,20.381,1,8.38,0.952,37.77,0.216,1,4.77032
Motorcycle,7.182,1,124.87,0.325,18.26,0.883,0,0.86683
Bus,19.959,1,3.14,0.822,13.04,0.002,0,11.34473
Car,13.328,3,3.0,0.729,39.34,0.471,1,0.98574
Bus,14.32,1,27.71,0.371,30.71,0.264,1,0.87391
Car,8.373,2,2.0,0.671,36.26,0.314,0,0.93006
Bus,13.067,1,28.97,0.909,25.18,0.676,1,0.88296
Bicycle,21.112,1,124.77,0.887,24.43,0.456,0,0.00736
Motorcycle,17.208,1,110.69,0.042,13.85,0.311,0,1.78126
Walking,2.57,1,130.26,0.587,28.66,0.286,0,0.00099
Car,4.0,5,5.0,0.067,24.26,0.424,0,0.16017
Walking,9.145,1,131.25,0.502,33.1,0.28,0,0.0
Walking,20.497,1,110.82,0.689,29.1,0.064,0,0.0036
Car,17.659,4,4.0,0.33,35.1,0.354,0,0.85865
Car,23.89,4,4.0,0.828,37.42,0.962,0,1.4328
Walking,7.035,1,119.43,0.237,27.17,0.659,0,0.00867
Walking,2.489,1,111.01,0.315,38.71,0.63,0,0.0
Walking,4.654,1,124.57,0.377,34.03,0.121,1,0.0
Metro,9.663,1,128.78,0.276,32.64,0.032,0,0.37539
Car,12.291,2,2.0,0.642,13.63,0.254,0,1.37662
Bicycle,12.678,1,128.83,0.858,22.74,0.895,0,0.00978
Bus,14.645,1,12.5,0.072,25.36,0.628,0,2.00587
Car,3.828,3,3.0,0.173,35.41,0.701,0,0.27297
Bicycle,2.194,1,122.48,0.904,32.29,0.479,0,0.00201
Bus,13.316,1,5.33,0.18,31.04,0.184,1,4.04082
Walking,8.112,1,128.14,0.683,12.07,0.703,0,0.0
Metro,41.376,1,121.91,0.967,28.92,0.088,1,1.61518
Bicycle,8.252,1,122.63,0.944,37.73,0.171,0,0.00609
Bus,7.572,1,30.35,0.186,21.25,0.868,1,0.43831
Motorcycle,10.905,1,111.99,0.759,38.01,0.476,1,1.33168
Bicycle,8.739,1,109.55,0.53,38.65,0.356,0,0.00439
Motorcycle,29.404,1,118.9,0.852,21.76,0.849,1,3.80881
Motorcycle,23.919,1,116.09,0.275,11.68,0.507,0,2.67778
Metro,15.401,1,102.72,0.214,37.64,0.567,1,0.73482
Bus,8.533,1,6.85,0.733,38.57,0.637,1,2.36872
Metro,5.157,1,122.7,0.488,19.64,0.098,1,0.21666
Bicycle,6.251,1,124.58,0.753,34.9,0.472,1,0.01993
Bus,15.25,1,23.14,0.29,19.59,0.395,1,1.09947
Bus,11.233,1,32.4,0.209,38.81,0.336,0,0.58335
Walking,30.071,1,118.32,0.929,11.27,0.939,0,0.0
Car,25.979,5,5.0,0.036,28.63,0.618,0,1.03965
Metro,15.532,1,117.91,0.092,14.02,0.72,1,0.62634
Walking,17.787,1,120.43,0.997,30.6,0.118,1,0.0
Bus,16.545,1,10.91,0.336,37.09,0.827,0,2.68762
Metro,2.921,1,127.23,0.072,16.36,0.031,1,0.10508
Walking,18.765,1,130.77,0.225,29.41,0.668,0,0.00441
Car,3.42,5,5.0,0.905,32.73,0.165,1,0.16484
Car,5.906,4,4.0,0.336,15.33,0.518,1,0.31
Bicycle,11.386,1,122.54,0.65,27.24,0.435,0,0.00689
Metro,5.753,1,109.46,0.812,25.84,0.847,0,0.26082
Bicycle,14.14,1,136.33,0.415,29.13,0.586,0,0.00978
Bicycle,2.429,1,129.97,0.504,10.65,0.224,1,0.00519
Bus,22.189,1,17.39,0.855,17.24,0.018,0,2.31712
Walking,2.703,1,113.93,0.28,15.3,0.503,0,0.00059
Bicycle,0.85,1,116.92,0.36,14.37,0.333,0,0.0
Walking,5.386,1,132.26,0.606,35.14,0.144,1,0.00026
Car,6.551,2,2.0,0.077,35.33,0.038,1,0.63377
Metro,13.482,1,126.98,0.044,10.11,0.021,1,0.54767
Metro,3.142,1,123.63,0.043,16.79,0.993,1,0.14558
Bus,13.241,1,3.87,0.647,11.26,0.066,0,6.5169
Walking,7.713,1,116.92,0.558,39.09,0.164,1,0.00547
Bicycle,10.843,1,114.19,0.016,15.26,0.05,0,0.0
Walking,1.674,1,129.97,0.979,19.45,0.933,0,0.007
Car,16.26,3,3.0,0.686,10.32,0.908,1,1.20295
Bus,12.094,1,18.07,0.374,11.9,0.417,0,1.22926
Car,20.537,2,2.0,0.756,38.43,0.239,1,2.24346
Bus,2.477,1,19.79,0.832,17.69,0.749,0,0.27066
Motorcycle,4.436,1,136.29,0.27,10.2,0.568,0,0.48022
Walking,30.322,1,113.3,0.048,37.71,0.477,0,0.00255
Motorcycle,34.341,1,130.53,0.124,32.83,0.328,1,3.91786
Bus,15.238,1,18.83,0.501,32.91,0.035,0,1.48044
Metro,8.987,1,116.22,0.66,22.52,0.542,1,0.38618
Walking,6.176,1,129.09,0.139,32.49,0.882,1,0.0
Motorcycle,16.082,1,131.08,0.683,24.53,0.34,0,1.93939
Bicycle,1.428,1,104.61,0.403,12.06,0.537,1,0.0
Bus,8.504,1,28.2,0.618,33.6,0.969,0,0.55355
Metro,8.722,1,126.98,0.026,37.51,0.754,0,0.34637
Bicycle,3.619,1,114.12,0.04,33.23,0.386,1,0.0143
Bicycle,7.812,1,115.97,0.297,22.2,0.115,1,0.00711
Bicycle,19.551,1,131.01,0.455,39.86,0.863,1,0.00437
Bicycle,6.246,1,119.49,0.727,11.59,0.201,1,0.00237
Walking,5.838,1,130.95,0.316,15.06,0.008,0,0.01736
Metro,19.078,1,126.68,0.788,13.43,0.269,1,0.75934
Walking,37.385,1,117.38,0.076,20.1,0.751,1,0.0
Car,4.455,1,1.0,0.126,19.79,0.184,1,0.8651
Car,4.402,4,4.0,0.058,29.0,0.334,1,0.23689
Bicycle,14.029,1,123.73,0.63,21.36,0.081,1,0.00839
Car,25.465,2,2.0,1.0,14.31,0.943,1,2.88038
Bicycle,32.674,1,123.96,0.21,17.33,0.912,1,0.0
Motorcycle,8.706,1,120.36,0.936,22.56,0.889,1,1.11333
Metro,13.852,1,107.01,0.78,23.42,0.909,0,0.60439
Bicycle,15.911,1,126.75,0.091,16.74,0.413,0,0.01392
Motorcycle,10.484,1,123.34,0.586,11.86,0.383,1,1.22557
Bicycle,32.826,1,122.46,0.607,39.47,0.246,0,0.02004
Car,33.812,5,5.0,0.065,12.72,0.184,0,1.28384
Car,4.696,2,2.0,0.322,37.19,0.185,0,0.46293
Motorcycle,5.165,1,126.29,0.405,29.74,0.127,0,0.60718
Motorcycle,5.865,1,119.1,0.781,26.55,0.459,1,0.7387
Metro,11.497,1,142.58,0.935,38.67,0.031,1,0.39932
Bus,6.89,1,20.53,0.622,38.28,0.997,1,0.65143
Car,31.222,3,3.0,0.238,19.02,0.916,0,2.13881
Motorcycle,5.757,1,120.96,0.107,23.76,0.941,1,0.65592
Car,15.521,5,5.0,0.931,28.24,0.508,0,0.75669
Bicycle,6.22,1,114.22,0.856,28.52,0.037,1,5e-05
Motorcycle,7.864,1,119.68,0.863,32.86,0.378,0,0.969
Car,7.79,1,1.0,0.204,22.36,0.163,1,1.60433
Car,35.576,5,5.0,0.474,12.12,0.362,0,1.54538
Car,13.024,1,1.0,0.862,33.3,0.569,1,2.91112
Metro,13.855,1,127.83,0.224,38.62,0.053,0,0.58
Car,7.464,5,5.0,0.826,32.32,0.954,0,0.36127
Metro,17.477,1,119.61,0.803,38.36,0.975,1,0.69847
Motorcycle,15.879,1,129.4,0.363,38.27,0.255,0,1.76671
Walking,20.194,1,118.98,0.971,12.27,0.117,0,0.0
Walking,46.465,1,125.94,0.841,19.87,0.193,1,0.01174
Car,11.38,3,3.0,0.152,38.81,0.965,0,0.80763
Bicycle,8.719,1,130.81,0.479,33.74,0.845,1,0.0
Metro,21.277,1,113.28,0.389,19.68,0.448,0,0.95058
Bus,22.555,1,23.42,0.054,21.13,0.885,1,1.628
Metro,25.774,1,111.96,0.698,39.92,0.096,0,1.12594
Bicycle,4.184,1,122.13,0.044,32.23,0.663,1,0.01128
Car,2.724,5,5.0,0.991,34.9,0.138,1,0.1192
Metro,11.787,1,109.56,0.077,24.38,0.788,1,0.54033
Bus,4.838,1,23.65,0.376,13.99,0.476,0,0.38091
Car,21.41,2,2.0,0.593,11.31,0.033,0,2.35317
Bus,6.551,1,21.93,0.576,37.58,0.483,0,0.55758
Bicycle,8.812,1,119.93,0.901,24.93,0.607,1,0.00645
Walking,6.955,1,108.31,0.873,18.72,0.278,0,0.0
Bus,32.681,1,18.16,0.495,20.46,0.612,0,3.16614
Bus,15.637,1,28.0,0.974,32.39,0.948,1,1.15912
Bicycle,14.678,1,117.66,0.694,15.25,0.105,1,0.0
Bicycle,33.179,1,122.64,0.064,34.28,0.758,1,0.0
Car,18.284,1,1.0,0.941,29.15,0.51,0,4.25744
Bus,19.65,1,23.36,0.329,19.77,0.455,1,1.50087
Motorcycle,17.932,1,120.41,0.698,10.48,0.994,1,2.25209
Car,7.85,5,5.0,0.597,19.01,0.591,1,0.34511
Bicycle,19.901,1,124.48,0.622,25.6,0.937,0,0.0
Motorcycle,19.672,1,130.07,0.395,22.34,0.935,0,2.37315
Bus,13.386,1,2.0,0.656,35.18,0.659,1,12.03316
Motorcycle,7.341,1,115.73,0.475,30.67,0.776,1,0.88739
Motorcycle,11.934,1,118.09,0.265,23.95,0.223,0,1.3314
Motorcycle,15.611,1,109.46,0.986,24.33,0.798,1,2.02991
Bus,4.42,1,19.25,0.682,23.28,0.774,1,0.45047
Bus,30.353,1,19.26,0.142,39.94,0.16,0,2.63142
Walking,15.445,1,118.54,0.621,28.19,0.321,1,0.00391
Motorcycle,1.922,1,100.41,0.897,17.51,0.907,1,0.2679
Motorcycle,20.148,1,135.37,0.803,12.34,0.262,1,2.51617
Metro,11.359,1,111.19,0.78,20.33,0.785,1,0.48664
Motorcycle,2.963,1,110.54,0.51,17.82,0.33,1,0.32403
Metro,5.596,1,117.86,0.758,12.42,0.355,0,0.22078
Bus,11.097,1,11.89,0.997,37.88,0.748,0,1.96182
Bicycle,9.89,1,125.9,0.173,30.32,0.907,1,0.0
Bicycle,3.881,1,128.16,0.877,25.21,0.124,0,0.00948
Car,21.24,4,4.0,0.784,34.61,0.364,1,1.23602
Walking,30.896,1,130.82,0.08,31.55,0.795,0,0.00097
Metro,3.384,1,117.5,0.231,29.73,0.406,0,0.14455
Bicycle,25.437,1,115.57,0.378,34.73,0.682,1,0.0
Metro,10.331,1,111.95,0.14,11.92,0.319,0,0.47995
Bicycle,3.954,1,117.89,0.202,10.42,0.277,1,0.0
Walking,5.593,1,132.77,0.56,22.02,0.897,1,0.00445
Walking,19.147,1,120.7,0.662,19.7,0.481,0,0.0
Motorcycle,15.165,1,135.66,0.044,35.68,0.492,0,1.67031
Metro,3.331,1,122.4,0.533,25.06,0.096,1,0.1419
Bicycle,12.833,1,111.39,0.241,30.63,0.005,1,0.0
Bicycle,13.874,1,114.29,0.841,11.16,0.187,1,0.0
Bus,9.836,1,18.32,0.63,37.21,0.441,0,0.94397
Metro,21.947,1,120.66,0.811,38.43,0.468,0,0.88004
Metro,43.064,1,121.34,0.805,27.59,0.95,1,1.74507
Bicycle,15.582,1,119.21,0.105,11.62,0.984,0,0.0
Walking,4.31,1,122.69,0.089,23.54,0.341,1,0.0025
Walking,7.228,1,110.45,0.731,28.55,0.601,1,0.00421
Bus,7.929,1,15.12,0.496,21.27,0.988,1,0.93816
Bicycle,35.281,1,123.04,0.997,32.33,0.865,0,0.01379
Metro,13.537,1,130.57,0.503,13.41,0.216,1,0.50625
Walking,11.359,1,122.24,0.91,33.43,0.826,0,0.0
Motorcycle,28.513,1,115.06,0.74,16.95,0.289,1,3.31132
Walking,9.671,1,114.58,0.869,17.84,0.885,0,0.0
Motorcycle,0.555,1,111.34,0.669,39.99,0.131,0,0.06877
Bicycle,12.778,1,129.79,0.798,32.32,0.985,1,0.0
Bicycle,8.359,1,128.05,0.605,32.52,0.197,1,0.0
Bus,14.187,1,23.39,0.772,33.34,0.448,0,1.15497
Metro,4.467,1,130.14,0.806,28.49,0.057,1,0.18893
Bus,7.249,1,8.99,0.931,23.48,0.492,1,1.5086
Metro,14.996,1,118.22,0.189,29.06,0.891,0,0.58768
Car,5.852,5,5.0,0.35,13.44,0.758,0,0.25097
Walking,8.003,1,129.96,0.654,20.4,0.54,0,0.0
Walking,12.104,1,120.77,0.73,27.17,0.092,0,0.0
Motorcycle,11.991,1,115.85,0.417,15.88,0.17,0,1.39751
Bicycle,6.834,1,117.9,0.086,27.65,0.345,0,0.00875
Bicycle,15.756,1,118.32,0.012,18.07,0.531,0,0.0
Walking,23.72,1,118.99,0.429,11.1,0.822,1,0.00765
Metro,0.948,1,117.76,0.15,37.65,0.113,0,0.05536
Car,6.233,3,3.0,0.406,34.0,0.09,1,0.46319
Car,19.258,4,4.0,0.976,35.75,0.232,1,1.1088
Metro,9.101,1,105.68,0.243,16.36,0.384,0,0.43603
Bicycle,8.262,1,125.68,0.845,32.55,0.536,0,0.0
Motorcycle,13.102,1,116.68,0.923,14.16,0.812,1,1.66403
Metro,4.336,1,119.56,0.102,26.2,0.332,1,0.17954
Metro,20.618,1,115.43,0.689,19.66,0.463,1,0.82257
Walking,31.75,1,113.47,0.633,13.31,0.001,0,0.0
Walking,4.606,1,111.07,0.698,31.03,0.066,1,0.0
Motorcycle,9.828,1,119.82,0.732,16.91,0.793,0,1.22545
Car,5.046,3,3.0,0.165,38.76,0.818,1,0.34946
Car,12.485,5,5.0,0.128,16.68,0.327,0,0.4906
Metro,11.446,1,99.56,0.418,38.93,0.068,0,0.54198
Car,10.337,1,1.0,0.76,39.33,0.494,1,2.37369
Motorcycle,22.813,1,111.0,0.404,26.71,0.12,1,2.36488
Car,6.192,1,1.0,0.374,12.92,0.197,1,1.38621
Metro,5.515,1,127.39,0.283,19.94,0.949,0,0.20265
Bus,9.57,1,26.42,0.295,25.95,0.829,0,0.66608
Motorcycle,21.461,1,116.43,0.127,31.98,0.543,0,2.32549
Bus,10.618,1,17.39,0.057,28.98,0.678,1,1.01632
Walking,3.951,1,135.73,0.41,26.17,0.966,0,0.0
Bicycle,17.094,1,112.33,0.325,37.29,0.879,0,0.0
Car,37.364,1,1.0,0.334,24.7,0.64,0,8.0839
Walking,20.467,1,113.02,0.424,33.74,0.607,1,0.0013
Bicycle,10.648,1,134.11,0.979,38.45,0.88,0,0.0
Walking,5.448,1,124.35,0.85,16.03,0.879,0,0.00637
Metro,17.993,1,123.27,0.418,16.61,0.091,1,0.74194
Metro,17.591,1,117.41,0.895,30.87,0.113,0,0.72688
Car,16.03,2,2.0,0.641,35.77,0.333,1,1.71552
Motorcycle,14.37,1,124.88,0.81,15.34,0.405,0,1.75065
Motorcycle,13.407,1,116.28,0.726,28.41,0.257,1,1.62988
Bus,9.921,1,27.03,0.835,15.13,0.31,0,0.70692
Bus,14.68,1,24.67,0.079,19.38,0.876,0,0.96035
Metro,22.473,1,121.07,0.017,11.42,0.511,1,0.88821
Bicycle,4.859,1,121.91,0.77,25.14,0.898,0,0.01144
Car,15.816,4,4.0,0.953,39.64,0.587,0,0.94353
Motorcycle,22.662,1,111.02,0.807,38.77,0.094,0,2.58098
Bicycle,4.031,1,122.18,0.837,24.8,0.137,0,0.0
Motorcycle,5.783,1,117.15,0.781,32.02,0.865,1,0.69691
Car,8.603,4,4.0,0.099,28.18,0.498,0,0.42635
Metro,6.822,1,125.05,0.092,12.33,0.816,1,0.25096
Metro,37.012,1,123.97,0.847,36.02,0.099,1,1.47071
Car,5.283,4,4.0,0.6,14.31,0.747,1,0.30255
Car,8.831,4,4.0,0.596,28.91,0.721,0,0.51031
Bus,5.983,1,21.72,0.92,37.39,0.168,0,0.54895
Metro,28.18,1,121.59,0.266,22.33,0.691,1,1.13315
Metro,1.953,1,120.5,0.76,36.39,0.962,0,0.07666
Car,8.859,5,5.0,0.539,33.06,0.773,0,0.39233
Motorcycle,9.049,1,112.45,0.987,33.55,0.653,1,1.18875
Bus,9.217,1,33.48,0.249,29.25,0.321,1,0.46205
Bus,17.736,1,28.8,0.04,31.75,0.311,1,0.94998
Car,4.203,1,1.0,0.568,21.82,0.533,1,0.8698
Walking,13.584,1,115.69,0.629,14.56,0.126,1,0.00861
Walking,21.8,1,133.71,0.333,32.17,0.614,1,0.0
Walking,8.663,1,110.96,0.401,32.98,0.259,1,0.0
Walking,20.698,1,120.26,0.086,23.4,0.812,0,0.01791
Bus,26.018,1,2.0,0.073,35.93,0.539,0,21.33739
Bicycle,15.594,1,110.25,0.346,29.76,0.411,0,0.00711
Car,23.873,5,5.0,0.866,20.74,0.439,0,1.07625
Bicycle,21.665,1,103.95,0.043,15.92,0.54,1,0.0
Motorcycle,7.933,1,126.38,0.646,20.15,0.777,0,0.93902
Car,2.356,4,4.0,0.42,35.53,0.531,0,0.11272
Metro,10.522,1,106.97,0.3,14.86,0.123,0,0.47019
Motorcycle,12.223,1,122.14,0.586,23.14,0.088,1,1.48017
Metro,20.954,1,112.41,0.79,24.8,0.171,1,0.94103
Car,13.182,1,1.0,0.459,28.88,0.827,0,3.01397
Bus,6.296,1,21.5,0.19,27.3,0.721,1,0.49357
Motorcycle,8.053,1,103.18,0.141,19.62,0.869,1,0.92815
Bicycle,0.5,1,122.64,0.823,24.59,0.853,1,0.0
Car,8.103,4,4.0,0.47,14.47,0.497,1,0.44786
Motorcycle,1.776,1,100.1,0.231,27.59,0.422,1,0.20129
Car,14.043,4,4.0,0.189,17.23,0.693,1,0.71886
Walking,7.042,1,112.59,0.582,20.56,0.771,1,0.00316
Bus,14.38,1,18.43,0.898,22.33,0.285,1,1.4247
Walking,8.948,1,124.49,0.682,22.23,0.544,0,0.0
Bicycle,25.149,1,128.01,0.032,13.25,0.046,1,0.0
Walking,5.836,1,123.7,0.482,37.71,0.521,1,0.0
Bicycle,12.216,1,112.71,0.892,11.08,0.657,1,0.0
Walking,26.333,1,118.7,0.335,38.11,0.251,0,0.00566
Car,13.467,4,4.0,0.98,27.15,0.992,0,0.7821
Metro,19.074,1,131.82,0.001,23.59,0.746,0,0.69341
Metro,14.336,1,122.34,0.804,35.14,0.212,1,0.56609
Walking,13.638,1,103.96,0.765,39.75,0.426,1,0.00806
Bus,5.479,1,6.73,0.553,31.94,0.781,1,1.48113
Bus,17.679,1,32.37,0.546,20.18,0.796,0,1.01311
Metro,12.714,1,128.23,0.202,34.02,0.188,1,0.44515
Car,4.048,1,1.0,0.408,14.44,0.194,1,0.84715
Car,28.868,2,2.0,0.939,29.97,0.264,0,3.23525
Car,22.908,3,3.0,0.59,39.36,0.727,0,1.75419
Walking,8.779,1,120.09,0.024,13.82,0.228,0,0.00645
Motorcycle,4.326,1,123.45,0.243,34.9,0.918,1,0.49634
Car,15.96,2,2.0,0.358,16.29,0.691,1,1.69728
Motorcycle,9.815,1,133.42,0.799,38.05,0.352,1,1.21822
Bus,8.729,1,15.21,0.74,31.72,0.742,0,1.05728
Car,18.986,4,4.0,0.208,36.64,0.621,1,0.98305
Bus,9.602,1,32.68,0.043,39.18,0.778,0,0.49025
Motorcycle,18.074,1,120.17,0.186,32.62,0.914,0,2.15274
Motorcycle,7.613,1,118.38,0.019,29.29,0.64,0,0.82098
Bus,9.499,1,4.03,0.533,18.0,0.962,1,4.40476
Motorcycle,6.253,1,123.24,0.019,20.66,0.224,1,0.676
Metro,11.899,1,122.47,0.246,15.88,0.806,1,0.47539
Car,11.713,5,5.0,0.531,22.43,0.529,1,0.52964
Bicycle,1.88,1,107.67,0.792,15.79,0.321,1,0.00964
Bicycle,5.313,1,127.84,0.597,14.93,0.721,0,0.0
Metro,53.556,1,110.02,0.203,28.86,0.229,1,2.31739
Metro,13.535,1,112.95,0.199,34.48,0.729,0,0.57501
Bicycle,8.631,1,128.2,0.4,39.14,0.792,0,0.0
Motorcycle,7.719,1,118.49,0.077,11.8,0.118,0,0.79224
Bus,19.464,1,30.45,0.475,25.54,0.42,0,1.11391
Car,22.792,2,2.0,0.672,28.52,0.669,1,2.7152
Walking,9.749,1,111.64,0.633,16.48,0.217,0,0.01589
Metro,24.732,1,142.21,0.027,11.82,0.92,0,0.84822
Walking,14.138,1,127.61,0.785,26.11,0.78,1,0.00887
Bus,18.201,1,31.31,0.592,36.82,0.458,1,1.06126
Walking,4.11,1,119.16,0.849,12.38,0.334,1,0.0
Motorcycle,8.48,1,115.12,0.456,17.41,0.924,0,0.98449
Car,5.458,4,4.0,0.339,18.88,0.381,1,0.2988
Walking,2.101,1,119.65,0.156,16.56,0.411,1,0.01925
Bicycle,24.315,1,113.55,0.843,28.18,0.994,1,0.0
Car,8.873,4,4.0,0.463,19.94,0.108,1,0.45746
Motorcycle,12.001,1,132.19,0.402,33.59,0.576,1,1.35616
Motorcycle,18.577,1,125.88,0.078,37.86,0.624,1,2.07991
Car,12.511,5,5.0,0.788,24.46,0.731,1,0.57218
Walking,6.471,1,129.43,0.932,34.8,0.558,0,0.01304
Bicycle,33.487,1,125.48,0.191,12.5,0.292,1,0.01801
Walking,7.52,1,118.0,0.153,15.85,0.102,1,0.0
Bus,10.743,1,21.51,0.873,38.09,0.24,0,0.9334
Metro,5.521,1,122.64,0.726,35.17,0.841,0,0.2129
Motorcycle,14.691,1,119.8,0.236,13.55,0.675,1,1.65775
Motorcycle,10.389,1,124.02,0.309,29.21,0.939,1,1.26247
Bicycle,6.809,1,122.22,0.028,11.0,0.075,0,0.0
Car,8.389,1,1.0,0.957,27.01,0.733,0,1.98109
Motorcycle,23.874,1,104.14,0.226,29.91,0.679,0,2.68809
Motorcycle,3.144,1,122.96,0.622,14.15,0.093,0,0.364
Bicycle,17.246,1,120.73,0.121,33.87,0.412,0,0.0
Bicycle,13.188,1,107.86,0.186,33.7,0.134,0,0.00661
Metro,9.104,1,114.89,0.297,28.99,0.045,0,0.39828
Car,8.69,5,5.0,0.024,37.73,0.757,1,0.35363
Car,4.563,5,5.0,0.313,29.89,0.14,0,0.18088
Metro,16.387,1,117.17,0.222,34.4,0.256,0,0.64642
Car,2.75,3,3.0,0.84,29.81,0.811,1,0.21118
Walking,2.528,1,124.31,0.105,25.37,0.972,1,0.0
Bus,7.0,1,8.28,0.258,24.98,0.404,1,1.48903
Bus,12.78,1,14.45,0.916,20.3,0.828,0,1.73993
Motorcycle,8.761,1,117.88,0.635,20.82,0.432,1,1.04358
Metro,13.055,1,113.41,0.721,15.99,0.366,0,0.57074
Car,28.468,3,3.0,0.222,20.13,0.837,1,1.9616
Car,6.647,5,5.0,0.069,39.04,0.939,0,0.27609
Motorcycle,15.572,1,111.84,0.464,16.84,0.833,1,1.89828
Walking,15.831,1,116.64,0.625,39.97,0.866,0,0.0
Car,5.729,4,4.0,0.321,26.58,0.54,0,0.29809
Metro,25.71,1,108.37,0.439,13.53,0.902,1,1.10963
Car,13.393,2,2.0,0.87,31.03,0.152,1,1.54563
Metro,11.555,1,114.98,0.672,20.15,0.678,0,0.50588
Bicycle,9.712,1,113.32,0.69,18.44,0.422,1,0.00737
Bicycle,10.819,1,119.6,0.475,18.44,0.277,1,0.0
Motorcycle,5.644,1,109.22,0.398,17.68,0.471,0,0.61738
Metro,16.997,1,119.27,0.086,34.88,0.276,1,0.70703
Car,14.515,4,4.0,0.808,27.27,0.271,0,0.82804
Bus,7.292,1,18.83,0.758,33.14,0.696,0,0.7062
Motorcycle,15.228,1,129.42,0.866,16.94,0.748,1,1.93923
Walking,15.653,1,127.14,0.422,15.85,0.528,0,0.0
Bicycle,10.082,1,128.63,0.837,22.52,0.852,0,0.00549
Walking,14.065,1,134.57,0.132,11.41,0.414,0,0.0
Car,13.307,4,4.0,0.224,18.71,0.855,0,0.67953
Bicycle,32.283,1,119.79,0.479,13.85,0.86,1,0.00652
Walking,9.316,1,117.45,0.644,25.57,0.868,0,0.00281
Car,21.745,4,4.0,0.133,26.41,0.09,0,1.09346
Motorcycle,9.039,1,111.93,0.64,24.23,0.412,1,1.08151
Bus,9.848,1,15.51,0.621,16.78,0.122,1,1.17126
Metro,8.955,1,119.69,0.774,28.14,0.988,1,0.3798
Bicycle,19.017,1,108.18,0.534,16.13,0.088,1,0.0
Bicycle,10.012,1,111.75,0.74,32.92,0.429,0,0.0
Walking,17.268,1,130.58,0.629,24.07,0.264,1,0.00518
Bus,2.519,1,24.94,0.765,28.06,0.723,1,0.20696
Metro,20.012,1,119.74,0.754,10.46,0.805,0,0.81206
Bus,8.024,1,2.0,0.254,33.53,0.605,0,6.91243
Motorcycle,23.14,1,125.34,0.874,27.67,0.758,1,2.94656
Metro,13.339,1,125.5,0.627,38.32,0.394,0,0.525
Walking,4.803,1,120.36,0.615,11.57,0.429,1,0.0
Motorcycle,4.031,1,119.92,0.137,20.58,0.779,0,0.45022
Metro,20.529,1,111.79,0.06,36.11,0.948,1,0.90855
Bicycle,8.123,1,122.84,0.36,24.12,0.081,0,0.0
Bus,8.19,1,23.81,0.017,37.66,0.556,0,0.5773
Metro,10.002,1,120.37,0.253,26.84,0.206,1,0.41068
Walking,1.263,1,111.2,0.434,35.98,0.768,0,0.00855
Bicycle,19.569,1,132.85,0.577,10.16,0.137,1,0.00052
Car,9.943,1,1.0,0.437,15.98,0.524,0,2.22588
Motorcycle,13.691,1,106.16,0.338,23.57,0.386,0,1.4884
Motorcycle,8.802,1,110.65,0.503,39.79,0.763,1,1.0395
Motorcycle,6.816,1,111.49,0.676,26.2,0.826,0,0.83615
Motorcycle,4.989,1,129.2,0.714,26.48,0.808,0,0.6128
Bicycle,0.725,1,123.43,0.392,27.66,0.331,0,0.00628
Metro,14.934,1,116.42,0.354,22.96,0.576,0,0.66031
Bicycle,8.969,1,121.21,0.522,36.31,0.46,1,0.01295
Motorcycle,18.843,1,124.83,0.663,10.67,0.742,0,2.28814
Motorcycle,8.583,1,117.62,0.189,28.97,0.741,0,0.94066
Metro,7.342,1,121.44,0.618,39.22,0.079,1,0.29869
Metro,3.558,1,111.45,0.267,24.48,0.382,1,0.16804
Motorcycle,3.506,1,123.98,0.237,38.08,0.244,0,0.38367
Walking,2.437,1,121.04,0.966,27.38,0.264,0,7e-05
Bus,7.652,1,19.4,0.925,25.35,0.447,0,0.74232
Car,19.961,2,2.0,0.681,19.77,0.446,0,2.19722
Motorcycle,15.96,1,124.04,0.412,32.49,0.905,0,1.8466
Bicycle,1.175,1,126.14,0.979,23.72,0.668,1,0.01745
Motorcycle,10.545,1,119.15,0.373,30.35,0.615,0,1.18545
Motorcycle,6.477,1,103.67,0.027,20.25,0.638,0,0.69762
Bus,1.536,1,20.1,0.886,13.24,0.47,1,0.14607
Motorcycle,20.939,1,127.75,0.402,16.78,0.685,1,2.39533
Bus,27.056,1,8.43,0.885,18.8,0.483,0,6.13486
Walking,7.799,1,114.66,0.517,15.45,0.473,1,0.01708
Bicycle,20.524,1,114.87,0.963,20.56,0.717,1,0.00734
Metro,3.869,1,123.02,0.735,11.52,0.5,0,0.15889
Walking,16.167,1,120.58,0.531,17.18,0.879,0,0.01032
Bicycle,16.304,1,133.71,0.67,35.03,0.558,1,0.0
Bus,15.677,1,9.4,0.385,13.33,0.831,0,2.94596
Bicycle,19.435,1,108.71,0.029,21.14,0.457,0,0.00124
Bicycle,8.717,1,126.99,0.552,37.12,0.815,0,0.00991
Bus,2.312,1,5.21,0.429,23.82,0.951,1,0.77987
Bus,4.221,1,23.72,0.065,34.39,0.329,0,0.28967
Metro,10.504,1,128.84,0.337,19.33,0.109,0,0.37701
Car,9.501,5,5.0,0.802,23.49,0.553,0,0.45459
Bus,18.515,1,15.75,0.359,14.1,0.914,0,2.03619
Bus,13.941,1,27.43,0.173,37.99,0.221,0,0.87251
Bus,8.914,1,12.13,0.711,21.84,0.535,1,1.43858
Walking,15.486,1,114.87,0.337,20.27,0.068,1,0.01104
Motorcycle,10.051,1,126.01,0.57,30.43,0.421,0,1.1688
Motorcycle,5.623,1,126.85,0.824,35.33,0.88,1,0.68126
Bicycle,2.232,1,109.38,0.913,25.68,0.052,1,0.00509
Bus,21.508,1,17.76,0.49,10.55,0.445,0,2.15829
Motorcycle,12.633,1,124.05,0.631,16.53,0.394,0,1.45812
Walking,8.267,1,121.76,0.622,37.2,0.896,0,0.0
Car,8.367,1,1.0,0.526,18.0,0.797,1,1.85628
Car,9.852,3,3.0,0.725,36.35,0.034,0,0.72625
Car,4.198,1,1.0,0.806,20.94,0.687,0,0.98778
Walking,13.966,1,107.22,0.16,24.69,0.16,1,0.0
Metro,13.522,1,131.26,0.706,29.19,0.451,1,0.49712
Motorcycle,5.616,1,121.69,0.967,34.31,0.127,1,0.71069
Car,5.515,1,1.0,0.066,23.3,0.222,1,1.05359
Bicycle,4.647,1,117.1,0.198,21.56,0.805,0,0.0
Walking,10.825,1,122.42,0.586,23.52,0.45,1,0.0
Metro,11.036,1,129.05,0.773,15.95,0.619,1,0.40092
Car,14.753,2,2.0,0.78,38.25,0.355,1,1.69781
Bus,37.893,1,21.9,0.495,16.29,0.573,1,3.0082
Bus,16.604,1,17.52,0.926,31.69,0.761,0,1.85825
Motorcycle,7.912,1,116.22,0.131,35.61,0.84,1,0.86492
Motorcycle,4.389,1,119.06,0.76,33.24,0.149,1,0.52278
Metro,5.345,1,126.79,0.334,20.73,0.698,1,0.20778
Motorcycle,14.417,1,100.17,0.168,38.77,0.356,1,1.67826
Car,3.179,4,4.0,0.415,18.03,0.289,0,0.18143
Walking,2.423,1,121.75,0.351,31.62,0.116,1,0.0
Bicycle,16.681,1,126.42,0.122,21.5,0.76,0,0.0
Bicycle,18.692,1,121.6,0.878,33.33,0.862,0,0.00195
Metro,11.394,1,118.87,0.389,22.32,0.634,0,0.4585
Bicycle,2.539,1,120.01,0.747,20.17,0.576,0,0.00202
Metro,8.631,1,117.17,0.35,37.81,0.837,1,0.33033
Car,21.984,2,2.0,0.698,18.57,0.132,1,2.40312
Bicycle,31.597,1,141.53,0.323,12.2,0.312,0,0.00604
Motorcycle,1.156,1,122.86,0.149,25.94,0.847,0,0.12429
Metro,6.132,1,106.24,0.408,28.35,0.527,0,0.29136
Motorcycle,5.712,1,118.52,0.991,19.2,0.123,1,0.70077
Walking,8.341,1,108.6,0.26,18.92,0.919,1,0.00992
Motorcycle,4.447,1,118.91,0.773,10.93,0.824,0,0.55626
Bicycle,12.348,1,121.93,0.733,31.77,0.269,1,0.0
Walking,1.749,1,112.45,0.315,38.93,0.024,1,0.0
Metro,24.263,1,136.81,0.873,21.04,0.81,0,0.8834
Bicycle,18.719,1,111.19,0.517,26.2,0.444,1,0.00096
Walking,19.567,1,121.67,0.525,15.71,0.863,0,0.0
Bicycle,30.029,1,124.76,0.64,32.58,0.174,0,0.00524
Motorcycle,8.264,1,111.72,0.356,30.25,0.793,0,0.98416
Bus,9.397,1,18.13,0.471,39.1,0.373,1,0.92794
Walking,21.969,1,122.29,0.538,27.46,0.968,0,0.00679
Metro,20.329,1,126.03,0.854,24.31,0.314,0,0.79331
Metro,6.748,1,120.18,0.039,27.55,0.401,1,0.26262
Bus,2.999,1,18.07,0.13,37.53,0.672,1,0.28685
Metro,22.747,1,124.98,0.769,34.83,0.706,1,0.92502
Car,3.432,4,4.0,0.132,38.82,0.071,1,0.18569
Car,11.759,4,4.0,0.011,34.79,0.038,1,0.54734
Metro,11.248,1,125.09,0.957,33.56,0.923,1,0.45214
Bicycle,31.346,1,124.15,0.043,13.24,0.49,0,0.00801
Bus,12.393,1,3.82,0.346,19.49,0.702,0,5.92591
Metro,6.491,1,111.44,0.044,30.4,0.322,1,0.27385
Bus,14.588,1,17.6,0.02,18.24,0.538,1,1.34655
Bus,9.83,1,34.49,0.887,10.52,0.94,1,0.55501
Bus,23.982,1,38.01,0.904,35.39,0.515,1,1.2332
Bicycle,9.825,1,117.24,0.541,16.46,0.729,0,0.00169
Car,14.311,4,4.0,0.247,13.7,0.023,1,0.7032
Metro,13.458,1,125.05,0.541,30.89,0.131,0,0.50839
Motorcycle,8.435,1,125.71,0.273,39.44,0.273,0,0.93422
Bicycle,13.574,1,139.21,0.603,30.95,0.157,0,0.0
Motorcycle,4.728,1,110.04,0.716,14.91,0.902,1,0.56666
Bicycle,14.24,1,120.21,0.837,23.87,0.871,1,0.0
Metro,6.04,1,119.15,0.204,13.2,0.201,1,0.25114
Motorcycle,5.499,1,110.39,0.282,23.69,0.529,1,0.62735
Car,23.899,4,4.0,0.896,19.07,0.156,0,1.32129
Walking,12.578,1,111.14,0.434,30.56,0.366,1,0.00081
Metro,9.624,1,121.94,0.741,19.14,0.488,0,0.3875
Walking,5.19,1,125.44,0.119,10.01,0.359,0,0.0
Car,36.868,2,2.0,0.226,25.58,0.98,1,3.86441
Bus,9.692,1,6.75,0.689,36.92,0.441,1,2.67989
Metro,11.342,1,119.99,0.883,31.88,0.958,1,0.47381
Bicycle,6.253,1,126.88,0.138,30.43,0.604,1,0.01547
Metro,9.669,1,125.93,0.623,39.15,0.671,0,0.36848
Car,19.614,1,1.0,0.819,21.3,0.098,1,4.38262
Walking,10.105,1,126.95,0.177,39.56,0.844,0,0.0
Bicycle,7.228,1,126.32,0.098,19.02,0.502,0,0.0
Car,24.601,1,1.0,0.565,15.93,0.597,0,5.18901
Car,22.415,3,3.0,0.031,26.05,0.817,1,1.50084
Motorcycle,4.319,1,127.41,0.944,29.57,0.561,1,0.54405
Motorcycle,19.752,1,112.72,0.764,37.86,0.222,0,2.32591
Walking,20.518,1,121.98,0.878,27.99,0.741,0,0.00168
Motorcycle,6.548,1,124.94,0.888,10.39,0.08,1,0.80482
Motorcycle,11.177,1,132.69,0.202,17.98,0.769,1,1.28413
Motorcycle,18.574,1,121.94,0.98,38.93,0.022,0,2.30915
Bus,10.923,1,11.8,0.264,10.25,0.58,1,1.57063
Walking,15.173,1,105.32,0.585,39.26,0.748,1,0.0068
Bicycle,13.301,1,124.1,0.704,28.24,0.3,1,0.0
Motorcycle,3.57,1,116.68,0.673,30.78,0.161,0,0.43777
Motorcycle,16.914,1,115.22,0.377,29.78,0.22,1,1.94408
Walking,16.381,1,124.09,0.734,26.59,0.139,1,0.0166
Bicycle,21.204,1,122.74,0.366,19.55,0.251,0,0.0
Metro,30.033,1,108.89,0.165,35.47,0.702,0,1.38374
Bicycle,3.598,1,122.79,0.069,15.13,0.897,1,0.00728
Motorcycle,14.685,1,123.83,0.521,38.74,0.201,0,1.67269
Metro,9.241,1,111.74,0.206,33.95,0.463,1,0.4027
Bus,6.988,1,13.54,0.11,35.72,0.846,0,0.89582
Bus,12.455,1,13.26,0.083,19.66,0.691,1,1.52035
Walking,13.894,1,128.44,0.864,26.72,0.061,1,0.00261
Motorcycle,13.541,1,126.04,0.269,17.23,0.828,0,1.53603
Bus,7.962,1,10.22,0.185,20.61,0.06,1,1.29175
Car,9.561,3,3.0,0.378,31.17,0.032,0,0.68034
Bus,16.094,1,15.25,0.966,14.33,0.067,1,1.97492
Car,16.645,1,1.0,0.348,29.53,0.547,0,3.59052
Metro,13.949,1,122.18,0.595,25.51,0.344,0,0.57797
Bus,10.654,1,6.28,0.13,33.92,0.014,0,2.77497
Bus,6.678,1,15.82,0.541,33.77,0.591,1,0.75311
Bus,9.383,1,21.34,0.632,23.22,0.373,1,0.79695
Car,14.136,2,2.0,0.546,23.92,0.421,0,1.53054
Car,10.1,3,3.0,0.483,25.5,0.89,0,0.75176
Car,13.359,4,4.0,0.001,24.79,0.311,0,0.63291
Motorcycle,13.315,1,134.74,0.717,39.74,0.028,0,1.58234
Car,10.142,5,5.0,0.713,31.73,0.076,0,0.45653
Motorcycle,8.004,1,137.97,0.207,22.85,0.867,0,0.91508
Walking,1.02,1,120.78,0.436,34.15,0.453,0,0.0135
Metro,19.067,1,119.37,0.185,24.06,0.43,1,0.78341
Metro,15.946,1,113.73,0.121,11.94,0.198,0,0.69278
Motorcycle,6.874,1,120.57,0.836,21.33,0.872,0,0.89519
Walking,37.491,1,111.96,0.993,18.29,0.438,1,0.01919
Motorcycle,22.13,1,120.11,0.42,20.89,0.58,0,2.56992
Bicycle,1.721,1,128.7,0.529,29.15,0.675,0,0.0
Bus,4.857,1,11.11,0.354,27.56,0.838,1,0.81503
Car,6.136,2,2.0,0.749,10.77,0.61,0,0.69133
Bus,12.185,1,15.1,0.312,22.34,0.569,0,1.37661
Bicycle,21.014,1,117.1,0.817,27.78,0.692,0,0.0
Motorcycle,9.2,1,114.88,0.345,28.14,0.561,1,1.00217
Metro,10.8,1,122.38,0.862,17.71,0.612,0,0.4547
Bus,13.93,1,13.73,0.226,28.47,0.752,1,1.7281
Car,2.603,4,4.0,0.928,14.34,0.356,1,0.16032
Bicycle,4.835,1,121.63,0.188,15.25,0.301,1,0.0
Motorcycle,20.84,1,117.21,0.973,19.96,0.97,1,2.74276
Motorcycle,23.248,1,134.52,0.257,17.87,0.943,1,2.64765
Motorcycle,3.158,1,123.15,0.345,28.0,0.425,0,0.3572
Bus,16.826,1,17.84,0.509,16.3,0.031,0,1.71139
Bicycle,15.862,1,128.42,0.684,15.62,0.979,1,0.02014
Car,5.477,5,5.0,0.26,39.84,0.458,0,0.21442
Car,21.679,5,5.0,0.024,23.9,0.918,0,0.92153
Car,9.086,3,3.0,0.748,26.77,0.202,1,0.67366
Walking,32.142,1,108.35,0.762,12.13,0.643,1,0.0
Metro,0.923,1,101.61,0.901,26.39,0.067,0,0.03384
Bus,5.214,1,9.74,0.143,16.93,0.876,1,0.97784
Metro,14.543,1,121.79,0.399,32.58,0.914,1,0.57723
Bus,7.028,1,19.39,0.537,16.36,0.356,0,0.64536
Bicycle,20.209,1,112.04,0.117,12.32,0.787,0,0.01451
Walking,9.911,1,116.05,0.084,16.85,0.932,1,0.01767
Car,19.619,2,2.0,0.221,16.15,0.888,1,2.07052
Car,5.724,5,5.0,0.077,33.97,0.256,0,0.22713
Walking,29.652,1,136.86,0.409,30.9,0.316,1,0.0
Motorcycle,5.509,1,114.34,0.968,35.32,0.304,0,0.69025
Bus,22.131,1,16.98,0.272,18.54,0.062,1,2.29687
Car,7.155,3,3.0,0.722,16.12,0.531,0,0.54021
Bus,13.665,1,16.06,0.15,15.22,0.655,0,1.45275
Walking,18.408,1,121.49,0.872,12.02,0.102,0,0.0
Walking,5.334,1,117.64,0.235,20.3,0.899,0,0.00341
Bus,11.41,1,18.67,0.158,37.56,0.562,1,0.99968
Bus,12.804,1,27.2,0.786,16.6,0.237,1,0.8848
Metro,7.706,1,114.78,0.04,21.36,0.556,1,0.33174
Car,16.632,3,3.0,0.839,30.2,0.562,1,1.24676
Bicycle,3.436,1,121.11,0.413,25.19,0.65,0,0.0
Motorcycle,2.48,1,126.45,0.254,35.42,0.055,0,0.27036
Bus,4.335,1,14.26,0.811,27.02,0.233,0,0.58359
Metro,9.965,1,125.26,0.548,19.32,0.854,1,0.36639
Walking,26.734,1,117.82,0.469,39.26,0.371,0,0.00424
Bicycle,18.292,1,125.59,0.237,14.46,0.424,1,0.00081
Metro,23.452,1,102.58,0.246,16.27,0.307,1,1.14026
Motorcycle,18.339,1,127.65,0.646,36.71,0.139,0,2.09405
Metro,37.868,1,122.96,0.555,29.29,0.819,0,1.53266
Car,14.852,4,4.0,0.345,10.83,0.09,0,0.74309
Motorcycle,12.328,1,113.39,0.735,39.99,0.41,1,1.47312
Metro,6.359,1,114.89,0.713,17.56,0.255,1,0.26339
Metro,7.6,1,115.13,0.152,35.49,0.456,0,0.31832
Metro,28.693,1,127.89,0.663,33.79,0.122,1,1.03552
Metro,9.362,1,122.22,0.919,39.32,0.156,1,0.40779
Bus,8.812,1,25.32,0.798,22.3,0.605,1,0.69347
Metro,12.457,1,111.53,0.904,13.54,0.642,0,0.54536
Walking,9.588,1,131.08,0.153,31.19,0.957,0,0.0
Metro,7.16,1,130.77,0.195,13.89,0.726,1,0.27339
Car,11.445,5,5.0,0.48,30.05,0.219,1,0.47122
Walking,7.25,1,121.97,0.106,11.19,0.987,1,0.01635
Motorcycle,10.548,1,120.08,0.724,39.18,0.021,1,1.23453
Metro,18.168,1,114.93,0.088,35.13,0.877,1,0.77433
Car,10.9,2,2.0,0.792,25.33,0.958,1,1.36438
Motorcycle,6.195,1,124.57,0.395,30.98,0.29,1,0.73113
Metro,4.37,1,124.5,0.497,14.41,0.399,1,0.18402
Car,12.181,2,2.0,0.717,12.23,0.396,0,1.42407
Motorcycle,5.561,1,134.96,0.821,37.52,0.807,0,0.69471
Bus,2.715,1,23.42,0.727,35.37,0.823,1,0.22538
Metro,23.257,1,114.43,0.46,11.02,0.092,1,1.0173
Bicycle,13.572,1,127.73,0.148,35.43,0.478,0,0.00258
Bus,6.621,1,28.26,0.806,19.18,0.922,1,0.48141
Bus,5.343,1,30.57,0.844,26.83,0.968,0,0.35567
Walking,4.096,1,120.78,0.681,32.36,0.238,1,0.0
Car,48.691,3,3.0,0.518,34.81,0.981,0,3.63053
Bus,8.383,1,12.01,0.482,31.27,0.703,1,1.27568
Walking,16.541,1,127.82,0.662,33.21,0.859,0,0.00721
Car,19.817,3,3.0,0.482,17.53,0.525,1,1.41951
Bus,19.349,1,2.0,0.934,28.4,0.229,1,18.64451
Car,4.662,3,3.0,0.268,24.78,0.441,1,0.33416
Bus,13.797,1,20.76,0.773,37.23,0.045,1,1.19732
Car,13.094,5,5.0,0.121,13.08,0.977,1,0.54421
Metro,4.486,1,104.25,0.657,11.4,0.595,1,0.20736
Bus,9.353,1,18.74,0.951,23.37,0.232,0,1.00916
Motorcycle,6.645,1,115.57,0.646,13.99,0.708,0,0.77025
Motorcycle,9.485,1,126.24,0.078,26.97,0.901,1,1.00701
Metro,12.583,1,131.15,0.402,19.2,0.1,1,0.45675
Motorcycle,20.011,1,124.57,0.256,22.77,0.161,0,2.17278
Car,13.626,4,4.0,0.981,24.28,0.606,1,0.80154
Metro,23.203,1,123.71,0.234,28.24,0.108,0,0.89052
Car,12.202,3,3.0,0.705,35.5,0.524,0,0.94968
Walking,15.851,1,126.58,0.866,20.04,0.315,0,0.0
Bus,9.082,1,28.44,0.19,31.72,0.55,0,0.53236
Bicycle,18.853,1,113.96,0.855,29.15,0.879,1,0.00789
Motorcycle,15.569,1,114.99,0.481,11.32,0.742,0,1.8815
Walking,20.501,1,117.78,0.748,35.48,0.698,0,0.0
Walking,11.613,1,113.9,0.162,38.15,0.598,0,0.0
Bicycle,20.081,1,118.91,0.774,17.14,0.885,0,0.0
Motorcycle,26.293,1,121.57,0.647,14.5,0.999,1,3.2752
Walking,48.128,1,130.79,0.24,34.92,0.894,0,0.0027
Bicycle,29.167,1,113.73,0.83,38.02,0.403,0,0.0
Motorcycle,4.092,1,113.56,0.548,18.24,0.712,1,0.49357
Car,51.008,2,2.0,0.24,15.76,0.861,1,5.39334
Metro,14.853,1,109.82,0.567,19.17,0.541,0,0.66375
Bicycle,9.398,1,124.23,0.11,34.53,0.544,0,0.0
Motorcycle,7.575,1,119.77,0.04,17.49,0.077,0,0.7512
Bicycle,17.403,1,119.37,0.201,19.11,0.684,0,0.01037
Car,9.479,5,5.0,0.15,21.32,0.973,0,0.393
Metro,3.571,1,115.71,0.045,34.79,0.153,0,0.14688
Motorcycle,7.214,1,124.67,0.243,24.83,0.335,1,0.7236
Bus,20.241,1,14.7,0.758,33.61,0.786,1,2.5506
Bus,28.158,1,30.22,0.608,15.94,0.085,1,1.66878
Motorcycle,22.674,1,119.71,0.917,27.68,0.211,0,2.79538
Motorcycle,15.9,1,114.09,0.264,33.98,0.01,0,1.83235
Bus,5.935,1,32.1,0.256,32.57,0.13,0,0.30711
Bus,23.714,1,13.57,0.931,19.18,0.143,0,3.43942
Motorcycle,18.642,1,121.14,0.832,26.88,0.247,0,2.20016
Bicycle,13.181,1,120.52,0.466,33.6,0.069,0,0.0
Bus,21.676,1,13.97,0.36,37.55,0.835,0,2.98884
Bus,21.794,1,21.22,0.261,34.87,0.704,0,1.8024
Motorcycle,29.334,1,129.55,0.272,16.8,0.678,1,3.2253
Metro,3.9,1,132.39,0.46,37.25,0.22,0,0.14467
Car,8.417,5,5.0,0.879,15.14,0.699,0,0.41388
Bicycle,12.932,1,132.63,0.694,36.75,0.317,0,0.00356
Metro,4.216,1,107.55,0.284,12.46,0.063,1,0.18797
Bicycle,21.271,1,120.89,0.262,11.5,0.542,0,0.0
Bus,22.295,1,12.06,0.658,12.69,0.35,0,3.41593
Car,7.34,5,5.0,0.869,32.78,0.009,0,0.34642
Car,22.042,1,1.0,0.457,10.82,0.85,1,4.95471
Walking,20.482,1,102.85,0.495,34.98,0.527,1,0.00047
Motorcycle,3.996,1,111.98,0.469,38.31,0.106,0,0.43831
Motorcycle,6.703,1,122.26,0.604,14.83,0.352,1,0.79532
Metro,5.768,1,125.78,0.51,31.56,0.727,1,0.22966
Car,20.959,2,2.0,0.308,37.2,0.383,0,2.21028
Bicycle,33.967,1,119.94,0.794,20.14,0.527,1,0.00028
Metro,28.403,1,119.31,0.794,14.1,0.044,1,1.11879
Bus,11.211,1,11.53,0.01,21.89,0.555,1,1.58475
Motorcycle,4.347,1,114.41,0.444,26.42,0.503,1,0.49468
Bicycle,4.38,1,136.21,0.153,36.19,0.179,1,0.0
Car,6.447,4,4.0,0.207,33.66,0.93,1,0.34341
Bus,22.874,1,12.45,0.843,33.28,0.284,0,3.56277
Car,15.396,2,2.0,0.075,30.66,0.483,0,1.64564
Bus,10.56,1,15.41,0.652,20.88,0.118,0,1.29509
Bicycle,18.512,1,118.41,0.32,39.11,0.501,0,0.00079
Motorcycle,3.038,1,128.48,0.044,14.41,0.857,0,0.32173
Metro,12.205,1,123.09,0.406,15.83,0.945,0,0.47301
Bus,19.272,1,16.35,0.341,28.24,0.368,0,1.89719
Bus,9.557,1,17.13,0.598,33.48,0.65,1,1.04814
Motorcycle,28.843,1,119.45,0.512,10.16,0.442,0,3.3066
Bicycle,9.744,1,124.23,0.31,34.82,0.507,1,0.01342
Car,1.808,1,1.0,0.699,35.36,0.993,1,0.40132
Bus,12.528,1,19.37,0.677,17.09,0.28,1,1.12501
Bus,13.227,1,22.06,0.809,36.58,0.905,1,1.17101
Bicycle,3.14,1,123.05,0.733,16.69,0.931,1,0.00985
Motorcycle,34.532,1,120.76,0.749,33.7,0.811,1,4.24626
Bus,13.331,1,16.66,0.202,23.71,0.97,1,1.39865
Motorcycle,11.687,1,125.24,0.687,14.05,0.247,1,1.37312
Car,24.459,4,4.0,0.865,12.6,0.898,1,1.48021
Bicycle,29.216,1,121.43,0.118,22.38,0.494,1,0.0
Motorcycle,25.349,1,123.74,0.33,22.69,0.494,0,2.70351
Motorcycle,14.665,1,112.29,0.181,29.39,0.924,0,1.66821
Walking,9.038,1,126.42,0.814,26.21,0.334,0,0.00658
Walking,10.971,1,105.35,0.715,28.74,0.727,0,0.0022
Metro,6.408,1,118.44,0.122,39.36,0.395,0,0.2602
Bicycle,8.906,1,103.28,0.234,14.86,0.528,0,0.0
Metro,31.543,1,129.2,0.356,30.94,0.866,0,1.18851
Bus,31.126,1,9.77,0.243,33.47,0.732,1,5.33029
Walking,3.647,1,120.05,0.199,20.42,0.15,1,0.00988
Metro,8.055,1,124.17,0.966,30.23,0.882,1,0.30398
Motorcycle,11.772,1,121.18,0.692,20.1,0.054,0,1.33915
Car,19.033,4,4.0,0.778,39.21,0.708,1,1.11931
Bicycle,35.689,1,122.33,0.415,14.66,0.739,1,0.0
Bicycle,7.997,1,115.38,0.939,16.29,0.077,0,0.01418
Bus,12.761,1,19.18,0.802,28.0,0.953,0,1.25174
Bus,11.297,1,23.41,0.05,13.34,0.495,0,0.77859
Metro,5.221,1,121.26,0.761,33.44,0.702,0,0.20594
Bicycle,4.113,1,129.97,0.014,28.95,0.431,0,0.00383
Car,12.269,5,5.0,0.902,30.65,0.061,1,0.59271
Bicycle,7.464,1,119.09,0.708,37.09,0.522,1,0.0
Motorcycle,1.726,1,129.19,0.913,37.31,0.351,0,0.21021
Bicycle,14.058,1,113.35,0.058,14.8,0.95,0,0.0
Bicycle,2.081,1,116.2,0.349,23.79,0.992,1,0.0
Car,10.594,3,3.0,0.716,23.55,0.175,1,0.80149
Bus,10.98,1,19.43,0.382,39.09,0.791,1,0.99842
Car,32.134,1,1.0,0.341,39.19,0.473,0,7.04349
Motorcycle,10.894,1,133.0,0.675,24.84,0.624,1,1.25795
Motorcycle,37.517,1,113.74,0.135,24.48,0.433,1,4.15134
Bus,44.962,1,20.85,0.395,37.05,0.373,0,3.67162
Car,9.179,4,4.0,0.928,32.81,0.949,1,0.5621
Bus,10.416,1,6.85,0.73,25.37,0.552,0,2.8526
Bus,16.948,1,17.29,0.353,14.42,0.256,1,1.80056
Metro,18.795,1,116.37,0.234,18.59,0.705,1,0.7264
Bicycle,41.805,1,127.27,0.613,10.49,0.205,0,0.0
Metro,13.0,1,131.53,0.393,18.37,0.539,1,0.4742
Car,19.125,3,3.0,0.679,34.48,0.148,0,1.35636
Car,8.918,5,5.0,0.162,37.96,0.0,0,0.34165
Motorcycle,17.316,1,117.16,0.898,24.62,0.156,0,2.20223
Motorcycle,8.845,1,116.87,0.106,25.66,0.397,0,0.95773
Car,6.912,2,2.0,0.744,10.44,0.304,0,0.80123
Bus,12.612,1,16.54,0.0,11.15,0.098,1,1.21151
Car,15.994,3,3.0,0.844,22.23,0.876,0,1.3106
Bus,12.254,1,15.2,0.402,35.65,0.464,1,1.45977
Bicycle,26.729,1,120.03,0.99,17.92,0.165,0,0.00093
Car,7.396,2,2.0,0.081,37.44,0.577,0,0.75917
Bicycle,3.315,1,115.43,0.72,17.91,0.384,0,0.0037
Motorcycle,16.897,1,110.98,0.791,17.92,0.187,0,1.94436
Metro,8.197,1,120.29,0.603,10.39,0.234,1,0.35511
Motorcycle,10.609,1,124.68,0.706,14.45,0.075,0,1.25188
Bicycle,14.576,1,121.3,0.519,10.28,0.298,0,0.0
Bus,7.395,1,13.55,0.852,21.49,0.184,0,1.03511
Metro,24.689,1,108.94,0.161,24.5,0.119,1,1.072
Metro,10.038,1,123.05,0.151,35.68,0.537,1,0.38557
Walking,9.236,1,124.9,0.88,30.83,0.841,0,0.0
Metro,8.955,1,106.54,0.41,32.36,0.987,0,0.43055
Motorcycle,12.886,1,113.45,0.65,38.1,0.997,0,1.6389
Bus,5.899,1,17.58,0.684,16.67,0.231,1,0.60421
Motorcycle,12.074,1,121.44,0.624,14.75,0.863,0,1.46467
Bus,16.377,1,16.19,0.486,11.12,0.534,1,1.80237
Metro,9.78,1,104.68,0.596,29.82,0.361,1,0.46031
Metro,9.375,1,115.32,0.26,30.35,0.774,0,0.40102
Metro,9.145,1,122.25,0.778,29.84,0.843,0,0.37479
Bus,3.851,1,6.23,0.518,13.23,0.979,0,1.12002
Metro,10.915,1,117.34,0.677,27.57,0.326,1,0.46667
Motorcycle,2.784,1,132.25,0.384,38.23,0.848,0,0.32
Bicycle,3.816,1,121.21,0.875,18.03,0.222,1,0.0
Motorcycle,10.89,1,126.53,0.091,32.61,0.249,1,1.154
Bicycle,8.516,1,113.36,0.844,39.34,0.119,1,0.0
Walking,11.443,1,109.44,0.594,11.06,0.758,1,0.00432
Bus,7.431,1,14.86,0.075,17.8,0.522,1,0.84942
Car,10.835,5,5.0,0.22,12.47,0.247,0,0.43209
Walking,1.732,1,120.62,0.118,12.99,0.122,1,0.0
Bus,8.741,1,21.94,0.196,25.09,0.049,0,0.63836
Motorcycle,5.744,1,111.88,0.06,38.16,0.042,1,0.60393
Walking,5.894,1,119.37,0.799,16.76,0.826,0,0.0
Motorcycle,8.042,1,113.14,0.216,12.27,0.551,1,0.87916
Bicycle,11.481,1,125.24,0.779,10.23,0.087,1,0.01562
Walking,10.423,1,122.89,0.757,29.64,0.848,1,0.0
Bicycle,5.227,1,118.39,0.356,39.52,0.311,1,0.0
Bus,12.728,1,16.56,0.536,18.01,0.847,1,1.45708
Metro,14.139,1,115.33,0.616,33.83,0.457,0,0.60718
Motorcycle,11.693,1,114.27,0.702,22.47,0.601,0,1.48194
Walking,11.279,1,111.75,0.901,30.71,0.976,1,0.0
Bicycle,10.849,1,114.96,0.524,25.81,0.417,0,0.00065
Bus,20.553,1,29.94,0.858,19.08,0.305,0,1.37543
Bicycle,14.486,1,115.21,0.76,34.19,0.504,0,0.00026
Car,7.1,2,2.0,0.135,31.37,0.621,1,0.71184
Bus,5.181,1,16.83,0.412,27.84,0.955,0,0.58523
Motorcycle,6.076,1,116.38,0.997,13.07,0.612,0,0.77284
Bicycle,24.898,1,141.29,0.803,17.12,0.341,1,0.00237
Bus,14.958,1,8.43,0.924,34.03,0.728,0,3.61819
Car,7.972,2,2.0,0.478,26.56,0.123,1,0.82099
Bicycle,2.702,1,119.46,0.2,15.42,0.952,0,0.002
Bicycle,12.094,1,121.32,0.087,26.65,0.263,1,0.00686
Walking,24.624,1,139.24,0.951,22.35,0.044,0,0.00072
Metro,17.725,1,136.53,0.129,23.17,0.452,1,0.6496
Walking,11.898,1,128.87,0.349,28.93,0.624,0,0.02219
Motorcycle,14.244,1,126.74,0.572,14.82,0.241,0,1.65713
Bus,11.848,1,23.8,0.987,29.6,0.686,1,1.00728
Car,17.868,2,2.0,0.191,31.43,0.874,1,1.87913
Motorcycle,11.035,1,118.69,0.253,16.17,0.533,0,1.18487
Bus,3.734,1,12.11,0.906,33.77,0.608,1,0.60637
Motorcycle,19.012,1,119.58,0.908,21.79,0.336,1,2.37911
Bus,15.112,1,19.81,0.013,30.8,0.063,1,1.14662
Metro,7.085,1,112.2,0.758,29.12,0.195,0,0.31944
Metro,13.373,1,121.75,0.32,35.18,0.962,0,0.56623
Metro,37.671,1,132.51,0.197,30.68,0.166,1,1.40435
Car,6.313,3,3.0,0.52,14.12,0.246,0,0.47053
Car,16.421,2,2.0,0.374,10.65,0.32,1,1.77398
Bicycle,15.762,1,122.25,0.832,37.75,0.468,0,0.0
Bicycle,5.578,1,135.12,0.303,23.31,0.735,0,0.00866
Metro,7.849,1,124.7,0.903,24.28,0.457,1,0.29511
Bus,18.961,1,4.92,0.345,34.35,0.246,1,6.99517
Motorcycle,17.554,1,116.78,0.833,20.97,0.283,1,2.24389
Bicycle,5.739,1,121.96,0.472,17.42,0.931,0,0.00415
Bicycle,23.231,1,116.47,0.066,35.65,0.877,0,0.00631
Bus,21.552,1,21.84,0.61,12.18,0.009,1,1.90817
Bicycle,3.35,1,121.09,0.179,28.24,0.205,0,0.00037
Bus,15.948,1,4.41,0.313,33.89,0.275,1,6.05181
Motorcycle,11.456,1,109.58,0.407,31.79,0.195,0,1.31012
Car,11.354,2,2.0,0.172,38.76,0.809,1,1.13156
Bicycle,10.853,1,128.32,0.552,34.34,0.187,0,0.0
Car,21.038,3,3.0,0.111,13.23,0.713,0,1.5044
Metro,7.338,1,119.38,0.571,26.4,0.937,0,0.29818
Walking,10.872,1,123.86,0.893,30.34,0.932,0,0.0
Bicycle,29.968,1,98.19,0.657,38.58,0.764,1,0.00928
Car,3.023,2,2.0,0.624,30.33,0.515,0,0.34725
Car,22.072,2,2.0,0.62,13.52,0.345,0,2.42039
Bus,11.824,1,22.83,0.759,20.6,0.966,0,1.00686
Metro,4.886,1,112.96,0.634,13.4,0.806,1,0.19104
Motorcycle,7.29,1,118.8,0.688,13.91,0.773,0,0.90195
Car,3.922,3,3.0,0.817,37.79,0.939,1,0.30164
Bicycle,18.516,1,127.07,0.161,39.33,0.195,0,0.0
Car,15.568,5,5.0,0.969,18.02,0.409,1,0.7547
Metro,6.499,1,113.44,0.929,30.1,0.683,1,0.26328
Motorcycle,6.202,1,130.26,0.132,21.17,0.13,0,0.68334
Walking,11.097,1,113.49,0.016,39.91,0.517,1,0.0
Metro,3.223,1,133.58,0.978,35.84,0.502,1,0.11517
Motorcycle,8.579,1,126.55,0.918,34.97,0.907,0,1.09628
Bicycle,10.447,1,109.69,0.029,34.55,0.704,0,0.0
Bus,20.347,1,29.78,0.193,22.51,0.26,0,1.15254
Bus,23.276,1,25.18,0.405,17.21,0.026,0,1.51997
Bus,10.707,1,13.91,0.56,27.21,0.724,0,1.4334
Car,36.06,4,4.0,0.31,10.23,0.462,0,1.94509
Bicycle,1.702,1,114.92,0.984,19.36,0.429,0,0.0
Car,15.688,5,5.0,0.713,24.19,0.969,0,0.75559
Bus,4.137,1,9.76,0.771,25.18,0.539,1,0.81776
Metro,7.484,1,121.25,0.628,36.62,0.447,1,0.31051
Bicycle,7.3,1,110.95,0.103,36.13,0.362,0,0.0
Metro,16.783,1,129.7,0.36,24.33,0.322,1,0.65418
Motorcycle,4.304,1,104.64,0.025,14.91,0.541,1,0.46045
Metro,13.997,1,127.48,0.45,29.52,0.68,1,0.51867
Car,27.166,3,3.0,0.633,35.93,0.724,1,2.04551
Walking,3.996,1,132.35,0.939,25.77,0.743,0,0.00102
Metro,8.728,1,121.94,0.796,36.29,0.636,0,0.37492
Bus,7.086,1,32.27,0.686,30.65,0.311,0,0.40697
Motorcycle,19.767,1,114.76,0.471,15.02,0.733,1,2.5301
Car,1.761,5,5.0,0.48,27.35,0.639,0,0.08383
Walking,5.512,1,117.52,0.392,36.24,0.993,0,0.00931
Car,14.996,1,1.0,0.053,15.91,0.676,1,2.89742
Bicycle,0.937,1,117.33,0.682,24.27,0.862,0,0.00643
Metro,6.854,1,114.04,0.204,35.07,0.533,0,0.29314
Motorcycle,7.933,1,125.15,0.995,29.77,0.855,0,1.03105
Bicycle,9.647,1,107.12,0.961,17.48,0.367,0,0.00032
Metro,6.622,1,120.49,0.908,24.1,0.534,1,0.26507
Walking,0.5,1,139.29,0.688,18.3,0.13,1,0.0
Car,5.084,2,2.0,0.777,35.55,0.991,1,0.53957
Car,14.886,3,3.0,0.433,10.98,0.643,0,1.05972
Walking,7.542,1,110.29,0.764,24.74,0.362,1,0.0
Bus,8.087,1,30.42,0.981,23.45,0.733,0,0.53817
Bicycle,7.105,1,121.44,0.23,30.96,0.683,0,0.00486
Motorcycle,6.421,1,118.03,0.745,10.35,0.906,1,0.77117
Bicycle,22.016,1,138.83,0.502,18.77,0.381,0,0.01093
Bus,21.0,1,24.84,0.464,28.87,0.948,1,1.60678
Bus,6.7,1,24.04,0.86,31.38,0.971,0,0.52563
Motorcycle,14.213,1,117.19,0.088,39.33,0.315,0,1.44045
Motorcycle,13.721,1,126.99,0.338,34.33,0.436,1,1.48001
Bicycle,6.505,1,133.41,0.104,11.16,0.187,1,0.00765
Bicycle,9.045,1,119.12,0.52,15.16,0.897,1,0.0
Bicycle,18.208,1,135.01,1.0,33.54,0.641,0,0.0
Bicycle,10.627,1,118.04,0.209,30.55,0.503,1,0.0
Motorcycle,12.39,1,116.39,0.442,13.58,0.642,1,1.49596
Walking,3.925,1,102.45,0.88,34.62,0.23,1,0.0
Car,11.388,5,5.0,0.185,16.8,0.888,1,0.45912
Bicycle,11.899,1,110.09,0.65,23.28,0.675,0,0.0
Car,26.952,1,1.0,0.705,14.61,0.755,0,6.2159
Bicycle,5.701,1,128.79,0.184,34.88,0.531,1,0.01525
Walking,5.989,1,123.66,0.271,19.58,0.653,1,0.0
Bus,4.245,1,28.76,0.337,27.71,0.531,1,0.26787
Walking,6.112,1,119.55,0.743,14.61,0.834,0,0.0
Walking,11.792,1,128.85,0.431,29.4,0.988,1,0.00757
Motorcycle,19.938,1,119.4,0.761,31.52,0.943,0,2.47325
Car,6.759,2,2.0,0.176,33.16,0.355,0,0.70217
Metro,13.09,1,126.84,0.746,15.9,0.804,1,0.51149
Car,5.101,4,4.0,0.814,10.06,0.888,1,0.29135
Bicycle,7.637,1,116.6,0.374,20.79,0.598,1,0.01069
Bus,14.809,1,25.9,0.277,31.71,0.709,0,0.97147
Bicycle,13.946,1,114.53,0.0,26.35,0.66,0,0.00317
Motorcycle,6.325,1,120.45,0.818,34.28,0.59,0,0.80153
Bus,15.757,1,23.68,0.776,12.43,0.635,1,1.28019
Walking,0.5,1,112.7,0.666,27.66,0.266,1,0.00033
Walking,14.744,1,115.86,0.461,16.93,0.517,0,0.00399
Motorcycle,19.483,1,120.67,0.404,31.75,0.483,1,2.18526
Bicycle,3.648,1,113.81,0.615,33.9,0.55,1,0.0
Bus,2.265,1,22.09,0.126,39.93,0.906,1,0.17726
Motorcycle,11.778,1,121.24,0.457,22.72,0.362,1,1.38158
Metro,14.681,1,117.41,0.882,15.59,0.398,1,0.59539
Car,58.593,2,2.0,0.367,33.65,0.602,1,6.26267
Walking,7.401,1,125.01,0.631,30.09,0.031,1,0.00407
Motorcycle,13.352,1,136.48,0.354,21.79,0.268,0,1.47717
Car,18.312,4,4.0,0.397,15.85,0.976,0,1.03778
Motorcycle,5.834,1,130.62,0.931,12.23,0.24,0,0.73902
Motorcycle,5.537,1,125.38,0.858,28.74,0.56,0,0.7016
Metro,18.328,1,110.75,0.675,14.7,0.552,1,0.82308
Metro,11.21,1,120.86,0.33,20.52,0.016,0,0.45995
Car,8.866,5,5.0,0.87,21.27,0.798,0,0.41589
Motorcycle,2.411,1,120.29,0.697,37.54,0.628,1,0.29615
Bus,9.512,1,19.41,0.494,11.57,0.175,0,0.90437
Motorcycle,7.373,1,124.18,0.84,27.29,0.978,1,0.93527
Motorcycle,18.845,1,116.41,0.2,30.53,0.988,0,2.22864
Metro,5.64,1,126.5,0.582,27.59,0.001,1,0.22265
Motorcycle,21.141,1,130.85,0.117,12.54,0.689,1,2.27092
Car,14.154,4,4.0,0.155,16.47,0.237,0,0.70885
Bus,24.841,1,24.23,0.295,24.27,0.941,1,1.8296
Motorcycle,16.004,1,115.09,0.776,27.77,0.869,0,2.07515
Bicycle,15.259,1,127.51,0.657,21.84,0.398,0,4e-05
Motorcycle,5.635,1,121.48,0.994,30.08,0.234,1,0.72902
Bicycle,10.871,1,130.78,0.026,17.95,0.158,1,0.0
Bus,14.962,1,16.16,0.868,25.94,0.377,1,1.7656
Bus,36.522,1,21.5,0.657,32.15,0.087,0,3.12534
Walking,19.644,1,122.63,0.163,11.04,0.264,1,0.00827
Bus,21.351,1,35.37,0.432,30.02,0.743,1,1.04084
Motorcycle,7.083,1,114.71,0.414,38.03,0.901,0,0.84142
Bicycle,7.414,1,129.1,0.539,28.48,0.773,0,0.0
Bus,28.109,1,17.45,0.71,20.88,0.249,1,2.91478
Metro,3.53,1,137.86,0.688,21.88,0.425,0,0.13689
Bicycle,3.987,1,126.13,0.212,34.55,0.355,0,0.0
Car,8.848,3,3.0,0.793,32.59,0.381,1,0.69001
Bicycle,21.17,1,110.39,0.488,13.61,0.334,1,0.0086
Walking,12.605,1,130.95,0.968,25.54,0.745,1,0.00856
Motorcycle,18.553,1,114.83,0.31,29.42,0.902,0,2.14547
Bicycle,2.253,1,105.9,0.973,16.87,0.481,0,0.00202
Bicycle,2.437,1,106.01,0.157,13.88,0.822,1,0.0
Metro,4.555,1,120.54,0.849,22.57,0.863,0,0.18491
Car,15.507,2,2.0,0.311,17.61,0.823,1,1.75241
Bicycle,4.323,1,130.92,0.333,18.11,0.431,0,0.01822
Bicycle,26.825,1,127.85,0.156,32.18,0.561,1,0.01585
Metro,7.178,1,116.27,0.52,34.08,0.055,1,0.31216
Bicycle,26.425,1,137.75,0.557,39.7,0.632,0,0.0
Bus,6.363,1,2.0,0.872,31.97,0.174,0,5.90928
Walking,13.463,1,126.62,0.677,17.73,0.096,0,0.0
Bus,9.904,1,27.93,0.076,36.48,0.178,0,0.63321
Car,16.827,4,4.0,0.405,10.21,0.644,1,0.89453
Bus,6.917,1,27.12,0.564,17.85,0.458,1,0.4567
Walking,19.168,1,120.21,0.901,24.15,0.551,1,0.0
Bus,10.488,1,5.86,0.309,36.9,0.099,0,3.11605
Car,20.322,3,3.0,0.271,22.61,0.445,1,1.33175
Bicycle,5.193,1,114.11,0.767,27.26,0.015,1,0.0
Metro,3.579,1,127.05,0.189,16.49,0.174,0,0.12655
Motorcycle,8.134,1,121.07,0.344,31.61,0.469,0,0.8944
Car,18.227,4,4.0,0.483,15.81,0.299,0,0.94728
Motorcycle,13.925,1,111.51,0.539,34.41,0.535,0,1.7141
Bicycle,3.033,1,119.89,0.732,38.67,0.756,0,0.00688
Walking,1.838,1,121.7,0.228,10.63,0.925,1,0.00994
Car,8.742,2,2.0,0.195,32.09,0.225,0,0.90238
Motorcycle,6.083,1,113.59,0.697,22.91,0.197,0,0.71725
Motorcycle,10.536,1,112.61,0.046,21.81,0.415,0,1.14475
Motorcycle,7.475,1,123.41,0.077,23.8,0.758,0,0.80156
Bus,4.439,1,24.19,0.633,26.04,0.006,1,0.33673
Motorcycle,16.476,1,114.95,0.947,39.27,0.227,1,2.05567
Bus,4.567,1,29.04,0.574,31.9,0.969,1,0.2965
Walking,16.71,1,117.36,0.572,22.66,0.582,0,0.0
Metro,3.446,1,123.6,0.566,25.32,0.058,0,0.15649
Bicycle,5.989,1,130.23,0.813,37.84,0.488,1,0.0
Walking,32.012,1,122.59,0.472,32.07,0.501,1,0.0
Bicycle,2.681,1,132.39,0.32,37.94,0.869,0,0.0
Bus,1.563,1,25.03,0.972,25.63,0.041,1,0.11569
Metro,1.006,1,126.13,0.587,36.44,0.716,1,0.04332
Motorcycle,3.528,1,128.0,0.129,38.81,0.454,0,0.37363
Walking,8.289,1,125.09,0.994,19.11,0.081,0,0.01079
Walking,21.362,1,136.53,0.067,30.74,0.711,0,0.00578
Motorcycle,0.5,1,111.19,0.91,19.01,0.223,0,0.06224
Walking,7.665,1,111.07,0.385,14.13,0.191,1,0.0
Motorcycle,13.221,1,121.89,0.783,31.21,0.402,0,1.56658
Metro,10.871,1,113.42,0.219,23.02,0.529,1,0.48826
Car,2.094,5,5.0,0.092,36.86,0.492,1,0.09083
Bus,16.866,1,11.66,0.42,15.18,0.79,0,2.75081
Car,29.164,2,2.0,0.527,28.32,0.108,0,2.89235
Car,19.621,4,4.0,0.068,24.02,0.658,0,0.98244
Car,37.978,1,1.0,0.438,32.02,0.125,0,7.67467
Bus,33.147,1,20.15,0.023,14.03,0.294,0,2.85643
Walking,38.714,1,116.4,0.808,17.18,0.404,1,0.00697
Bus,37.409,1,9.14,0.442,24.6,0.051,1,7.27361
Bus,27.159,1,25.22,0.778,23.75,0.173,1,2.0306
Walking,7.208,1,123.22,0.135,21.93,0.598,0,0.0
Walking,9.392,1,120.8,0.351,39.44,0.741,0,0.01447
Metro,6.794,1,110.79,0.013,31.17,0.083,0,0.31047
Metro,14.038,1,124.14,0.065,34.67,0.266,0,0.59366
Metro,7.442,1,111.23,0.205,23.1,0.603,0,0.33205
Car,12.15,1,1.0,0.404,16.64,0.293,0,2.53699
Walking,12.463,1,125.76,0.632,29.28,0.013,0,0.0
Walking,5.886,1,128.68,0.538,26.42,0.811,0,0.0
Bicycle,1.164,1,131.0,0.618,24.72,0.133,0,0.0
Car,15.585,4,4.0,0.56,16.51,0.732,1,0.94191
Metro,11.844,1,118.55,0.406,38.64,0.2,0,0.52065
Bicycle,18.061,1,121.57,0.231,17.84,0.117,1,0.00653
Car,20.654,2,2.0,0.826,12.85,0.725,0,2.35535
Metro,20.825,1,113.42,0.703,19.29,0.194,0,0.87151
Car,17.779,1,1.0,0.289,19.43,0.371,0,3.45192
Metro,4.308,1,126.7,0.113,25.96,0.976,1,0.17474
Bus,18.256,1,8.77,0.686,28.46,0.518,1,3.76651
Walking,19.44,1,122.08,0.558,30.47,0.349,0,0.00761
Bus,17.229,1,31.42,0.317,39.86,0.357,1,0.97665
Bus,8.352,1,31.31,0.246,21.72,0.859,1,0.47864
Bus,13.764,1,11.6,0.941,19.73,0.173,0,2.28334
Car,4.197,3,3.0,0.776,33.8,0.362,0,0.31206
Motorcycle,11.232,1,121.13,0.996,28.4,0.915,0,1.48036
Bicycle,3.215,1,132.35,0.28,28.53,0.39,0,0.0034
Bicycle,24.083,1,136.84,0.807,39.33,0.363,1,0.01531
Car,9.707,5,5.0,0.938,32.2,0.03,1,0.43916
Metro,20.101,1,135.16,0.802,24.64,0.958,0,0.76119
Bus,6.417,1,30.24,0.362,19.28,0.91,1,0.39723
Bicycle,14.277,1,131.17,0.417,24.9,0.098,0,0.0
Bicycle,2.007,1,119.75,0.173,38.43,0.759,0,0.0
Bus,12.109,1,21.16,0.348,38.71,0.581,1,0.9726
Bicycle,17.967,1,116.66,0.723,27.62,0.269,0,0.00712
Metro,4.139,1,120.06,0.232,14.57,0.346,1,0.17687
Walking,17.133,1,133.79,0.173,32.24,0.085,1,0.0
Metro,3.934,1,123.22,0.514,39.88,0.48,1,0.16827
Car,5.767,5,5.0,0.697,17.55,0.626,1,0.24618
Metro,21.208,1,129.12,0.452,31.68,0.486,0,0.79575
Bus,15.87,1,27.95,0.062,25.31,0.01,0,0.9202
Car,11.45,2,2.0,0.858,39.25,0.951,0,1.37274
Car,5.946,1,1.0,0.895,28.15,0.891,1,1.37696
Walking,13.878,1,128.72,0.354,13.86,0.799,0,0.00742
Walking,23.487,1,96.32,0.917,34.93,0.289,1,0.0
Bus,14.73,1,16.03,0.064,15.41,0.756,1,1.49889
Metro,5.685,1,127.15,0.384,36.41,0.941,1,0.21823
Car,25.851,1,1.0,0.492,23.26,0.655,1,5.70719
Motorcycle,8.537,1,124.26,0.358,12.49,0.155,1,0.97132
Bicycle,8.645,1,118.04,0.396,23.44,0.377,0,0.00742
Metro,10.779,1,123.65,0.201,28.14,0.158,1,0.43781
Bicycle,18.575,1,113.05,0.1,36.74,0.365,0,0.00471
Bus,5.995,1,29.56,0.72,25.4,0.764,1,0.38288
Walking,2.506,1,125.46,0.762,33.74,0.884,1,0.00898
Bus,10.047,1,39.59,0.527,29.38,0.163,0,0.46582
Motorcycle,11.048,1,115.4,0.431,17.43,0.369,1,1.29035
Bicycle,13.113,1,113.99,0.901,30.91,0.463,1,0.00049
Metro,10.642,1,136.51,0.284,32.87,0.094,1,0.35567
Motorcycle,4.941,1,121.35,0.327,20.66,0.1,1,0.57312
Car,9.226,3,3.0,0.178,29.43,0.942,0,0.65134
Bicycle,15.02,1,125.86,0.509,37.81,0.158,1,0.00922
Bicycle,7.851,1,105.56,0.656,30.98,0.818,1,0.01428
Car,8.829,3,3.0,0.933,34.69,0.638,1,0.68502
Car,10.533,1,1.0,0.876,30.45,0.389,1,2.53153
Bus,7.154,1,23.96,0.408,14.66,0.619,1,0.52016
Walking,6.994,1,125.49,0.06,10.52,0.64,0,0.0
Car,8.946,3,3.0,0.211,28.83,0.486,1,0.61458
Car,44.068,5,5.0,0.578,37.88,0.116,0,1.87931
Bicycle,18.312,1,126.65,0.147,36.12,0.642,1,0.00555
Car,13.467,2,2.0,0.038,21.25,0.936,0,1.35838
Bus,15.638,1,22.01,0.115,16.58,0.564,0,1.18202
Bicycle,18.907,1,116.61,0.224,37.57,0.88,0,0.0
Motorcycle,10.668,1,111.98,0.617,24.04,0.142,0,1.23457
Metro,8.179,1,110.9,0.967,16.28,0.633,1,0.37069
Bicycle,19.127,1,116.83,0.472,24.64,0.254,0,0.01874
Bicycle,2.161,1,109.14,0.448,25.84,0.331,0,0.0
Bicycle,16.134,1,124.45,0.192,15.69,0.073,0,0.00657
Bus,20.158,1,8.52,0.391,10.87,0.537,0,4.40819
Motorcycle,3.284,1,106.5,0.659,34.47,0.5,1,0.43394
Car,20.072,3,3.0,0.402,18.07,0.71,1,1.35864
Metro,11.045,1,118.95,0.829,18.27,0.255,0,0.45475
Motorcycle,9.138,1,118.27,0.033,11.68,0.762,1,1.00871
Car,45.003,3,3.0,0.545,22.41,0.964,1,3.43307
Car,3.995,2,2.0,0.425,14.7,0.093,1,0.41346
Walking,12.688,1,136.56,0.457,22.53,0.231,1,0.0031
Metro,31.466,1,118.34,0.013,10.6,0.688,0,1.32937
Walking,2.298,1,122.27,0.288,39.21,0.408,0,0.01609
Bicycle,17.319,1,116.69,0.801,28.52,0.694,1,0.00493
Bus,12.858,1,13.02,0.96,25.23,0.499,1,1.9988
Metro,7.754,1,116.48,0.894,39.05,0.974,1,0.318
Motorcycle,14.905,1,111.79,0.655,21.13,0.891,0,1.78689
Motorcycle,3.861,1,125.47,0.563,13.12,0.467,1,0.44791
Metro,5.553,1,116.74,0.975,19.3,0.833,0,0.22881
Motorcycle,9.212,1,135.31,0.606,14.55,0.119,0,1.06546
Motorcycle,9.818,1,116.22,0.18,37.16,0.061,1,1.05342
Metro,6.863,1,106.18,0.912,34.38,0.174,1,0.31691
Car,25.688,2,2.0,0.166,32.4,0.051,0,2.64494
Metro,18.584,1,131.17,0.639,29.54,0.298,1,0.67997
Bicycle,2.102,1,111.84,0.96,39.9,0.488,0,0.0
Car,14.818,5,5.0,0.669,25.77,0.65,0,0.64821
Bicycle,12.877,1,126.32,0.483,35.6,0.159,0,0.0
Motorcycle,3.234,1,113.42,0.349,11.24,0.572,1,0.39305
Bus,11.566,1,21.73,0.33,31.43,0.264,1,0.92666
Walking,15.464,1,115.6,0.286,20.25,0.676,1,0.0
Bicycle,12.159,1,119.96,0.962,36.95,0.964,0,0.0
Bus,14.551,1,16.81,0.741,25.32,0.384,0,1.66132
Metro,7.712,1,119.92,0.451,32.35,0.096,0,0.33594
Motorcycle,18.902,1,107.11,0.466,23.09,0.49,0,2.19307
Metro,21.168,1,122.24,0.606,36.28,0.306,0,0.86634
Motorcycle,12.699,1,131.86,0.705,36.46,0.588,0,1.56467
Metro,18.458,1,141.36,0.485,19.99,0.672,1,0.59939
Bus,11.146,1,31.13,0.615,31.78,0.293,0,0.68527
Bus,4.732,1,15.59,0.902,22.52,0.671,0,0.63028
Car,7.269,4,4.0,0.925,29.8,0.472,1,0.42697
Bicycle,12.682,1,118.28,0.274,33.71,0.907,1,0.00288
Walking,5.025,1,107.51,0.56,26.9,0.065,1,0.00409
Bicycle,21.434,1,120.01,0.232,15.14,0.551,1,0.0
Bus,3.363,1,7.98,0.558,30.33,0.979,1,0.78869
Car,29.46,4,4.0,0.462,31.52,0.425,1,1.61162
Motorcycle,7.037,1,123.66,0.277,26.57,0.603,1,0.77036
Walking,19.663,1,119.46,0.261,34.64,0.288,0,0.00542
Motorcycle,24.943,1,122.77,0.626,20.13,0.345,0,2.98292
Bus,11.751,1,21.61,0.576,39.8,0.143,1,0.93342
Bicycle,6.419,1,126.2,0.723,19.19,0.774,0,0.00895
Bicycle,14.224,1,125.6,0.746,29.81,0.82,0,0.0
Bus,15.208,1,8.57,0.301,30.07,0.764,0,3.02684
Car,11.121,4,4.0,0.73,32.44,0.064,1,0.5726
Metro,3.124,1,123.1,0.51,25.63,0.456,1,0.10942
Metro,16.82,1,129.37,0.993,19.15,0.034,1,0.587
Bus,11.822,1,16.97,0.289,16.2,0.876,1,1.29545
Metro,4.592,1,110.55,0.182,39.83,0.359,0,0.22796
Motorcycle,20.062,1,115.47,0.508,30.76,0.833,0,2.44163
Metro,2.107,1,119.32,0.753,31.1,0.186,0,0.08025
Motorcycle,28.486,1,111.96,0.487,30.01,0.643,1,3.40829
Car,7.057,4,4.0,0.058,35.36,0.612,1,0.35476
Metro,9.358,1,107.97,0.566,27.7,0.481,0,0.40633
Walking,6.506,1,121.93,0.733,24.26,0.732,1,0.01638
Walking,3.227,1,120.87,0.679,32.19,0.35,1,0.0
Walking,12.108,1,120.92,0.026,32.26,0.584,0,0.0
Metro,0.813,1,116.79,0.489,35.34,0.077,0,0.05319
Car,5.752,2,2.0,0.864,15.51,0.057,1,0.65712
Walking,4.552,1,115.46,0.045,26.13,0.189,0,0.0
Bus,10.161,1,9.43,0.61,18.67,0.682,0,2.01991
Bicycle,7.002,1,120.27,0.049,31.61,0.187,0,0.00585
Bicycle,14.108,1,116.7,0.431,22.78,0.217,1,0.0
Walking,13.901,1,121.35,0.016,36.41,0.529,0,0.0
Walking,13.355,1,125.7,0.173,31.83,0.592,1,0.0
Bus,26.147,1,2.0,0.41,24.01,0.858,1,23.6258
Metro,22.148,1,110.03,0.299,35.54,0.494,0,1.0309
Car,6.764,1,1.0,0.872,10.88,0.696,0,1.62577
Bus,2.802,1,2.0,0.677,21.28,0.834,0,2.57683
Bicycle,6.212,1,117.06,0.643,16.97,0.777,0,0.0
Metro,1.625,1,120.71,0.148,28.47,0.513,0,0.06465
Bicycle,35.734,1,102.21,0.413,23.27,0.124,0,0.01698
Walking,4.856,1,121.28,0.325,32.83,0.567,1,0.0
Bicycle,17.818,1,119.2,0.258,23.6,0.5,0,0.0173
Car,18.19,1,1.0,0.093,16.62,0.72,1,3.76571
Car,7.117,2,2.0,0.338,31.81,0.379,0,0.74724
Metro,11.761,1,113.81,0.608,28.04,0.607,1,0.48746
Bus,4.926,1,25.82,0.074,14.75,0.656,1,0.31759
Motorcycle,6.435,1,126.61,0.459,18.11,0.46,0,0.74993
Car,9.248,1,1.0,0.223,29.99,0.448,1,1.80708
Motorcycle,17.124,1,120.03,0.04,34.37,0.808,0,1.91648
Bus,2.462,1,20.03,0.313,23.57,0.971,0,0.20956
Bus,10.628,1,16.77,0.907,11.85,0.753,1,1.25557
Motorcycle,3.348,1,114.55,0.57,18.43,0.68,1,0.4139
Bicycle,4.553,1,128.85,0.942,37.81,0.609,0,0.0
Metro,5.028,1,127.52,0.842,11.68,0.112,0,0.20323
Walking,27.257,1,121.97,0.747,39.38,0.502,0,0.0
Car,2.318,3,3.0,0.948,35.79,0.451,0,0.1838
Bicycle,11.091,1,126.06,0.301,22.25,0.357,1,0.01135
Bicycle,9.49,1,122.8,0.921,36.77,0.617,1,0.0
Bus,3.964,1,12.19,0.383,35.81,0.459,0,0.57787
Car,17.842,3,3.0,0.838,29.32,0.365,0,1.32961
Bicycle,3.858,1,124.18,0.415,13.04,0.63,0,0.0
Bus,12.866,1,25.38,0.7,24.03,0.466,0,0.93453
Car,7.254,1,1.0,0.541,24.11,0.678,1,1.62355
Car,6.094,2,2.0,0.032,12.24,0.047,1,0.59011
Motorcycle,5.368,1,116.23,0.344,34.68,0.554,0,0.6047
Car,2.31,4,4.0,0.697,24.37,0.074,0,0.12959
Metro,4.814,1,125.05,0.542,12.21,0.714,1,0.1831
Car,13.854,4,4.0,0.056,21.78,0.595,1,0.6669
Motorcycle,10.356,1,123.82,0.684,22.76,0.442,1,1.24731
Motorcycle,11.842,1,110.55,0.003,25.88,0.258,1,1.26502
Bus,1.653,1,17.2,0.235,29.84,0.89,0,0.15947
Motorcycle,5.625,1,124.35,0.261,30.4,0.866,0,0.65934
Car,5.045,4,4.0,0.503,25.55,0.609,1,0.27911
Walking,2.804,1,112.59,0.479,18.95,0.454,1,0.00249
Walking,13.586,1,100.84,0.562,34.33,0.721,0,0.0
Car,11.578,2,2.0,0.885,36.5,0.989,0,1.37696
Metro,6.673,1,124.68,0.812,27.32,0.388,0,0.25847
Metro,14.436,1,128.6,0.833,29.56,0.591,0,0.53959
Car,11.248,3,3.0,0.358,20.88,0.405,0,0.7985
Car,33.485,3,3.0,0.874,15.36,0.123,0,2.47542
Bus,13.75,1,19.13,0.295,38.7,0.427,0,1.2261
Bicycle,13.523,1,119.09,0.023,39.08,0.835,0,0.0
Bus,7.368,1,16.27,0.883,14.81,0.068,1,0.84958
Motorcycle,50.038,1,128.06,0.96,18.73,0.931,1,6.46297
Bicycle,31.669,1,123.21,0.038,32.61,0.242,1,0.00012
Bicycle,20.996,1,120.52,0.148,34.89,0.688,0,0.0
Car,23.361,2,2.0,0.173,14.61,0.756,0,2.49801
Motorcycle,12.362,1,124.97,0.724,14.32,0.621,0,1.56939
Motorcycle,21.865,1,123.13,0.001,17.23,0.971,1,2.47146
Car,12.55,5,5.0,0.889,29.6,0.116,1,0.57543
Walking,9.14,1,118.8,0.337,24.95,0.889,0,0.0
Walking,18.572,1,112.69,0.715,29.38,0.275,1,0.0
Bus,3.152,1,26.57,0.857,30.97,0.304,1,0.22926
Metro,14.154,1,132.43,0.508,38.5,0.727,0,0.53523
Car,11.897,3,3.0,0.935,37.12,0.924,0,0.93995
Metro,2.082,1,130.14,0.168,17.15,0.896,1,0.07219
Bicycle,20.644,1,118.61,0.278,15.92,0.512,0,0.00818
Motorcycle,6.856,1,114.67,0.604,28.51,0.209,1,0.787
Walking,7.55,1,123.52,0.048,30.23,0.742,0,0.01303
Motorcycle,21.029,1,128.85,0.793,24.26,0.995,1,2.66905
Metro,16.92,1,125.11,0.34,30.55,0.625,0,0.69065
Bicycle,16.336,1,125.68,0.81,35.81,0.134,1,0.00712
Bicycle,10.527,1,114.87,0.957,20.14,0.361,1,0.0
Metro,4.243,1,128.12,0.048,13.53,0.181,1,0.16953
Walking,12.078,1,106.46,0.871,10.31,0.083,1,0.0
Walking,5.89,1,120.77,0.05,20.24,0.481,0,0.0
Motorcycle,38.362,1,121.57,0.795,38.0,0.047,1,4.83924
Car,9.802,4,4.0,0.461,33.07,0.3,1,0.50048
Walking,9.552,1,114.39,0.064,37.26,0.249,1,0.01261
Bus,20.809,1,19.01,0.149,20.79,0.348,1,1.79776
Bicycle,17.806,1,125.65,0.241,25.06,0.467,0,0.0
Car,25.273,4,4.0,0.73,18.63,0.905,0,1.44099
Bus,8.905,1,17.47,0.014,39.03,0.633,0,0.85437
Metro,13.734,1,121.59,0.371,17.14,0.981,0,0.57618
Walking,4.228,1,131.57,0.855,38.51,0.213,1,0.0
Bus,4.374,1,12.46,0.311,15.36,0.367,1,0.5935
Bus,2.781,1,24.13,0.104,23.17,0.016,0,0.21294
Motorcycle,6.588,1,124.24,0.671,31.1,0.481,0,0.78481
Bus,3.503,1,14.74,0.643,36.84,0.254,0,0.44184
Metro,21.429,1,118.47,0.665,32.27,0.387,1,0.85119
Car,5.719,4,4.0,0.095,25.66,0.088,1,0.28716
Metro,4.871,1,120.03,0.32,24.46,0.566,1,0.20771
Walking,4.838,1,107.74,0.328,22.44,0.879,0,0.0
Bus,9.152,1,30.2,0.992,39.08,0.614,0,0.58275
Walking,6.092,1,117.22,0.23,14.74,0.044,1,0.0
Metro,5.041,1,126.39,0.519,23.56,0.64,0,0.20197
Car,7.055,4,4.0,0.599,33.64,0.837,1,0.3985
Walking,3.987,1,115.6,0.805,37.03,0.017,1,0.0
Bus,23.664,1,13.58,0.499,37.03,0.316,1,3.12737
Bus,3.051,1,4.29,0.367,18.19,0.283,1,1.18096
Bicycle,12.608,1,122.71,0.844,25.88,0.783,0,0.00714
Bicycle,8.241,1,130.8,0.268,25.37,0.951,1,0.01253
Motorcycle,16.11,1,117.95,0.405,29.0,0.669,0,1.89365
Bus,1.897,1,7.19,0.829,23.9,0.49,0,0.51407
Bus,19.618,1,28.56,0.993,33.59,0.849,0,1.43523
Bicycle,8.534,1,123.69,0.096,27.89,0.106,1,0.0059
Walking,4.266,1,118.58,0.356,14.37,0.57,1,0.00531
Car,21.382,4,4.0,0.173,29.13,0.419,0,1.07617
Motorcycle,10.511,1,125.86,0.289,32.0,0.047,1,1.18498
Walking,11.564,1,114.17,0.537,33.06,0.883,0,0.0
Motorcycle,7.581,1,125.15,0.952,28.21,0.874,0,1.00093
Car,15.567,3,3.0,0.713,11.89,0.201,0,1.12478
Motorcycle,10.317,1,123.04,0.992,30.31,0.637,1,1.27602
Metro,10.618,1,122.86,0.127,28.02,0.847,0,0.43177
Metro,17.835,1,122.32,0.418,27.98,0.935,1,0.71331
Walking,1.687,1,115.27,0.867,27.84,0.471,0,0.0123
Walking,2.571,1,103.72,0.96,38.87,0.019,0,0.00135
Bus,15.163,1,18.08,0.867,20.97,0.501,0,1.65567
Walking,11.634,1,103.65,0.7,36.18,0.3,1,0.01788
Motorcycle,2.647,1,129.87,0.435,18.57,0.158,1,0.30492
Metro,15.727,1,119.91,0.767,14.84,0.253,0,0.67782
Walking,5.375,1,122.56,0.146,15.51,0.847,0,0.0
Bicycle,6.351,1,113.89,0.007,33.57,0.099,0,0.0
Bicycle,24.714,1,126.48,0.673,23.88,0.434,1,0.0
Metro,4.458,1,114.39,0.478,21.46,0.586,0,0.1912
Bus,23.104,1,29.83,0.76,25.27,0.867,1,1.44487
Metro,8.003,1,141.14,0.472,20.64,0.8,0,0.28131
Walking,5.817,1,135.56,0.755,36.67,0.715,1,0.0
Motorcycle,7.126,1,105.43,0.764,33.1,0.537,1,0.87972
Walking,3.212,1,124.47,0.248,24.79,0.204,1,0.0
Walking,14.832,1,124.49,0.78,10.35,0.286,0,0.00174
Car,6.921,1,1.0,0.091,33.95,0.516,0,1.43171
Motorcycle,9.873,1,111.8,0.673,26.76,0.933,1,1.23154
Bus,34.424,1,22.63,0.792,25.39,0.635,1,2.92577
Bus,13.139,1,15.58,0.669,38.12,0.079,1,1.55502
Bus,9.135,1,2.1,0.657,19.41,0.65,1,7.84876
Motorcycle,13.019,1,118.15,0.936,14.41,0.397,0,1.61506
Bus,19.915,1,28.37,0.393,24.69,0.964,1,1.25205
Car,24.85,5,5.0,0.578,35.15,0.314,0,1.11986
Bicycle,9.778,1,133.52,0.07,13.64,0.589,0,0.0
Metro,26.121,1,119.49,0.114,19.04,0.808,1,1.08963
Motorcycle,15.593,1,131.44,0.837,18.09,0.436,0,1.91663
Walking,4.841,1,116.33,0.782,34.41,0.776,1,0.01261
Bus,7.834,1,24.49,0.492,30.93,0.479,0,0.54895
Bus,3.127,1,27.03,0.432,16.66,0.521,1,0.21476
Walking,12.483,1,129.58,0.244,32.89,0.639,0,0.00503
Motorcycle,12.267,1,123.05,0.754,25.0,0.233,1,1.49743
Bus,8.502,1,25.61,0.63,10.23,0.333,0,0.62699
Motorcycle,5.996,1,117.34,0.229,19.97,0.841,1,0.6871
Metro,13.161,1,116.16,0.098,28.97,0.845,1,0.53933
Metro,20.449,1,128.17,0.024,17.5,0.17,0,0.78008
Motorcycle,2.648,1,126.69,0.859,23.91,0.725,0,0.34276
Bicycle,3.107,1,112.29,0.899,31.82,0.426,0,0.0
Bus,40.424,1,17.08,0.506,17.1,0.912,1,4.27156
Bus,6.024,1,32.61,0.66,10.16,0.22,1,0.34139
Metro,14.177,1,133.31,0.76,35.89,0.736,0,0.54386
Bicycle,24.109,1,124.56,0.462,33.04,0.65,1,0.00317
Bicycle,4.161,1,105.46,0.561,10.5,0.912,1,0.0
Bus,6.916,1,10.46,0.249,14.98,0.735,0,1.15431
Bicycle,3.691,1,124.11,0.051,31.8,0.552,1,0.0
Walking,3.915,1,119.63,0.549,35.05,0.578,1,0.0
Motorcycle,21.268,1,111.04,0.526,27.7,0.889,1,2.51913
Walking,8.341,1,115.24,0.79,34.4,0.01,0,0.00108
Walking,7.833,1,113.73,0.811,37.15,0.524,1,0.01358
Motorcycle,8.368,1,120.64,0.191,19.32,0.064,1,0.90024
Bicycle,40.769,1,110.2,0.398,25.58,0.573,1,0.0
Bus,2.518,1,14.67,0.008,24.17,0.347,1,0.28449
Bus,12.034,1,8.87,0.365,39.7,0.769,1,2.54864
Motorcycle,24.689,1,127.61,0.736,26.44,0.601,1,2.92586
Metro,1.589,1,112.05,0.084,13.35,0.435,0,0.07519
Motorcycle,5.403,1,133.64,0.471,35.35,0.101,1,0.64865
Motorcycle,20.741,1,117.38,0.514,29.61,0.213,1,2.46858
Car,24.193,5,5.0,0.34,36.03,0.91,0,1.00178
Bicycle,19.598,1,101.33,0.016,24.86,0.367,1,0.01568
Bicycle,9.9,1,114.72,0.094,39.37,0.128,1,0.0
Walking,0.805,1,123.79,0.634,33.07,0.731,1,0.0
Motorcycle,11.413,1,124.98,0.533,36.45,0.797,1,1.34211
Motorcycle,10.182,1,126.33,0.151,20.6,0.001,1,1.08982
Car,1.172,4,4.0,0.085,36.1,0.668,1,0.06877
Car,17.227,2,2.0,0.725,19.13,0.054,1,1.90315
Motorcycle,17.447,1,128.7,0.688,13.76,0.46,0,2.07168
Bus,5.946,1,27.46,0.694,28.59,0.717,1,0.4121
Metro,10.617,1,128.54,0.926,31.39,0.971,1,0.42418
Bus,1.364,1,2.14,0.003,15.79,0.153,0,1.06392
Car,8.204,4,4.0,0.831,37.97,0.198,1,0.4661
Car,3.268,5,5.0,0.562,19.17,0.285,0,0.13497
Bicycle,36.943,1,123.44,0.475,30.34,0.458,0,0.0
Walking,23.595,1,121.88,0.763,28.14,0.533,0,0.0
Metro,19.289,1,142.05,0.125,27.46,0.138,0,0.67574
Car,15.974,2,2.0,0.466,14.4,0.316,0,1.71332
Metro,21.574,1,108.39,0.901,30.64,0.336,0,0.97565
Car,20.006,2,2.0,0.135,16.05,0.297,0,2.11504
Bus,1.668,1,27.3,0.024,21.18,0.675,0,0.10812
Walking,31.427,1,109.06,0.189,38.03,0.714,0,0.01804
Bicycle,7.83,1,123.47,0.967,14.6,0.355,0,0.00625
Bicycle,3.806,1,108.69,0.577,19.57,0.619,0,0.00128
Metro,13.679,1,121.63,0.167,20.1,0.601,0,0.56608
Bicycle,24.957,1,110.12,0.401,23.61,0.911,1,0.00973
Metro,11.949,1,100.61,0.971,39.63,0.561,1,0.58014
Motorcycle,12.198,1,123.74,0.942,14.64,0.488,1,1.53492
Metro,17.558,1,112.78,0.138,29.96,0.031,0,0.72868
Walking,11.253,1,131.02,0.97,16.92,0.526,1,0.0054
Car,2.782,4,4.0,0.114,35.52,0.298,1,0.13692
Motorcycle,8.199,1,132.24,0.506,22.18,0.697,0,0.97854
Motorcycle,5.401,1,115.54,0.119,25.78,0.2,1,0.58025
Motorcycle,9.735,1,114.95,0.963,15.98,0.514,0,1.23351
Metro,4.794,1,108.84,0.557,25.97,0.362,1,0.21226
Bus,9.513,1,5.95,0.308,32.89,0.503,1,2.78594
Car,8.115,1,1.0,0.319,38.41,0.733,0,1.82912
Metro,20.967,1,122.0,0.265,31.27,0.532,1,0.85709
Bus,17.407,1,16.73,0.766,24.22,0.977,0,2.07277
Walking,7.456,1,118.1,0.59,21.18,0.196,1,0.0
Bicycle,14.051,1,114.46,0.341,15.1,0.475,1,0.00364
Metro,31.871,1,116.71,0.024,16.47,0.803,0,1.33232
Motorcycle,20.724,1,119.82,0.414,27.16,0.746,1,2.42062
Walking,5.274,1,121.65,0.889,14.82,0.31,0,0.0
Bicycle,18.229,1,129.2,0.861,36.68,0.775,0,0.0
Walking,7.029,1,136.22,0.105,16.48,0.652,1,0.01218
Car,34.18,4,4.0,0.049,14.98,0.588,0,1.68549
Motorcycle,11.945,1,136.44,0.136,11.7,0.842,1,1.382
Bus,16.534,1,10.09,0.229,32.67,0.391,0,2.83497
Bus,2.05,1,23.9,0.847,32.9,0.16,0,0.15307
Metro,19.995,1,125.08,0.37,27.71,0.595,0,0.78691
Bicycle,17.78,1,112.49,0.272,31.74,0.945,0,0.0
Motorcycle,3.038,1,117.85,0.981,16.05,0.92,0,0.37674
Car,4.325,4,4.0,0.619,24.54,0.964,1,0.24695
Motorcycle,4.659,1,108.64,0.756,34.8,0.04,0,0.52057
Bus,1.269,1,26.38,0.273,13.36,0.186,0,0.0836
Walking,14.166,1,111.53,0.367,10.55,0.783,0,0.0
Bicycle,9.252,1,113.43,0.294,19.31,0.377,1,0.00945
Walking,10.406,1,132.93,0.884,39.72,0.486,0,0.0
Bus,8.026,1,2.88,0.519,16.17,0.694,0,5.272
Motorcycle,3.88,1,113.82,0.735,30.83,0.538,0,0.47
Bus,11.272,1,19.33,0.796,31.68,0.225,1,1.08531
Metro,6.118,1,112.9,0.137,25.3,0.724,1,0.23992
Walking,6.182,1,114.19,0.969,28.41,0.832,0,0.0
Car,20.654,3,3.0,0.649,23.84,0.793,1,1.52844
Metro,10.472,1,120.77,0.803,23.87,0.415,0,0.4368
Bus,3.915,1,31.61,0.012,24.29,0.211,1,0.19352
Bicycle,7.171,1,123.61,0.495,21.68,0.887,0,0.00986
Motorcycle,13.966,1,127.0,0.124,20.25,0.328,1,1.34856
Car,8.627,3,3.0,0.458,29.98,0.509,1,0.57688
Motorcycle,1.923,1,118.48,0.376,16.55,0.875,0,0.21798
Walking,2.734,1,135.78,0.027,24.89,0.153,0,0.0
Bicycle,24.061,1,113.68,0.176,37.68,0.621,0,0.00538
Metro,5.6,1,124.02,0.743,37.56,0.43,0,0.22323
Motorcycle,16.55,1,124.88,0.184,10.54,0.224,1,1.68746
Bus,11.46,1,2.0,0.625,21.67,0.679,1,10.16734
Bicycle,4.101,1,125.91,0.403,23.52,0.03,1,0.0205
Motorcycle,15.216,1,131.01,0.792,10.08,0.913,1,1.9164
Walking,5.604,1,112.51,0.732,26.84,0.305,1,0.01817
Metro,3.013,1,131.87,0.039,28.98,0.242,0,0.09489
Walking,13.547,1,127.85,0.091,12.62,0.583,0,0.0
Walking,12.026,1,134.94,0.654,34.79,0.943,1,0.0
Metro,5.775,1,116.62,0.583,20.28,0.249,1,0.24344
Car,6.458,1,1.0,0.818,13.91,0.151,0,1.44452
Car,20.123,1,1.0,0.348,25.59,0.533,0,4.54866
Metro,33.635,1,118.22,0.403,31.81,0.921,1,1.49592
Motorcycle,26.875,1,100.74,0.07,30.99,0.737,1,2.90143
Car,24.15,3,3.0,0.73,29.67,0.481,0,1.85109
Metro,10.542,1,131.22,0.455,13.07,0.29,0,0.3956
Bicycle,16.798,1,126.83,0.345,15.41,0.092,1,0.00439
Bus,18.237,1,22.18,0.92,39.66,0.422,0,1.56193
Bus,18.19,1,17.01,0.128,14.23,0.352,0,1.89907
Metro,29.545,1,131.22,0.033,29.5,0.215,1,1.08499
Bicycle,3.425,1,132.03,0.911,12.34,0.751,1,0.0
Motorcycle,7.014,1,115.16,0.021,17.11,0.466,1,0.73587
Car,11.751,5,5.0,0.194,35.73,0.904,1,0.5151
Metro,13.879,1,120.7,0.275,26.99,0.876,0,0.55147
Walking,7.881,1,123.75,0.111,24.36,0.486,0,0.0
Bicycle,3.637,1,117.59,0.792,26.82,0.626,0,0.0
Bus,21.402,1,14.5,0.485,35.89,0.936,0,2.88457
Walking,3.329,1,120.2,0.347,35.94,0.011,1,0.0
Walking,10.507,1,127.99,0.78,31.06,0.553,1,0.00891
Car,11.143,1,1.0,0.962,11.91,0.092,0,2.52759
Motorcycle,14.216,1,131.91,0.88,23.39,0.134,1,1.71931
Car,4.155,3,3.0,0.711,11.07,0.491,0,0.29033
Bus,9.831,1,8.51,0.481,16.3,0.684,0,2.14149
Motorcycle,3.318,1,134.32,0.656,32.71,0.523,0,0.41071
Bus,18.111,1,7.35,0.215,29.96,0.575,1,4.23176
Walking,10.811,1,122.18,0.379,19.22,0.014,0,0.0
Bicycle,31.871,1,130.94,0.288,22.77,0.747,0,0.0
Walking,7.367,1,122.57,0.254,22.41,0.362,1,0.0
Metro,17.857,1,131.3,0.843,20.05,0.397,1,0.64718
Walking,11.915,1,107.32,0.654,30.79,0.275,1,0.00617
Bicycle,21.55,1,140.91,0.429,29.57,0.64,1,0.0
Walking,25.44,1,121.82,0.12,27.64,0.39,1,0.0
Bus,27.776,1,9.45,0.286,37.15,0.526,1,5.39661
Bicycle,10.997,1,107.6,0.303,31.24,0.538,1,0.01052
Metro,34.731,1,118.9,0.625,34.52,0.694,1,1.48288
Motorcycle,9.618,1,119.07,0.671,36.17,0.504,1,1.15889
Motorcycle,25.702,1,130.0,0.032,31.64,0.644,1,2.85691
Car,4.692,1,1.0,0.499,32.42,0.386,1,1.06225
Bus,2.633,1,27.57,0.201,24.11,0.593,0,0.17217
Bus,14.97,1,11.84,0.71,33.11,0.825,1,2.42835
Motorcycle,15.593,1,121.32,0.07,15.46,0.558,1,1.67296
Metro,42.359,1,123.95,0.575,29.89,0.764,0,1.65776
Walking,18.618,1,144.88,0.529,35.96,0.822,0,0.00108
Car,2.326,5,5.0,0.036,14.54,0.201,1,0.07453
Car,13.474,2,2.0,0.925,14.56,0.021,1,1.67297
Car,41.775,5,5.0,0.673,34.53,0.271,1,2.01793
Metro,5.893,1,108.37,0.84,31.05,0.221,0,0.26631
Bicycle,1.705,1,117.7,0.915,18.13,0.475,0,0.00339
Walking,5.065,1,117.17,0.306,25.6,0.736,0,0.00967
Bicycle,26.097,1,122.41,0.114,22.14,0.395,1,0.0
Bus,13.06,1,14.4,0.704,30.25,0.761,0,1.75951
Walking,7.084,1,109.51,0.666,39.73,0.295,0,0.00399
Motorcycle,6.385,1,116.52,0.049,15.41,0.063,0,0.70894
Bicycle,12.976,1,123.39,0.409,25.77,0.028,1,0.01728
Bus,10.417,1,28.81,0.498,17.18,0.987,0,0.64628
Motorcycle,28.178,1,123.35,0.805,25.94,0.294,1,3.47579
Car,5.81,5,5.0,0.097,15.11,0.112,0,0.23261
Car,5.379,2,2.0,0.431,22.85,0.231,0,0.57056
Car,12.364,5,5.0,0.395,23.12,0.445,0,0.53275
Motorcycle,11.58,1,113.29,0.054,34.74,0.266,0,1.2442
Bicycle,6.644,1,120.79,0.261,17.78,0.761,1,0.0
Metro,22.739,1,119.92,0.556,30.97,0.782,1,0.95628
Bus,16.225,1,12.73,0.599,30.89,0.583,1,2.39582
Walking,3.69,1,123.34,0.607,23.31,0.414,0,0.007
Walking,27.913,1,120.85,0.349,10.31,0.105,1,0.00219
Bus,14.688,1,21.65,0.821,26.88,0.619,0,1.31311
Walking,22.246,1,111.98,0.444,35.7,0.504,0,0.00218
Bicycle,14.502,1,124.0,0.106,35.48,0.883,0,0.0
Metro,21.701,1,129.14,0.474,17.62,0.614,1,0.83706
Car,4.798,5,5.0,0.351,16.47,0.992,1,0.19607
Metro,12.28,1,139.6,0.395,18.59,0.638,1,0.43496
Bicycle,20.945,1,100.42,0.488,20.76,0.373,0,0.0
Bus,46.866,1,16.32,0.945,16.54,0.45,0,5.7045
Metro,8.217,1,120.38,0.596,27.89,0.787,0,0.33422
Bicycle,9.059,1,111.23,0.317,37.21,0.738,1,0.0
Motorcycle,2.917,1,132.38,0.879,21.46,0.395,1,0.37393
Bicycle,10.99,1,129.59,0.175,12.67,0.225,0,0.00893
Motorcycle,13.391,1,127.16,0.133,15.78,0.899,1,1.53527
Metro,7.553,1,120.03,0.825,20.01,0.467,0,0.30775
Car,6.429,2,2.0,0.258,36.19,0.721,1,0.68046
Metro,1.846,1,112.27,0.84,27.67,0.702,1,0.07556
Metro,19.21,1,112.27,0.665,26.87,0.342,0,0.86433
Motorcycle,7.965,1,120.92,0.908,12.52,0.814,0,0.98286
Car,4.164,2,2.0,0.379,28.82,0.261,1,0.4396
Motorcycle,12.664,1,121.48,0.676,36.09,0.847,0,1.59225
Motorcycle,4.925,1,118.61,0.218,16.82,0.866,1,0.5614
Walking,6.769,1,120.25,0.897,16.26,0.67,1,0.01347
Motorcycle,10.693,1,122.97,0.607,27.94,0.72,1,1.29122
Bus,6.184,1,21.36,0.148,31.75,0.389,0,0.47909
Walking,5.896,1,99.42,0.125,24.56,0.105,0,0.00544
Bicycle,2.808,1,128.01,0.114,26.52,0.003,1,0.0
Walking,9.954,1,120.2,0.846,32.75,0.643,0,0.0
Bicycle,4.461,1,133.1,0.736,18.58,0.569,0,0.0
Walking,6.512,1,133.22,0.318,32.46,0.916,1,0.01244
Metro,4.188,1,114.15,0.436,28.8,0.2,1,0.17735
Bus,11.338,1,8.76,0.987,31.42,0.908,1,2.76535
Walking,22.648,1,119.3,0.097,26.93,0.213,1,0.00701
Metro,13.148,1,122.56,0.804,13.37,0.942,1,0.55228
Car,13.37,2,2.0,0.738,36.98,0.666,0,1.59964
Bicycle,1.374,1,126.01,0.779,21.02,0.343,0,0.0
Bus,7.785,1,30.29,0.33,26.15,0.609,1,0.46676
Walking,9.095,1,118.04,0.837,25.35,0.587,1,0.0
Bus,9.226,1,23.01,0.479,18.23,0.265,1,0.69165
Bus,24.492,1,13.21,0.466,25.78,0.593,0,3.22175
Car,12.984,2,2.0,0.832,26.72,0.371,0,1.53058
Bicycle,30.654,1,125.5,0.421,31.38,0.068,0,0.00412
Motorcycle,32.677,1,138.22,0.619,26.74,0.648,1,4.02395
Walking,26.601,1,123.29,0.121,22.3,0.816,0,0.00215
Car,7.046,2,2.0,0.712,20.7,0.562,1,0.76106
Motorcycle,18.299,1,119.48,0.664,39.31,0.067,0,2.21039
Car,6.16,1,1.0,0.13,28.37,0.5,1,1.18643
Car,5.558,5,5.0,0.159,10.01,0.427,1,0.22487
Walking,13.883,1,109.16,0.333,22.44,0.294,1,0.024
Motorcycle,10.02,1,121.9,0.858,27.35,0.823,0,1.3243
Car,12.373,5,5.0,0.765,15.35,0.351,1,0.54656
Metro,20.925,1,123.44,0.558,31.86,0.353,1,0.84801
Bus,3.55,1,7.98,0.173,31.49,0.042,0,0.72659
Car,13.287,5,5.0,0.973,20.55,0.059,1,0.59271
Motorcycle,23.989,1,133.68,0.342,27.89,0.219,1,2.53096
Walking,10.398,1,103.79,0.865,10.69,0.54,1,0.0
Metro,20.025,1,119.88,0.212,34.98,0.614,0,0.81309
Bus,15.567,1,12.41,0.013,12.65,0.017,1,2.01087
Motorcycle,19.768,1,106.36,0.291,36.64,0.769,0,2.24299
Bus,4.512,1,13.46,0.357,29.3,0.039,1,0.59713
Bus,3.178,1,25.13,0.352,26.09,0.98,0,0.24349
Motorcycle,24.144,1,123.64,0.54,14.88,0.95,1,2.90024
Metro,24.901,1,127.73,0.268,27.35,0.293,0,0.98349
Bicycle,3.688,1,130.57,0.078,17.36,0.281,0,0.0
Bicycle,26.705,1,119.91,0.607,19.77,0.67,1,0.01439
Motorcycle,8.856,1,121.17,0.53,26.13,0.261,0,1.00606
Car,23.248,1,1.0,0.917,10.29,0.601,0,5.36082
Car,13.986,5,5.0,0.997,17.7,0.686,0,0.68957
Motorcycle,13.318,1,119.98,0.436,37.48,0.252,1,1.50123
Walking,3.013,1,126.2,0.421,30.47,0.885,1,0.0
Bus,3.422,1,12.01,0.634,27.88,0.379,0,0.54552
Metro,5.876,1,131.79,0.51,17.35,0.893,0,0.23124
Bus,15.023,1,5.33,0.794,23.73,0.624,1,5.19676
Bicycle,4.335,1,115.98,0.141,29.81,0.377,0,0.00832
Bus,16.4,1,16.87,0.168,31.17,0.569,0,1.67138
Car,9.96,5,5.0,0.021,38.38,0.802,0,0.37006
Metro,1.805,1,121.18,0.831,30.55,0.191,0,0.06546
Car,32.292,1,1.0,0.025,24.74,0.409,1,6.48323
Walking,37.356,1,127.55,0.604,29.3,0.915,0,0.0
Bicycle,13.12,1,124.69,0.884,23.32,0.204,1,0.01468
Bicycle,9.477,1,115.88,0.167,23.45,0.755,0,0.0
Car,38.173,5,5.0,0.617,31.3,0.009,1,1.69985
Car,19.557,3,3.0,0.09,25.18,0.372,1,1.28642
Walking,13.064,1,111.67,0.642,29.09,0.519,0,0.00727
Motorcycle,11.266,1,115.9,0.976,39.11,0.768,0,1.5009
Bicycle,3.128,1,131.13,0.977,32.7,0.234,1,0.0
Motorcycle,19.308,1,128.08,0.31,21.3,0.228,1,2.16704
Bus,3.81,1,15.97,0.326,23.9,0.796,0,0.44336
Car,21.483,3,3.0,0.93,18.04,0.348,1,1.65455
Car,18.127,3,3.0,0.287,19.44,0.966,1,1.2798
Motorcycle,37.98,1,107.03,0.324,29.25,0.255,1,4.11491
Motorcycle,10.671,1,122.67,0.443,10.94,0.683,1,1.31011
Bus,21.12,1,5.01,0.864,19.71,0.727,1,8.13774
Bicycle,1.853,1,119.77,0.475,29.24,0.954,0,0.00557
Car,13.014,2,2.0,0.987,11.19,0.214,1,1.52717
Bus,13.924,1,31.8,0.406,30.49,0.872,1,0.7874
Motorcycle,4.161,1,124.27,0.733,33.64,0.687,1,0.50036
Motorcycle,46.064,1,128.66,0.455,16.88,0.77,1,5.49147
Bicycle,40.274,1,134.38,0.126,18.71,0.655,0,0.0
Motorcycle,14.361,1,113.61,0.955,38.33,0.292,1,1.81331
Metro,19.277,1,115.92,0.633,15.55,0.992,0,0.81766
Bicycle,19.917,1,114.66,0.278,15.02,0.803,1,0.0
Motorcycle,4.63,1,117.39,0.797,23.53,0.06,1,0.53913
Motorcycle,10.784,1,111.99,0.552,20.55,0.259,1,1.2401
Metro,29.776,1,114.9,0.854,12.45,0.82,0,1.34031
Walking,19.748,1,112.41,0.074,15.9,0.447,0,0.0064
Walking,11.321,1,122.01,0.047,18.1,0.225,0,0.00643
Bus,19.977,1,14.87,0.215,23.56,0.033,0,2.24883
Bicycle,7.127,1,122.02,0.826,39.51,0.125,0,0.0
Bus,0.665,1,9.99,0.389,35.14,0.147,0,0.11116
Walking,11.433,1,118.92,0.67,13.87,0.933,1,0.01127
Bicycle,6.682,1,139.57,0.274,14.36,0.125,0,0.0
Bicycle,9.488,1,125.19,0.778,27.41,0.202,1,0.00013
Metro,11.234,1,112.38,0.096,18.32,0.231,0,0.49159
Walking,5.75,1,120.49,0.177,20.33,0.82,1,0.00049
Walking,4.618,1,94.79,0.515,23.75,0.155,1,0.01956
Motorcycle,21.633,1,117.91,0.614,26.78,0.749,0,2.69414
Bus,9.748,1,27.99,0.75,17.91,0.855,0,0.67051
Motorcycle,3.17,1,134.07,0.109,30.98,0.612,0,0.33375
Car,7.457,2,2.0,0.555,28.78,0.498,0,0.84865
Walking,22.662,1,126.73,0.379,19.9,0.299,0,0.01582
Bicycle,19.612,1,124.53,0.964,20.25,0.389,1,0.00477
Motorcycle,2.724,1,123.46,0.667,16.51,0.261,0,0.32584
Bus,8.443,1,28.25,0.019,27.9,0.675,1,0.50923
Metro,18.741,1,119.65,0.231,15.83,0.203,0,0.79754
Metro,32.753,1,114.65,0.081,30.19,0.451,0,1.38014
Motorcycle,5.762,1,130.94,0.779,21.22,0.964,0,0.71408
Metro,12.037,1,112.01,0.16,13.93,0.167,0,0.50944
Car,8.53,1,1.0,0.727,38.38,0.082,0,1.90019
Car,15.231,3,3.0,0.692,38.71,0.25,0,1.12953
Bus,11.645,1,33.42,0.243,28.99,0.726,1,0.63972
Bus,8.175,1,18.82,0.8,31.96,0.666,0,0.85847
Car,5.679,2,2.0,0.045,11.49,0.921,1,0.59327
Bicycle,4.557,1,121.26,0.479,32.38,0.868,0,0.0229
Bicycle,14.038,1,118.76,0.298,11.64,0.201,0,0.0
Bicycle,13.5,1,117.4,0.481,16.68,0.103,1,0.0
Car,10.788,1,1.0,0.024,10.82,0.113,0,2.0794
Bus,3.368,1,31.37,0.729,36.12,0.126,0,0.20365
Bus,13.646,1,17.7,0.973,23.97,0.232,0,1.49774
Bicycle,9.321,1,117.29,0.029,15.6,0.671,1,0.0186
Bicycle,5.338,1,127.96,0.781,34.46,0.623,0,0.00639
Metro,11.92,1,120.05,0.949,10.11,0.307,1,0.48252
Motorcycle,7.085,1,126.56,0.44,37.27,0.847,1,0.81338
Motorcycle,15.861,1,124.88,0.386,39.57,0.765,1,1.90899
Motorcycle,33.908,1,106.81,0.012,34.14,0.022,1,3.54374
Motorcycle,11.891,1,130.12,0.003,33.24,0.457,0,1.26984
Car,7.519,1,1.0,0.461,13.03,0.98,0,1.72155
Motorcycle,18.89,1,127.86,0.377,26.59,0.842,0,2.17752
Bus,5.925,1,22.29,0.896,16.4,0.326,1,0.50545
Metro,1.042,1,109.28,0.808,29.9,0.41,0,0.03912
Bus,18.887,1,25.93,0.968,26.75,0.281,1,1.47152
Bicycle,7.607,1,111.86,0.755,27.95,0.012,0,0.01106
Car,5.265,2,2.0,0.676,11.64,0.607,1,0.57634
Motorcycle,9.194,1,126.74,0.058,31.97,0.903,1,1.00948
Bicycle,22.439,1,120.98,0.061,11.61,0.562,0,0.0
Walking,3.715,1,120.78,0.757,26.1,0.476,0,0.00941
Metro,10.982,1,115.32,0.368,22.46,0.801,1,0.47652
Bicycle,5.687,1,115.32,0.819,19.5,0.961,1,0.00144
Car,1.989,4,4.0,0.33,13.55,0.38,0,0.10393
Car,6.399,5,5.0,0.672,32.28,0.969,0,0.28304
Car,1.978,2,2.0,0.786,14.0,0.464,0,0.22702
Metro,2.789,1,106.84,0.793,38.12,0.872,1,0.11417
Bicycle,4.209,1,119.63,0.243,17.44,0.796,0,0.0
Walking,22.039,1,117.15,0.908,38.85,0.567,1,0.01718
Walking,5.246,1,121.35,0.031,14.94,0.074,0,0.0128
Motorcycle,7.835,1,117.91,0.316,16.72,0.095,1,0.86493
Bicycle,22.748,1,112.32,0.731,11.41,0.218,0,0.00158
Metro,14.154,1,112.45,0.516,37.61,0.529,1,0.62642
Motorcycle,4.688,1,117.55,0.377,15.48,0.365,0,0.52064
Metro,3.818,1,133.97,0.936,11.41,0.651,1,0.13598
Metro,17.682,1,119.71,0.877,38.57,0.17,0,0.73529
Bicycle,14.397,1,119.58,0.726,25.21,0.952,0,0.0
Bicycle,19.565,1,110.85,0.001,10.73,0.408,0,0.0
Metro,10.987,1,132.71,0.356,26.04,0.216,1,0.40308
Walking,4.045,1,112.96,0.461,19.35,0.605,0,0.00904
Metro,10.945,1,108.91,0.383,20.04,0.731,0,0.48422
Metro,18.816,1,124.76,0.952,15.21,0.859,1,0.7547
Metro,9.483,1,103.23,0.267,29.8,0.005,0,0.39853
Bus,14.406,1,20.59,0.015,36.49,0.759,1,1.1944
Car,12.541,5,5.0,0.421,20.61,0.65,1,0.55817
Car,8.648,2,2.0,0.034,34.74,0.515,1,0.89868
Bicycle,29.886,1,122.86,0.448,37.6,0.807,1,0.01194
Bicycle,12.729,1,116.07,0.331,12.97,0.518,1,0.00519
Car,10.365,5,5.0,0.21,27.75,0.933,0,0.44518
Car,20.104,4,4.0,0.138,35.36,0.743,0,1.0263
Bicycle,3.155,1,117.39,0.777,28.95,0.819,0,0.0
Bicycle,7.96,1,119.76,0.586,30.75,0.556,1,0.00269
Bicycle,12.091,1,127.17,0.144,32.34,0.194,1,0.00686
Bus,3.304,1,17.42,0.503,38.83,0.292,1,0.34827
Motorcycle,2.828,1,134.44,0.233,17.11,0.368,0,0.33457
Walking,9.762,1,122.4,0.462,28.71,0.779,0,0.00258
Bus,20.403,1,15.4,0.223,37.7,0.631,0,2.36254
Bus,13.562,1,24.97,0.415,35.47,0.472,1,0.909
Bus,5.617,1,22.89,0.662,35.83,0.198,1,0.44964
Bus,32.418,1,18.87,0.253,34.33,0.955,0,3.12878
Motorcycle,10.817,1,103.24,0.589,33.36,0.776,1,1.30204
Metro,6.428,1,124.62,0.776,36.76,0.557,0,0.24242
Bicycle,10.051,1,120.11,0.115,10.52,0.374,1,0.0
Bus,10.119,1,20.58,0.698,25.28,0.791,0,0.88704
Bus,11.491,1,21.46,0.914,31.7,0.197,1,1.02572
Bicycle,16.386,1,107.12,0.399,26.65,0.302,1,0.02562
Car,6.899,2,2.0,0.47,17.99,0.741,1,0.74475
Walking,13.93,1,105.72,0.959,23.02,0.665,1,0.0
Bus,12.437,1,2.69,0.729,31.64,0.739,1,8.68739
Walking,13.581,1,112.08,0.11,13.86,0.495,0,0.00953
Car,1.419,4,4.0,0.297,36.89,0.767,1,0.07313
Walking,7.15,1,127.83,0.674,18.16,0.659,0,0.02197
Bicycle,6.709,1,107.88,0.704,24.59,0.986,1,0.00566
Car,11.154,4,4.0,0.773,36.39,0.443,1,0.61738
Metro,7.407,1,122.9,0.396,24.18,0.087,1,0.27397
Walking,6.209,1,113.7,0.548,15.89,0.231,0,0.0
Metro,13.465,1,113.67,0.614,22.62,0.061,1,0.58555
Motorcycle,27.494,1,111.93,0.591,27.14,0.837,0,3.59655
Walking,21.981,1,115.54,0.764,30.4,0.563,1,0.0
Bus,21.335,1,12.23,0.255,15.51,0.513,1,2.9377
Car,14.949,4,4.0,0.913,32.41,0.988,0,0.95076
Motorcycle,9.304,1,116.55,0.891,17.08,0.422,0,1.16074
Bicycle,21.854,1,135.56,0.907,15.34,0.422,0,0.0
Metro,0.701,1,118.22,0.294,22.19,0.994,1,0.03563
Car,7.952,5,5.0,0.08,22.57,0.632,0,0.32304
Motorcycle,33.346,1,117.36,0.516,16.43,0.446,1,3.90669
Car,10.285,1,1.0,0.045,17.81,0.404,1,2.06336
Bicycle,13.519,1,124.58,0.827,24.51,0.097,0,0.00079
Motorcycle,3.365,1,100.21,0.45,10.55,0.096,0,0.38614
Walking,0.786,1,124.28,0.983,10.98,0.875,1,0.01459
Car,14.484,4,4.0,0.294,22.05,0.094,0,0.72537
Bicycle,13.17,1,102.82,0.552,11.55,0.394,1,0.0
Bicycle,24.045,1,119.34,0.929,39.68,0.042,1,0.0
Car,3.927,4,4.0,0.607,36.95,0.227,0,0.21298
Bus,11.48,1,12.18,0.779,13.69,0.813,1,1.8471
Car,2.571,5,5.0,0.537,18.97,0.004,0,0.12605
Car,19.394,1,1.0,0.002,38.35,0.133,0,3.68008
Walking,11.483,1,113.01,0.68,14.46,0.716,1,0.00135
Car,7.269,5,5.0,0.97,32.37,0.825,1,0.32869
Metro,5.813,1,119.28,0.832,22.36,0.266,1,0.25123
Metro,3.18,1,106.46,0.712,11.11,0.437,0,0.14609
Bus,7.669,1,25.13,0.705,11.96,0.218,0,0.55366
Bus,14.245,1,17.43,0.027,19.06,0.532,0,1.35526
Car,3.14,5,5.0,0.439,14.66,0.554,0,0.13875
Motorcycle,8.269,1,126.48,0.502,14.85,0.256,0,0.92612
Bus,24.322,1,19.64,0.322,36.33,0.21,1,2.12642
Walking,2.803,1,108.46,0.522,21.91,0.585,0,0.00011
Bicycle,18.553,1,112.62,0.248,13.94,0.292,0,0.0
Bus,2.908,1,31.1,0.158,19.79,0.47,1,0.14207
Motorcycle,19.393,1,116.74,0.308,21.14,0.184,0,2.10197
Motorcycle,7.499,1,108.67,0.007,16.89,0.888,1,0.85095
Motorcycle,18.663,1,119.72,0.207,13.01,0.168,0,2.19302
Car,8.361,3,3.0,0.95,14.64,0.254,0,0.61221
Bus,23.897,1,27.4,0.606,25.89,0.889,0,1.71552
Metro,18.977,1,117.67,0.754,13.29,0.159,0,0.84698
Bus,4.248,1,21.11,0.608,33.43,0.408,0,0.34781
Metro,0.936,1,120.8,0.805,36.73,0.941,1,0.03827
Motorcycle,13.618,1,124.8,0.86,33.23,0.057,1,1.71151
Car,37.971,5,5.0,0.277,28.31,0.076,0,1.50797
Metro,8.063,1,123.73,0.287,22.37,0.551,1,0.32691
Bicycle,17.583,1,130.12,0.551,21.75,0.076,0,0.00493
Motorcycle,16.771,1,131.44,0.85,33.29,0.216,0,2.05499
Car,9.873,3,3.0,0.821,22.06,0.996,0,0.78153
Bus,11.157,1,23.75,0.47,37.2,0.768,0,0.86692
Walking,3.393,1,120.05,0.838,22.73,0.204,0,0.0
Walking,4.108,1,115.43,0.448,19.07,0.69,1,0.0
Bicycle,1.867,1,95.19,0.963,14.88,0.748,0,0.02182
Bus,6.237,1,8.45,0.988,39.19,0.412,0,1.37356
Walking,14.991,1,114.19,0.979,35.93,0.511,1,0.0
Walking,6.598,1,97.91,0.381,13.38,0.251,1,0.0081
Bus,24.601,1,20.21,0.505,30.32,0.863,1,2.33859
Motorcycle,7.296,1,109.28,0.883,11.2,0.042,1,0.91369
Bus,2.519,1,19.59,0.446,12.07,0.219,1,0.22214
Bus,31.154,1,12.98,0.987,38.35,0.541,0,4.69542
Bus,4.675,1,12.98,0.324,21.62,0.581,0,0.61903
Bus,15.716,1,6.43,0.901,22.94,0.322,0,4.96256
Bicycle,6.084,1,119.97,0.046,32.65,0.246,0,0.0
Walking,5.636,1,123.07,0.636,37.79,0.301,1,0.0
Bicycle,5.609,1,130.94,0.869,35.5,0.105,0,0.0018
Motorcycle,9.04,1,120.99,0.006,31.47,0.886,0,0.99693
Walking,6.177,1,117.08,0.563,19.32,0.933,1,0.00265
Bicycle,23.581,1,120.01,0.88,21.49,0.341,1,0.0
Walking,2.374,1,116.86,0.615,13.61,0.064,0,0.0
Car,1.907,4,4.0,0.582,38.58,0.122,1,0.10686
Metro,14.276,1,113.32,0.673,33.74,0.2,0,0.6082
Metro,27.625,1,121.89,0.041,22.4,0.146,1,1.10721
Motorcycle,7.587,1,120.55,0.926,36.49,0.212,0,0.93772
Car,6.526,4,4.0,0.544,35.56,0.809,1,0.35516
Bicycle,5.768,1,121.81,0.3,17.56,0.167,1,0.0
Metro,13.037,1,110.47,0.948,15.81,0.321,1,0.57134
Bus,19.06,1,27.76,0.085,17.99,0.678,0,1.17769
Bus,11.11,1,30.8,0.528,17.21,0.485,0,0.69102
Bus,30.488,1,10.73,0.739,30.72,0.75,1,5.38709
Car,9.484,2,2.0,0.465,30.02,0.57,0,1.02691
Metro,12.517,1,142.75,0.316,18.41,0.592,1,0.43235
Walking,18.537,1,121.61,0.792,21.24,0.215,0,0.01266
Bus,16.757,1,23.81,0.234,14.35,0.742,1,1.24169
Metro,13.178,1,102.75,0.95,29.93,0.602,0,0.60389
Bicycle,5.758,1,127.39,0.713,23.54,0.77,1,0.00056
Bicycle,19.226,1,130.53,0.81,15.12,0.022,1,0.0
Motorcycle,3.286,1,132.11,0.587,25.2,0.97,0,0.40327
Car,6.841,5,5.0,0.263,23.89,0.137,1,0.278
Car,7.919,2,2.0,0.8,24.57,0.042,1,0.86933
Bicycle,9.665,1,116.74,0.899,16.14,0.664,0,0.0
Bus,19.182,1,13.6,0.799,25.8,0.882,0,2.65745
Metro,8.148,1,127.7,0.669,38.27,0.654,1,0.31108
Bicycle,15.826,1,115.79,0.111,31.85,0.699,0,0.0
Car,10.631,4,4.0,0.435,12.52,0.84,1,0.57235
Car,16.533,5,5.0,0.373,15.41,0.284,0,0.6869
Bus,7.954,1,25.98,0.851,22.97,0.519,1,0.56587
Bicycle,11.162,1,121.01,0.055,22.82,0.158,0,0.00332
Motorcycle,18.024,1,132.17,0.25,28.7,0.213,1,2.00081
Car,8.973,5,5.0,0.668,27.76,0.885,1,0.42182
Car,16.738,5,5.0,0.923,18.07,0.838,0,0.82353
Metro,6.26,1,112.48,0.018,30.67,0.75,0,0.28825
Bicycle,5.88,1,106.99,0.771,29.99,0.2,1,0.01166
Bus,7.634,1,10.38,0.735,39.75,0.433,0,1.40377
Walking,8.406,1,124.22,0.12,23.11,0.116,0,0.0
Walking,16.013,1,110.4,0.935,36.83,0.882,0,0.0
Bus,19.368,1,10.44,0.554,17.41,0.85,0,3.57065
Bus,14.173,1,18.4,0.35,22.1,0.274,1,1.28049
Metro,30.839,1,118.3,0.005,11.98,0.274,1,1.26932
Walking,16.274,1,132.71,0.561,35.57,0.615,1,0.00162
Car,11.051,1,1.0,0.756,28.38,0.248,1,2.52718
Car,31.258,1,1.0,0.674,34.15,0.799,1,6.64595
Car,2.829,2,2.0,0.988,39.45,0.573,1,0.33329
Bicycle,27.962,1,117.71,0.742,13.14,0.356,0,0.00101
Metro,4.207,1,135.29,0.001,20.62,0.727,1,0.14821
Car,34.966,3,3.0,0.268,30.52,0.598,0,2.44718
Walking,5.0,1,119.62,0.412,15.38,0.219,0,0.0
Motorcycle,3.066,1,129.1,0.707,39.35,0.012,1,0.37203
Walking,9.751,1,112.19,0.785,26.53,0.897,1,0.0
Walking,17.434,1,111.16,0.682,29.52,0.062,0,0.00909
Walking,25.646,1,128.98,0.457,11.25,0.161,1,0.0
Car,25.13,5,5.0,0.564,28.02,0.548,0,1.14356
Walking,11.587,1,135.96,0.416,14.43,0.217,1,0.0
Bicycle,4.454,1,133.73,0.477,13.3,0.457,0,0.0
Walking,25.598,1,127.47,0.736,31.95,0.365,1,0.00318
Bus,7.889,1,30.22,0.751,20.62,0.041,1,0.50185
Motorcycle,11.797,1,128.66,0.497,24.25,0.962,1,1.46212
Bicycle,7.015,1,122.97,0.319,32.64,0.925,0,0.0
Metro,6.732,1,126.8,0.947,14.25,0.033,1,0.25414
Walking,9.315,1,113.88,0.293,26.01,0.586,0,0.0
Motorcycle,11.282,1,113.82,0.699,25.05,0.707,0,1.3981
Metro,4.419,1,138.25,0.601,25.28,0.174,1,0.13509
Walking,9.689,1,118.02,0.457,31.02,0.047,1,0.0
Walking,28.684,1,113.71,0.973,19.78,0.423,0,0.01328
Car,12.442,3,3.0,0.696,14.52,0.209,1,0.8999
Walking,9.555,1,117.4,0.116,32.21,0.382,0,0.0
Walking,4.113,1,130.42,0.52,35.58,0.034,1,0.01352
Motorcycle,9.125,1,117.0,0.072,30.89,0.904,1,0.95573
Bicycle,9.907,1,121.89,0.007,20.74,0.868,0,0.0
Walking,6.203,1,109.62,0.224,26.07,0.571,0,0.0
Bus,5.418,1,19.15,0.7,37.82,0.884,1,0.5186
Car,5.497,1,1.0,0.428,29.88,0.032,1,1.18051
Car,5.976,2,2.0,0.437,26.24,0.027,1,0.64632
Motorcycle,2.561,1,119.75,0.402,18.62,0.854,0,0.32063
Metro,6.553,1,122.48,0.434,37.64,0.404,1,0.25611
Motorcycle,11.377,1,108.43,0.968,26.68,0.209,0,1.46278
Motorcycle,8.692,1,130.95,0.492,31.49,0.2,1,1.01651
Car,8.102,2,2.0,0.788,13.43,0.896,1,0.97774
Walking,4.232,1,116.41,0.099,37.23,0.144,1,0.01014
Car,6.369,1,1.0,0.398,27.73,0.625,0,1.38698
Bicycle,11.259,1,117.64,0.909,20.66,0.356,0,0.0
Bus,3.373,1,22.84,0.138,15.22,0.069,1,0.24519
Bus,8.151,1,31.53,0.726,30.64,0.682,1,0.4876
Bus,20.638,1,13.65,0.042,19.05,0.227,0,2.43102
Car,10.164,3,3.0,0.004,13.26,0.342,1,0.66524
Car,4.918,3,3.0,0.916,16.88,0.212,0,0.37523
Car,13.332,2,2.0,0.323,14.21,0.681,0,1.40366
Walking,5.241,1,120.22,0.007,30.71,0.371,1,0.0
Walking,5.34,1,115.86,0.489,12.49,0.234,1,0.00991
Metro,39.419,1,117.49,0.745,36.67,0.134,1,1.69875
Walking,6.874,1,125.19,0.915,34.71,0.879,0,0.0
Motorcycle,15.695,1,131.74,0.388,24.6,0.996,1,1.74768
Metro,7.157,1,111.9,0.479,33.6,0.004,1,0.30301
Bus,21.868,1,26.03,0.926,37.43,0.517,1,1.60752
Walking,12.117,1,120.16,0.44,16.18,0.681,1,0.0
Motorcycle,22.83,1,112.54,0.217,38.85,0.205,1,2.50496
Car,19.978,4,4.0,0.729,19.24,0.8,1,1.15638
Car,11.379,4,4.0,0.387,19.85,0.015,0,0.59842
Car,71.243,3,3.0,0.921,16.52,0.971,1,5.78456
Bus,6.592,1,22.56,0.73,10.61,0.559,0,0.53369
Bicycle,9.161,1,120.01,0.218,21.9,0.731,1,0.0
Motorcycle,8.56,1,109.43,0.468,34.35,0.797,1,0.98355
Car,15.491,4,4.0,0.352,14.26,0.119,0,0.8041
Walking,10.538,1,127.21,0.837,27.63,0.898,0,0.0
Motorcycle,6.72,1,109.21,0.55,30.29,0.105,1,0.78206
Motorcycle,12.585,1,104.78,0.312,22.06,0.649,0,1.39927
Car,12.979,3,3.0,0.309,13.85,0.676,1,0.92677
Metro,4.422,1,118.68,0.862,20.42,0.014,0,0.18038
Metro,18.447,1,108.91,0.946,12.4,0.004,1,0.77088
Car,0.533,5,5.0,0.736,12.99,0.235,1,0.02289
Metro,12.491,1,127.11,0.197,16.47,0.047,0,0.46429
Motorcycle,14.491,1,114.82,0.794,20.13,0.625,0,1.77627
Car,14.966,5,5.0,0.75,33.78,0.919,1,0.71064
Walking,4.604,1,111.63,0.916,12.93,0.554,0,0.0
Car,10.962,4,4.0,0.079,28.41,0.581,1,0.55783
Metro,18.369,1,126.08,0.45,23.85,0.965,0,0.68448
Walking,4.778,1,129.76,0.857,17.57,0.827,0,0.00063
Metro,22.346,1,119.37,0.706,33.69,0.541,0,0.93332
Car,3.173,2,2.0,0.519,27.94,0.101,0,0.34877
Car,19.453,5,5.0,0.227,26.12,0.896,0,0.80743
Motorcycle,21.992,1,125.56,0.017,36.0,0.579,0,2.44409
Metro,1.824,1,128.17,0.563,13.11,0.27,1,0.06033
Car,7.387,5,5.0,0.763,28.04,0.855,0,0.34382
Motorcycle,4.884,1,133.32,0.976,32.87,0.233,1,0.62996
Motorcycle,12.113,1,114.5,0.482,34.51,0.24,1,1.37881
Metro,20.036,1,110.29,0.74,30.3,0.313,1,0.8822
Walking,11.98,1,114.06,0.33,17.87,0.644,1,0.00421
Walking,20.435,1,117.39,0.845,21.26,0.58,0,0.0
Motorcycle,9.039,1,132.53,0.152,13.6,0.385,0,0.9759
Car,7.314,5,5.0,0.92,36.22,0.691,1,0.34569
Bicycle,6.481,1,120.36,0.548,10.16,0.149,0,0.0
Walking,4.06,1,114.7,0.862,17.07,0.432,0,0.0
Metro,32.963,1,124.31,0.388,25.54,0.387,1,1.23218
Bicycle,14.04,1,123.66,0.866,29.23,0.107,0,0.0
Metro,2.85,1,127.42,0.133,18.53,0.866,0,0.11126
Bicycle,6.213,1,105.59,0.962,29.3,0.286,0,0.0
Car,12.312,2,2.0,0.666,32.58,0.023,0,1.31708
Motorcycle,13.102,1,120.37,0.379,36.6,0.923,1,1.51791
Walking,14.04,1,119.4,0.902,39.43,0.059,0,0.0092
Bicycle,6.688,1,121.27,0.504,38.2,0.279,1,0.0
Bus,6.516,1,6.91,0.594,38.16,0.614,0,1.76018
Metro,20.037,1,116.58,0.01,19.21,0.995,1,0.84799
Bicycle,21.768,1,123.87,0.798,36.87,0.35,1,0.0
Motorcycle,14.328,1,118.83,0.391,26.61,0.634,0,1.61504
Bus,8.475,1,16.41,0.917,18.45,0.791,0,1.02827
Motorcycle,6.851,1,119.14,0.128,25.32,0.909,0,0.73743
Metro,12.499,1,129.79,0.131,13.65,0.224,0,0.44621
Motorcycle,12.503,1,118.44,0.203,21.06,0.197,1,1.34274
Car,13.768,4,4.0,0.177,19.16,0.982,1,0.74667
Motorcycle,14.508,1,116.3,0.55,19.61,0.472,0,1.7125
Bus,2.125,1,14.28,0.24,31.76,0.225,0,0.24873
Bicycle,9.966,1,127.81,0.025,38.83,0.761,1,0.00683
Bicycle,3.688,1,121.95,0.819,22.95,0.346,1,0.0033
Bus,14.034,1,18.0,0.236,25.58,0.131,0,1.31616
Motorcycle,23.763,1,120.75,0.647,24.69,0.877,1,2.94809
Walking,10.993,1,111.11,0.583,22.82,0.783,1,0.0
Walking,18.779,1,114.3,0.448,10.3,0.604,1,0.0
Car,16.193,3,3.0,0.874,14.06,0.498,1,1.24568
Motorcycle,7.568,1,111.47,0.278,12.12,0.442,1,0.90947
Metro,9.848,1,123.17,0.981,39.0,0.036,1,0.38931
Motorcycle,2.667,1,128.99,0.579,36.39,0.829,0,0.3134
Walking,17.377,1,117.35,0.917,35.17,0.656,0,0.0
Car,18.908,4,4.0,0.848,10.61,0.393,0,1.10544
Motorcycle,2.81,1,119.85,0.435,24.15,0.878,0,0.31739
Walking,8.408,1,123.22,0.903,23.15,0.571,1,0.0
Motorcycle,6.466,1,126.67,0.78,19.9,0.935,1,0.86761
Bus,20.307,1,21.93,0.318,16.52,0.054,0,1.4145
Motorcycle,6.523,1,117.73,0.33,29.25,0.405,1,0.69914
Bicycle,6.13,1,137.11,0.442,33.84,0.908,1,0.0
Metro,7.056,1,121.07,0.703,38.02,0.86,1,0.28603
Walking,12.938,1,114.72,0.152,27.26,0.299,0,0.00978
Bicycle,1.967,1,112.18,0.565,31.78,0.148,1,0.00263
Motorcycle,11.931,1,120.62,0.796,37.96,0.783,1,1.50129
Bus,14.003,1,18.84,0.275,19.21,0.807,0,1.35294
Bicycle,7.829,1,117.09,0.085,32.85,0.635,0,0.0
Motorcycle,32.76,1,126.29,0.092,12.88,0.194,0,3.65548
Bicycle,6.837,1,117.05,0.622,18.63,0.055,0,0.01292
Walking,20.901,1,118.78,0.747,32.94,0.878,0,0.00742
Car,16.593,2,2.0,0.376,28.31,0.252,1,1.78353
Walking,13.51,1,128.75,0.038,12.79,0.901,0,0.01301
Car,7.101,5,5.0,0.83,21.84,0.202,1,0.32274
Bicycle,7.68,1,122.15,0.25,23.49,0.686,1,0.0
Walking,3.912,1,115.82,0.184,31.02,0.819,1,0.0
Bicycle,21.846,1,111.24,0.654,20.68,0.304,1,0.0
Walking,15.317,1,118.57,0.412,23.59,0.477,1,0.0
Car,8.122,2,2.0,0.522,33.99,0.429,1,0.85597
Car,1.55,2,2.0,0.117,22.0,0.092,1,0.15442
Walking,18.889,1,128.83,0.407,20.54,0.686,1,0.0
Bus,8.506,1,30.15,0.398,33.56,0.029,1,0.48198
Car,14.616,2,2.0,0.279,23.38,0.548,1,1.50111
Metro,30.634,1,116.85,0.725,28.1,0.233,0,1.2936
Car,10.276,4,4.0,0.172,16.74,0.476,0,0.55437
Metro,7.01,1,130.94,0.965,35.69,0.183,0,0.26318
Car,5.981,3,3.0,0.204,15.88,0.967,0,0.40585
Walking,17.006,1,118.94,0.474,13.68,0.324,1,0.01269
Metro,2.704,1,135.83,0.889,31.47,0.587,0,0.10365
Car,0.961,1,1.0,0.036,19.63,0.488,1,0.1901
Motorcycle,3.82,1,124.68,0.138,14.37,0.305,1,0.41437
Walking,2.814,1,112.72,0.711,12.56,0.072,0,0.0
Walking,14.014,1,120.85,0.575,33.44,0.773,0,0.0
Motorcycle,2.196,1,137.3,0.108,34.35,0.913,1,0.23053
Walking,36.551,1,122.9,0.632,32.68,0.905,0,0.00676
Motorcycle,6.818,1,119.29,0.443,27.86,0.988,0,0.82952
Bus,23.039,1,4.52,0.929,17.22,0.081,0,9.89479
Bicycle,0.5,1,121.78,0.754,18.95,0.479,0,0.0
Walking,17.628,1,106.2,0.77,29.57,0.723,1,0.00928
Walking,25.14,1,120.23,0.718,30.91,0.247,0,0.01275
Bicycle,15.268,1,114.32,0.633,19.83,0.147,0,0.02059
Walking,7.658,1,125.94,0.155,28.44,0.367,1,0.0
Bus,20.628,1,3.28,0.263,29.64,0.841,1,11.46221
Bicycle,11.311,1,121.54,0.626,27.56,0.793,1,0.00072
Motorcycle,16.394,1,108.76,0.157,39.88,0.079,1,1.70463
Walking,34.124,1,124.46,0.788,16.99,0.251,1,0.0
Metro,29.664,1,117.24,0.345,33.97,0.19,0,1.30482
Walking,12.546,1,108.78,0.287,27.4,0.902,1,0.0
Car,16.811,2,2.0,0.686,16.47,0.694,0,1.92469
Bus,23.981,1,13.01,0.703,24.88,0.035,0,3.2671
Metro,15.703,1,110.51,0.078,31.9,0.441,0,0.70166
Bicycle,10.71,1,130.97,0.482,37.96,0.822,0,0.00508
Bicycle,16.821,1,109.03,0.091,17.65,0.923,1,0.00802
Bicycle,16.496,1,127.66,0.127,19.6,0.301,0,0.0
Metro,11.479,1,120.88,0.845,13.79,0.726,0,0.49216
Walking,33.36,1,122.12,0.013,13.94,0.107,1,0.0
Car,11.016,2,2.0,0.524,11.79,0.305,1,1.18094
Bicycle,22.91,1,119.76,0.612,28.63,0.995,1,0.0
Metro,8.714,1,132.87,0.908,27.26,0.4,0,0.31377
Bus,8.781,1,21.67,0.408,34.93,0.975,0,0.76476
Bus,7.605,1,21.12,0.501,19.81,0.108,1,0.65056
Metro,0.811,1,115.73,0.675,17.04,0.076,0,0.01779
Walking,5.933,1,124.3,0.296,36.48,0.171,1,0.00671
Walking,15.818,1,128.51,0.627,15.92,0.031,1,0.01038
Bicycle,13.671,1,120.2,0.08,18.61,0.327,0,0.0
Car,3.992,3,3.0,0.729,25.22,0.063,0,0.28136
Car,6.031,5,5.0,0.792,37.33,0.395,1,0.25628
Bicycle,20.745,1,108.65,0.869,32.87,0.604,0,0.0
Bicycle,13.704,1,110.97,0.258,17.35,0.788,0,0.0
Car,1.18,3,3.0,0.512,15.83,0.69,1,0.10692
Bus,5.442,1,10.07,0.886,24.53,0.124,0,0.9898
Bus,10.827,1,13.38,0.176,36.24,0.074,0,1.333
Walking,19.868,1,117.73,0.227,13.21,0.729,0,0.0
Motorcycle,2.202,1,122.24,0.895,32.59,0.131,0,0.27586
Motorcycle,8.994,1,128.3,0.453,17.85,0.147,0,0.95375
Walking,20.912,1,126.84,0.386,27.36,0.569,0,0.0
Car,3.32,4,4.0,0.235,24.89,0.674,1,0.17957
Bicycle,9.097,1,115.67,0.116,10.64,0.412,0,0.00875
Walking,5.479,1,110.24,0.315,13.87,0.559,1,0.0
Metro,12.906,1,123.21,0.327,36.12,0.398,0,0.49786
Motorcycle,2.838,1,122.65,0.352,37.63,0.074,0,0.3253
Walking,6.845,1,114.35,0.015,30.14,0.657,1,0.0
Motorcycle,14.562,1,113.9,0.94,30.55,0.367,0,1.83348
Motorcycle,20.307,1,118.31,0.477,12.73,0.919,0,2.44392
Walking,15.839,1,107.58,0.627,27.96,0.068,0,0.0
Bus,11.05,1,22.63,0.722,25.02,0.023,1,0.89791
Walking,10.859,1,105.02,0.776,21.47,0.91,1,0.0
Car,20.022,5,5.0,0.343,33.99,0.615,0,0.81368
Car,5.261,4,4.0,0.75,19.68,0.068,0,0.28483
Motorcycle,3.745,1,129.57,0.36,23.47,0.042,1,0.40481
Motorcycle,10.385,1,134.74,0.36,30.43,0.635,1,1.20695
Bicycle,2.362,1,128.66,0.599,15.03,0.535,0,0.00372
Car,5.307,1,1.0,0.751,27.32,0.504,0,1.30519
Bicycle,16.993,1,129.47,0.146,17.7,0.399,1,0.0
Walking,2.126,1,118.46,0.938,35.15,0.49,1,0.0
Motorcycle,18.133,1,135.02,0.684,38.14,0.117,0,2.03068
Bicycle,13.225,1,101.68,0.707,38.67,0.502,0,0.00747
Walking,11.928,1,129.33,0.412,28.0,0.651,0,0.0
Bicycle,23.618,1,100.63,0.444,33.29,0.811,1,0.0
Metro,16.468,1,129.03,0.277,37.57,0.935,0,0.64859
Metro,7.422,1,112.16,0.109,16.5,0.213,1,0.33792
Metro,4.011,1,119.99,0.682,37.44,0.276,1,0.15729
Bicycle,10.29,1,123.35,0.966,23.99,0.907,1,0.0
Bus,14.407,1,14.43,0.697,38.51,0.788,1,1.86598
Bicycle,4.831,1,120.04,0.008,33.36,0.953,1,0.00986
Bicycle,9.209,1,129.79,0.299,23.79,0.901,0,0.00523
Bus,11.712,1,13.07,0.639,21.0,0.788,0,1.59643
Walking,6.57,1,118.96,0.428,19.74,0.987,0,0.0
Bicycle,11.245,1,133.84,0.099,33.81,0.854,1,0.0
Walking,1.611,1,108.04,0.691,15.52,0.401,0,0.00013
Car,6.726,5,5.0,0.254,28.63,0.5,1,0.29121
Walking,5.932,1,115.5,0.035,22.36,0.598,0,0.00502
Walking,7.919,1,118.48,0.507,26.18,0.89,1,0.00309
Car,24.115,4,4.0,0.576,10.79,0.344,0,1.31736
Bus,26.941,1,25.05,0.489,29.91,0.719,0,1.96983
Bus,18.385,1,42.59,0.604,26.07,0.169,0,0.77044
Bicycle,12.193,1,134.99,0.286,25.35,0.426,1,0.0
Walking,16.19,1,113.62,0.565,37.34,0.376,0,0.0
Car,13.897,5,5.0,0.021,20.64,0.864,0,0.57436
Walking,13.022,1,129.09,0.908,30.86,0.311,0,0.0
Walking,16.086,1,124.93,0.221,22.15,0.682,0,0.0
Motorcycle,35.188,1,99.83,0.364,12.88,0.698,1,3.89579
Walking,17.298,1,129.81,0.534,25.12,0.608,0,0.00585
Metro,5.512,1,111.98,0.743,28.17,0.587,0,0.24798
Bicycle,21.466,1,109.43,0.909,16.06,0.514,1,0.0
Bicycle,3.675,1,122.6,0.274,14.29,0.405,0,0.01334
Bus,5.583,1,25.08,0.092,39.15,0.122,0,0.35797
Metro,11.182,1,122.67,0.828,28.38,0.791,1,0.4531
Bus,12.79,1,10.09,0.453,15.83,0.656,1,2.26597
Car,9.898,3,3.0,0.181,32.6,0.907,1,0.72253
Car,12.178,2,2.0,0.083,12.69,0.959,1,1.26471
Car,16.75,2,2.0,0.188,34.85,0.519,1,1.7517
Bus,7.254,1,12.74,0.527,35.33,0.601,0,1.06575
Bus,5.242,1,20.47,0.399,20.8,0.907,0,0.46715
Bus,19.748,1,25.37,0.765,19.81,0.944,0,1.56626
Car,9.156,5,5.0,0.087,35.39,0.35,0,0.34658
Bicycle,15.501,1,113.75,0.898,35.32,0.452,0,0.0
Metro,7.748,1,122.92,0.335,22.86,0.514,1,0.3081
Bus,1.888,1,11.19,0.44,21.96,0.935,0,0.30565
Walking,15.515,1,122.58,0.009,23.46,0.94,0,0.0
Motorcycle,19.935,1,106.46,0.659,18.29,0.738,1,2.51983
Bus,0.894,1,16.85,0.859,15.86,0.075,0,0.08681
Motorcycle,0.901,1,128.31,0.143,28.66,0.701,1,0.127
Bicycle,3.621,1,110.94,0.419,39.87,0.449,0,0.0
Metro,4.54,1,119.16,0.014,22.18,0.878,0,0.18096
Motorcycle,14.586,1,133.43,0.038,30.47,0.417,1,1.52034
Walking,3.894,1,119.37,0.783,31.89,0.673,1,0.0
Motorcycle,14.979,1,119.44,0.876,26.27,0.957,0,2.05209
Walking,12.66,1,127.08,0.28,30.64,0.945,0,0.0
Walking,5.945,1,131.62,0.071,17.06,0.016,0,0.0
Walking,5.354,1,127.7,0.367,36.04,0.901,0,0.0
Car,8.462,4,4.0,0.489,37.73,0.223,1,0.45945
Motorcycle,4.944,1,143.25,0.583,37.61,0.368,1,0.59383
Bus,26.124,1,14.35,0.256,24.72,0.247,0,3.16785
Car,12.449,4,4.0,0.476,34.07,0.171,1,0.64443
Motorcycle,6.647,1,118.0,0.519,18.59,0.733,0,0.78445
Metro,36.079,1,122.65,0.519,11.72,0.57,0,1.40729
Car,16.523,3,3.0,0.485,13.03,0.374,1,1.18415
Car,7.202,4,4.0,0.281,21.45,0.069,0,0.37704
Car,11.768,3,3.0,0.923,27.13,0.414,1,0.92999
Bicycle,3.159,1,113.34,0.967,24.75,0.877,1,0.0
Car,1.234,1,1.0,0.597,28.48,0.278,0,0.26829
Car,9.583,2,2.0,0.424,39.35,0.989,1,1.11201
Metro,17.575,1,115.75,0.989,19.82,0.399,1,0.74482
Metro,6.81,1,128.08,0.875,31.43,0.139,1,0.26704
Metro,24.907,1,126.59,0.635,13.2,0.277,1,0.99101
Metro,25.486,1,121.81,0.51,39.84,0.408,0,1.02813
Motorcycle,8.667,1,109.91,0.639,21.96,0.386,1,1.03299
Metro,7.865,1,121.95,0.547,35.4,0.251,1,0.30825
Walking,20.528,1,109.09,0.663,10.33,0.39,1,0.0
Walking,17.097,1,129.8,0.858,21.32,0.025,0,0.0
Bicycle,4.085,1,106.95,0.738,29.64,0.356,0,0.00303
Bus,4.3,1,23.26,0.487,35.78,0.529,1,0.31777
Bicycle,18.852,1,121.23,0.643,17.28,0.146,0,0.0
Walking,13.874,1,119.85,0.105,37.6,0.545,1,0.00073
Motorcycle,2.147,1,108.32,0.962,15.92,0.878,1,0.27193
Bus,12.364,1,15.25,0.897,13.84,0.845,0,1.59582
Bicycle,29.436,1,121.08,0.531,37.28,0.105,1,0.00468
Bus,35.214,1,24.07,0.841,28.51,0.204,0,2.82733
Metro,25.083,1,118.66,0.945,37.26,0.452,0,1.087
Bicycle,5.142,1,120.3,0.8,13.04,0.789,1,0.00725
Motorcycle,1.385,1,124.95,0.217,25.02,0.735,0,0.14505
Car,8.159,1,1.0,0.421,18.96,0.184,1,1.80551
Metro,13.013,1,119.94,0.528,15.73,0.893,0,0.5449
Walking,5.439,1,123.62,0.377,28.37,0.227,1,0.0
Motorcycle,20.059,1,135.38,0.456,27.46,0.94,1,2.42322
Motorcycle,15.654,1,121.75,0.127,10.43,0.793,1,1.74582
Bicycle,21.486,1,137.33,0.753,18.15,0.531,0,0.002
Car,2.257,3,3.0,0.365,19.56,0.994,0,0.15829
Bicycle,5.6,1,110.89,0.929,27.09,0.308,0,0.00293
Bicycle,15.161,1,122.52,0.051,21.37,0.398,1,0.0
Bus,5.62,1,8.76,0.316,38.99,0.428,0,1.05379
Motorcycle,7.537,1,131.67,0.656,16.22,0.61,1,0.90388
Bicycle,27.227,1,128.28,0.905,14.07,0.375,1,0.0
Metro,7.326,1,122.77,0.768,35.77,0.351,0,0.28676
Bus,5.427,1,21.23,0.762,12.93,0.293,1,0.48006
Metro,13.816,1,100.42,0.975,22.49,0.03,0,0.66969
Walking,7.21,1,108.38,0.605,17.62,0.712,1,0.00034
Metro,19.122,1,119.18,0.801,36.68,0.778,1,0.82813
Bicycle,27.019,1,115.37,0.424,16.74,0.364,0,0.01863
Bicycle,5.78,1,127.07,0.828,35.59,0.394,1,0.0
Bicycle,22.738,1,111.26,0.837,32.49,0.125,1,0.02888
Metro,9.466,1,106.65,0.87,20.75,0.057,1,0.43387
Bus,3.301,1,12.85,0.462,39.9,0.141,0,0.45321
Motorcycle,1.885,1,121.93,0.522,14.33,0.056,1,0.21586
Bus,3.251,1,15.93,0.5,24.91,0.002,1,0.36901
Bicycle,20.789,1,125.63,0.925,22.01,0.26,0,0.01395
Bus,17.638,1,14.76,0.956,15.91,0.913,0,2.4932
Car,9.008,3,3.0,0.182,34.83,0.125,0,0.6218
Metro,10.734,1,105.11,0.023,19.59,0.125,1,0.48126
Walking,10.454,1,127.17,0.738,22.06,0.536,0,0.0
Motorcycle,5.207,1,121.74,0.697,20.76,0.372,1,0.63768
Metro,10.379,1,116.75,0.901,37.78,0.244,1,0.4275
Car,17.741,3,3.0,0.508,28.41,0.194,1,1.29549
Walking,8.469,1,123.18,0.879,10.99,0.727,1,0.01048
Car,4.193,1,1.0,0.557,10.92,0.901,0,0.90889
Walking,7.909,1,111.03,0.484,17.14,0.36,0,0.0
Walking,7.134,1,106.56,0.478,25.7,0.492,0,0.0
Bicycle,16.008,1,132.33,0.049,19.36,0.496,0,0.0
Bicycle,7.199,1,109.62,0.548,30.7,0.531,0,0.01006
Walking,6.27,1,125.32,0.803,26.47,0.704,0,0.00779
Bus,4.412,1,8.61,0.541,28.57,0.65,1,0.91933
Metro,20.169,1,123.87,0.422,21.02,0.368,1,0.78112
Metro,8.133,1,128.47,0.624,23.54,0.773,1,0.31863
Car,13.164,3,3.0,0.689,22.32,0.122,0,0.98249
Car,12.86,3,3.0,0.344,29.8,0.22,0,0.8976
Bus,7.194,1,27.81,0.666,35.37,0.366,0,0.47111
Car,32.23,1,1.0,0.466,12.74,0.139,0,6.74881
Motorcycle,11.373,1,138.06,0.619,21.27,0.06,0,1.28895
Motorcycle,1.753,1,140.13,0.562,24.28,0.849,1,0.21025
Bicycle,35.68,1,103.57,0.285,24.07,0.55,0,0.01398
Car,24.109,1,1.0,0.961,39.19,0.489,0,5.56126
Walking,6.971,1,123.69,0.697,18.35,0.763,0,0.01526
Bicycle,22.853,1,106.9,0.541,11.15,0.081,1,0.0
Walking,27.04,1,125.48,0.981,14.49,0.095,1,0.0
Bicycle,13.687,1,129.73,0.548,32.89,0.337,1,0.0
Car,4.778,4,4.0,0.266,36.56,0.587,1,0.25855
Bus,25.374,1,16.49,0.355,23.39,0.722,0,2.81837
Bus,11.174,1,15.08,0.851,28.54,0.201,1,1.41978
Bus,1.089,1,20.44,0.753,18.22,0.882,0,0.1071
Bus,24.713,1,31.63,0.35,36.28,0.665,0,1.38911
Metro,8.663,1,120.79,0.515,37.21,0.101,1,0.37203
Motorcycle,3.319,1,119.18,0.527,23.62,0.457,1,0.40852
Walking,2.829,1,112.87,0.708,13.94,0.413,1,0.01674
Motorcycle,15.581,1,118.71,0.138,18.34,0.848,1,1.77818
Metro,20.525,1,123.03,0.123,28.23,0.969,0,0.82718
Bicycle,8.199,1,129.12,0.862,13.04,0.651,1,0.01161
Motorcycle,2.77,1,112.79,0.556,13.6,0.225,1,0.33657
Walking,4.11,1,124.06,0.228,14.97,0.084,0,0.0
Metro,11.908,1,131.11,0.595,25.57,0.155,1,0.43176
Car,14.016,1,1.0,0.114,15.38,0.662,0,2.84974
Bus,10.153,1,27.45,0.613,23.97,0.468,1,0.69191
Bicycle,18.382,1,129.16,0.927,31.02,0.448,0,0.0
Metro,6.332,1,125.59,0.257,35.34,0.786,1,0.23131
Bus,12.126,1,34.59,0.984,30.7,0.928,1,0.70123
Car,12.829,5,5.0,0.59,25.09,0.816,0,0.57463
Car,10.474,5,5.0,0.54,22.4,0.856,1,0.46571
Motorcycle,6.31,1,120.64,0.607,19.59,0.468,0,0.76499
Bus,10.934,1,16.81,0.641,14.35,0.99,1,1.25314
Car,4.722,4,4.0,0.079,38.67,0.727,1,0.23187
Motorcycle,2.246,1,116.61,0.673,12.32,0.541,0,0.27309
Metro,10.5,1,112.71,0.215,30.69,0.674,0,0.48323
Bicycle,7.2,1,117.41,0.755,11.47,0.753,0,0.00421
Car,17.323,3,3.0,0.638,16.72,0.051,1,1.25173
Bus,19.554,1,16.81,0.419,20.28,0.424,1,2.06821
Motorcycle,12.542,1,119.44,0.975,11.64,0.043,0,1.53945
Bicycle,7.851,1,120.92,0.697,33.15,0.113,1,0.00147
Car,8.639,2,2.0,0.509,28.79,0.866,1,1.00345
Walking,9.202,1,111.48,0.053,23.12,0.685,0,0.0
Car,1.254,4,4.0,0.52,23.33,0.848,1,0.06602
Walking,15.42,1,116.69,0.041,35.53,0.451,0,0.0
Bus,1.383,1,10.0,0.493,36.83,0.887,1,0.2467
Bus,6.187,1,27.76,0.585,24.0,0.411,1,0.39167
Car,8.733,2,2.0,0.517,26.29,0.076,1,0.91686
Car,19.454,1,1.0,0.352,26.32,0.629,0,4.25925
Metro,9.521,1,122.99,0.569,30.68,0.801,1,0.37474
Motorcycle,22.559,1,134.3,0.444,22.49,0.701,0,2.64681
Motorcycle,19.195,1,107.5,0.018,16.16,0.281,1,2.17322
Bicycle,19.584,1,123.6,0.784,20.19,0.902,1,0.0
Bus,12.177,1,16.95,0.693,16.72,0.205,1,1.29414
Bicycle,15.359,1,130.42,0.846,36.88,0.113,1,0.0
Walking,14.077,1,127.92,0.593,12.88,0.258,0,0.00346
Metro,4.658,1,117.88,0.939,16.6,0.343,1,0.19138
Motorcycle,7.576,1,117.86,0.781,32.35,0.829,0,0.97926
Car,13.019,5,5.0,0.41,24.33,0.577,1,0.5681
Car,30.404,4,4.0,0.148,17.89,0.607,1,1.51482
Motorcycle,10.472,1,129.86,0.062,10.1,0.527,0,1.12652
Metro,10.669,1,115.86,0.002,39.44,0.517,1,0.44048
Bus,11.387,1,26.17,0.633,33.07,0.907,1,0.85878
Car,27.044,4,4.0,0.249,29.01,0.981,0,1.38399
Walking,34.286,1,124.15,0.93,38.78,0.603,0,0.0
Metro,1.499,1,116.64,0.835,11.81,0.665,1,0.07156
Bus,8.382,1,23.41,0.635,27.12,0.433,0,0.66385
Walking,27.483,1,113.47,0.227,17.79,0.298,0,0.0
Bicycle,20.208,1,120.44,0.155,34.49,0.48,0,0.02863
Metro,14.115,1,112.93,0.607,18.43,0.724,1,0.62857
Bicycle,15.402,1,122.27,0.298,31.49,0.264,1,0.00173
Motorcycle,8.007,1,126.7,0.952,11.02,0.023,1,0.98339
Car,14.166,3,3.0,0.416,39.92,0.48,1,0.98841
Metro,4.91,1,120.38,0.334,29.84,0.617,1,0.18444
Bus,14.879,1,20.88,0.151,31.13,0.727,1,1.24337
Motorcycle,3.086,1,108.92,0.3,32.1,0.219,0,0.34528
Metro,11.307,1,116.73,0.585,15.7,0.266,1,0.47435
Walking,6.016,1,108.51,0.69,19.18,0.694,0,0.01226
Metro,6.723,1,117.99,0.321,33.63,0.782,1,0.30107
Bus,20.033,1,4.62,0.501,23.22,0.36,1,8.17002
Motorcycle,22.361,1,128.95,0.262,38.05,0.936,0,2.61763
Motorcycle,7.42,1,127.15,0.967,12.05,0.334,0,0.93543
Walking,4.762,1,117.82,0.223,21.98,0.541,0,0.00153
Bus,3.407,1,2.38,0.726,38.64,0.285,1,2.77146
Car,15.977,1,1.0,0.135,15.99,0.662,0,3.01597
Bus,23.014,1,17.31,0.261,18.69,0.104,1,2.29684
Car,4.948,3,3.0,0.657,17.01,0.88,0,0.38121
Motorcycle,6.427,1,130.12,0.339,29.82,0.117,0,0.71857
Bicycle,7.08,1,123.04,0.033,34.12,0.222,1,0.00085
Bus,3.553,1,8.03,0.527,39.07,0.478,1,0.7913
Car,14.42,4,4.0,0.927,35.6,0.785,1,0.86876
Walking,20.509,1,129.41,0.749,27.75,0.598,0,0.00046
Walking,5.649,1,114.76,0.205,25.76,0.128,0,0.00167
Metro,30.5,1,125.9,0.64,36.99,0.721,0,1.19605
Car,32.533,1,1.0,0.912,36.22,0.081,1,7.45503
Motorcycle,23.287,1,117.52,0.597,24.03,0.258,1,2.68116
Metro,12.202,1,129.11,0.117,21.84,0.08,0,0.45747
Motorcycle,18.737,1,105.76,0.417,21.01,0.682,0,2.13344
Walking,17.839,1,117.13,0.864,26.6,0.71,1,0.0
Motorcycle,6.517,1,110.49,0.597,13.08,0.902,0,0.73226
Bus,6.204,1,13.45,0.335,25.68,0.586,0,0.81577
Car,2.113,3,3.0,0.342,16.49,0.865,0,0.15698
Car,11.369,4,4.0,0.348,36.8,0.454,0,0.59647
Metro,8.851,1,108.73,0.679,18.73,0.464,1,0.41731
Bus,28.615,1,15.38,0.761,19.69,0.324,1,3.60235
Car,4.071,3,3.0,0.176,34.78,0.764,0,0.28044
Motorcycle,6.949,1,133.57,0.39,28.6,0.662,0,0.82626
Bicycle,6.841,1,112.34,0.31,11.13,0.2,0,0.00344
Walking,7.459,1,132.98,0.234,13.87,0.442,1,0.0
Metro,3.953,1,128.68,0.574,25.73,0.162,0,0.15379
Car,14.856,5,5.0,0.962,33.03,0.334,1,0.66462
Car,8.827,3,3.0,0.429,36.42,0.167,1,0.63542
Bus,24.608,1,14.74,0.886,15.59,0.002,1,3.23889
Metro,4.511,1,105.07,0.261,33.69,0.305,1,0.21454
Bus,4.015,1,14.71,0.727,19.44,0.082,0,0.51626
Bus,37.162,1,13.65,0.895,36.82,0.576,1,5.42853
Metro,1.169,1,108.78,0.894,18.51,0.219,1,0.05394
Motorcycle,2.104,1,121.66,0.592,39.93,0.311,1,0.23209
Bus,5.755,1,8.26,0.961,10.39,0.805,0,1.41167
Bicycle,7.996,1,113.71,0.394,33.12,0.109,0,0.00256
Bicycle,2.709,1,113.6,0.625,37.41,0.094,0,0.00241
Motorcycle,12.517,1,123.87,0.368,14.46,0.029,1,1.37963
Motorcycle,9.219,1,121.43,0.481,36.03,0.863,0,1.08922
Walking,18.435,1,111.35,0.616,38.86,0.606,1,0.00579
Bus,12.76,1,4.99,0.094,35.51,0.382,0,4.41708
Walking,18.026,1,113.68,0.217,14.5,0.446,1,0.0
Car,24.09,4,4.0,0.04,12.51,0.432,1,1.18683
Bus,5.358,1,22.59,0.929,38.04,0.057,0,0.42875
Car,13.48,1,1.0,0.073,38.12,0.994,1,2.68157
Bicycle,10.419,1,128.41,0.02,11.88,0.664,1,0.01114
Car,6.111,1,1.0,0.031,13.37,0.226,0,1.19602
Bus,10.491,1,12.26,0.654,21.49,0.931,0,1.6571
Car,11.367,4,4.0,0.413,26.36,0.991,1,0.60635
Walking,23.21,1,112.58,0.904,19.75,0.399,0,0.0
Walking,3.512,1,120.62,0.219,30.38,0.086,0,0.0155
Walking,1.823,1,120.73,0.509,23.94,0.601,0,0.0
Bicycle,7.754,1,127.98,0.099,32.55,0.523,1,0.00099
Car,21.164,4,4.0,0.001,12.6,0.44,0,1.10811
Bicycle,9.051,1,109.84,0.797,17.7,0.719,1,0.0
Bicycle,14.009,1,125.02,0.844,28.51,0.578,1,0.0
Walking,14.443,1,120.05,0.921,12.18,0.68,0,0.00808
Walking,17.521,1,105.89,0.959,28.24,0.006,1,0.00234
Bus,13.952,1,16.01,0.062,21.71,0.28,0,1.42864
Car,13.617,5,5.0,0.05,26.54,0.167,1,0.53038
Car,3.141,1,1.0,0.063,32.99,0.491,1,0.60934
Bicycle,19.047,1,118.62,0.569,28.6,0.879,1,0.0
Metro,4.159,1,114.35,0.996,32.68,0.79,1,0.16585
Car,34.811,4,4.0,0.556,26.48,0.597,0,1.89717
Walking,6.391,1,117.69,0.679,17.7,0.856,1,0.0
Motorcycle,44.925,1,126.23,0.704,35.66,0.016,1,5.24091
Car,20.024,4,4.0,0.741,10.96,0.735,1,1.14719
Metro,8.113,1,128.19,0.306,15.04,0.955,1,0.32521
Motorcycle,11.198,1,108.54,0.643,28.3,0.772,0,1.33427
Walking,6.717,1,107.08,0.405,26.82,0.594,1,0.00655
Motorcycle,15.427,1,127.26,0.957,12.52,0.617,1,1.98168
Metro,18.582,1,124.04,0.778,12.6,0.328,0,0.77097
Bicycle,7.75,1,117.01,0.137,14.14,0.51,1,0.00115
Metro,10.838,1,107.6,0.796,31.42,0.527,1,0.50129
Car,0.682,3,3.0,0.851,25.45,0.068,0,0.04572
Car,4.411,4,4.0,0.253,32.12,0.075,1,0.2505
Motorcycle,9.458,1,115.89,0.534,35.29,0.582,0,1.07608
Bicycle,21.084,1,118.31,0.919,37.24,0.073,1,0.00254
Walking,8.318,1,107.55,0.113,32.69,0.442,0,0.0
Walking,10.869,1,126.81,0.7,29.56,0.333,1,0.0
Bus,7.699,1,12.71,0.237,19.38,0.53,0,1.05476
Bus,6.97,1,11.25,0.079,39.22,0.693,0,1.03504
Walking,17.174,1,126.58,0.057,37.67,0.374,0,0.0
Bicycle,11.604,1,131.54,0.798,16.81,0.318,0,0.0
Bus,17.289,1,2.33,0.667,11.64,0.773,0,14.82909
Bus,27.051,1,30.57,0.166,18.92,0.627,1,1.58362
Motorcycle,11.921,1,112.96,0.318,15.14,0.971,0,1.40004
Metro,1.302,1,118.58,0.614,29.05,0.093,1,0.06015
Metro,1.834,1,118.68,0.215,39.95,0.553,0,0.09627
Walking,4.977,1,130.28,0.547,38.55,0.373,0,0.01475
Bus,1.405,1,23.43,0.289,16.69,0.388,0,0.10361
Metro,7.933,1,120.85,0.008,39.6,0.411,0,0.31357
Bicycle,4.876,1,101.72,0.117,25.51,0.424,0,0.0
Motorcycle,9.38,1,111.85,0.498,33.7,0.841,0,1.10121
Walking,11.45,1,121.88,0.56,33.37,0.988,0,0.0
Motorcycle,6.391,1,106.66,0.663,27.21,0.983,1,0.76927
Bus,10.248,1,7.77,0.524,34.22,0.918,0,2.46592
Metro,12.816,1,109.49,0.273,26.5,0.003,1,0.53637
Bus,5.818,1,38.79,0.891,39.62,0.775,0,0.29641
Walking,22.715,1,124.3,0.5,16.87,0.789,0,0.00054
Motorcycle,16.225,1,128.01,0.521,13.25,0.138,0,1.78134
Bus,4.887,1,24.94,0.406,24.47,0.157,0,0.33206
Bus,5.19,1,22.2,0.411,30.31,0.858,0,0.43842
Bus,15.647,1,26.73,0.769,21.91,0.941,1,1.12514
Car,5.27,1,1.0,0.833,33.48,0.495,1,1.16503
Motorcycle,23.91,1,114.17,0.286,20.47,0.944,0,2.62207
Bicycle,20.271,1,130.14,0.995,14.07,0.314,0,0.00061
Walking,10.435,1,132.5,0.409,26.5,0.953,1,0.0
Walking,16.55,1,110.48,0.264,27.93,0.415,0,0.00451
Walking,6.715,1,116.41,0.417,32.62,0.846,0,0.0
Motorcycle,20.108,1,133.53,0.967,24.6,0.076,1,2.45184
Walking,9.468,1,112.02,0.14,18.25,0.864,1,0.00128
Walking,11.12,1,120.63,0.3,28.34,0.008,0,0.0
Bicycle,12.888,1,118.9,0.365,21.68,0.709,0,0.007
Walking,12.85,1,118.26,0.628,21.02,0.79,0,0.0
Walking,3.844,1,110.7,0.525,19.58,0.203,0,0.0
Car,4.705,1,1.0,0.671,15.08,0.734,1,1.04306
Motorcycle,17.21,1,125.08,0.28,14.52,0.215,1,1.8536
Walking,15.484,1,91.22,0.3,12.31,0.028,1,0.0048
Metro,1.159,1,118.37,0.769,37.18,0.641,1,0.04979
Bicycle,28.981,1,124.13,0.136,18.54,0.823,0,0.00611
Bus,4.083,1,18.23,0.157,23.97,0.231,1,0.37577
Bicycle,3.815,1,119.55,0.557,24.16,0.563,1,0.0
Metro,15.413,1,129.92,0.643,33.88,0.78,0,0.58334
Motorcycle,5.59,1,114.89,0.791,19.74,0.734,1,0.70872
Metro,38.218,1,113.46,0.15,11.0,0.853,0,1.7128
Walking,10.021,1,119.4,0.366,20.6,0.408,1,0.0012
Bicycle,9.391,1,116.77,0.699,15.5,0.447,1,0.0
Car,5.144,4,4.0,0.88,38.65,0.976,0,0.30507
Motorcycle,4.592,1,118.93,0.005,33.32,0.07,1,0.46965
Walking,8.421,1,119.45,0.879,25.97,0.55,0,0.0
Motorcycle,4.926,1,109.7,0.846,33.43,0.218,0,0.59238
Motorcycle,2.016,1,107.14,0.538,27.74,0.492,1,0.22421
Car,7.818,4,4.0,0.163,31.06,0.548,1,0.40443
Car,12.143,1,1.0,0.83,28.25,0.016,0,2.75139
Motorcycle,13.411,1,125.92,0.02,27.64,0.265,1,1.39338
Bicycle,11.169,1,118.52,0.805,21.72,0.434,0,0.00643
Bus,19.001,1,16.96,0.781,34.18,0.637,0,2.2882
Car,12.753,4,4.0,0.027,38.52,0.068,1,0.62307
Bus,3.468,1,16.79,0.004,29.28,0.858,1,0.33537
Metro,23.804,1,120.04,0.628,24.53,0.3,0,0.99101
Metro,3.461,1,132.16,0.896,27.52,0.754,1,0.13704
Bus,0.906,1,11.55,0.539,21.81,0.836,0,0.14599
Bus,3.371,1,13.66,0.626,28.6,0.858,0,0.46733
Bicycle,13.632,1,128.42,0.707,35.01,0.307,0,0.0
Car,11.298,5,5.0,0.407,20.23,0.723,0,0.48116
Car,3.873,2,2.0,0.06,22.6,0.192,1,0.37094
Walking,4.484,1,122.98,0.845,33.91,0.356,1,0.0
Metro,2.657,1,115.83,0.671,11.26,0.958,1,0.12123
Car,8.134,1,1.0,0.594,12.99,0.545,1,1.86408
Bus,39.455,1,19.12,0.345,15.39,0.152,1,3.51973
Walking,38.041,1,123.01,0.376,10.61,0.517,1,0.00219
Walking,13.649,1,97.88,0.07,36.01,0.748,1,0.01371
Metro,18.831,1,122.98,0.475,16.31,0.118,1,0.71295
Motorcycle,3.572,1,130.66,0.104,13.69,0.093,1,0.4146
Car,6.648,5,5.0,0.171,34.53,0.824,1,0.27334
Motorcycle,8.147,1,135.12,0.299,36.19,0.251,0,0.87759
Bus,20.52,1,19.43,0.862,19.39,0.101,0,1.99474
Bus,11.304,1,11.18,0.152,10.5,0.904,0,1.70705
Metro,6.071,1,111.21,0.909,39.57,0.02,1,0.25619
Metro,31.172,1,122.28,0.696,13.21,0.888,0,1.19981
Motorcycle,7.32,1,120.3,0.878,34.23,0.779,0,0.91257
Car,14.912,2,2.0,0.963,25.03,0.222,0,1.76294
Bus,4.924,1,25.24,0.281,39.07,0.78,0,0.35126
Motorcycle,8.585,1,117.63,0.585,18.31,0.63,0,0.96919
Motorcycle,11.017,1,109.21,0.728,34.28,0.64,0,1.37136
Walking,7.489,1,117.03,0.722,39.04,0.003,0,0.01207
Motorcycle,9.54,1,112.32,0.854,23.8,0.787,1,1.20923
Walking,12.815,1,115.49,0.016,25.07,0.617,0,0.01601
Motorcycle,23.494,1,128.11,0.529,35.47,0.064,1,2.60374
Bus,18.486,1,21.67,0.339,38.02,0.814,1,1.5215
Walking,10.835,1,134.19,0.779,12.92,0.595,0,0.00128
Motorcycle,12.5,1,127.42,0.575,10.17,0.156,1,1.4244
Bus,6.048,1,32.37,0.868,32.76,0.063,1,0.34438
Bus,6.549,1,15.6,0.252,34.8,0.406,0,0.75482
Motorcycle,8.433,1,114.55,0.963,33.58,0.276,0,1.07842
Walking,5.214,1,128.47,0.546,10.36,0.573,1,0.00397
Metro,15.766,1,116.21,0.674,14.38,0.998,1,0.63824
Walking,10.971,1,111.58,0.511,12.48,0.552,0,0.0
Bus,10.204,1,25.56,0.311,17.46,0.419,0,0.68006
Car,9.054,5,5.0,0.467,34.89,0.18,0,0.37676
Car,7.912,1,1.0,0.5,32.45,0.763,0,1.76305
Walking,17.106,1,107.42,0.486,39.44,0.509,1,0.0
Walking,6.269,1,106.12,0.359,36.65,0.962,1,0.0
Motorcycle,3.327,1,119.89,0.332,14.76,0.265,1,0.37003
Car,1.529,2,2.0,0.048,36.9,0.123,1,0.15556
Motorcycle,25.402,1,122.95,0.962,13.39,0.761,0,3.12642
Bus,2.99,1,15.1,0.128,35.43,0.833,0,0.34661
Bicycle,14.061,1,129.36,0.775,18.04,0.624,1,0.0
Motorcycle,21.966,1,129.01,0.778,36.82,0.488,0,2.59451
Car,21.686,5,5.0,0.22,38.13,0.325,0,0.85385
Walking,7.008,1,135.42,0.953,16.71,0.81,1,0.0
Car,12.397,1,1.0,0.555,29.0,0.678,0,2.60476
Walking,11.731,1,118.87,0.211,30.51,0.489,1,0.01664
Motorcycle,9.154,1,119.08,0.969,22.91,0.852,1,1.22893
Walking,4.741,1,111.79,0.843,30.41,0.119,1,0.0
Bus,11.329,1,14.18,0.378,21.72,0.004,0,1.33671
Car,5.987,2,2.0,0.952,21.69,0.662,0,0.70427
Bus,22.889,1,31.88,0.498,36.63,0.207,0,1.30364
Metro,25.336,1,122.04,0.952,22.01,0.757,0,1.09403
Metro,14.266,1,115.24,0.75,33.95,0.647,1,0.61206
Motorcycle,9.306,1,116.94,0.314,24.86,0.496,0,1.0667
Car,2.621,1,1.0,0.439,27.31,0.782,0,0.55712
Walking,7.916,1,119.02,0.247,38.23,0.118,1,0.0
Bicycle,27.886,1,119.48,0.584,34.5,0.286,1,0.0
Bus,11.876,1,20.67,0.608,38.32,0.103,1,1.02068
Bus,8.185,1,24.77,0.606,18.48,0.444,1,0.5878
Motorcycle,6.354,1,126.47,0.84,34.61,0.613,1,0.80644
Metro,21.648,1,132.17,0.242,13.71,0.931,0,0.8245
Metro,8.746,1,108.47,0.106,28.42,0.549,1,0.38489
Bus,19.968,1,11.71,0.556,19.89,0.098,1,2.9868
Bicycle,9.599,1,121.85,0.111,26.11,0.219,1,0.0
Car,19.11,4,4.0,0.262,24.63,0.932,1,1.0185
Bus,2.331,1,22.47,0.031,13.54,0.578,1,0.15763
Bicycle,10.008,1,116.4,0.694,20.28,0.623,0,0.00728
Bicycle,11.512,1,110.92,0.804,22.44,0.363,0,0.00695
Car,16.0,2,2.0,0.99,11.54,0.516,1,1.95182
Motorcycle,4.093,1,124.18,0.319,24.48,0.596,1,0.46871
Bicycle,8.784,1,123.12,0.119,34.11,0.714,1,0.0
Walking,7.374,1,116.85,0.227,27.8,0.304,0,0.01369
Bicycle,14.402,1,124.13,0.074,23.77,0.083,1,0.00663
Bus,9.962,1,17.85,0.978,28.77,0.737,1,1.08323
Walking,6.725,1,110.34,0.196,11.96,0.498,0,0.0
Car,26.259,1,1.0,0.38,28.36,0.444,0,5.55724
Car,13.373,3,3.0,0.803,27.61,0.935,0,0.95024
Bicycle,24.082,1,137.83,0.722,30.77,0.008,1,0.00244
Metro,13.528,1,114.48,0.505,12.57,0.775,0,0.60094
Motorcycle,17.194,1,127.79,0.074,22.19,0.603,0,1.77671
Bicycle,2.8,1,111.59,0.085,13.55,0.165,1,0.0
Metro,8.911,1,115.29,0.356,31.2,0.575,0,0.38649
Car,26.905,1,1.0,0.391,17.42,0.994,1,5.83573
Metro,20.077,1,121.41,0.905,14.5,0.269,1,0.86348
Bus,8.264,1,36.29,0.654,21.16,0.681,0,0.44116
Walking,9.578,1,124.89,0.178,35.62,0.202,1,0.0
Motorcycle,8.063,1,120.78,0.183,12.04,0.909,0,0.93013
Car,10.578,1,1.0,0.242,18.12,0.961,1,2.30422
Metro,4.719,1,116.16,0.357,19.62,0.043,1,0.16897
Walking,10.609,1,127.71,0.407,38.34,0.162,0,0.00489
Motorcycle,28.078,1,118.84,0.792,34.42,0.977,1,3.56785
Motorcycle,4.575,1,117.76,0.007,21.03,0.915,1,0.48847
Walking,8.384,1,116.68,0.115,28.12,0.712,0,0.0
Car,6.907,2,2.0,0.361,18.0,0.664,1,0.766
Bus,3.684,1,8.55,0.953,31.4,0.088,1,0.79809
Bus,12.815,1,39.65,0.448,13.16,0.598,1,0.57905
Bus,30.397,1,12.5,0.484,34.3,0.886,1,4.58628
Motorcycle,31.691,1,128.6,0.707,13.41,0.084,0,3.65938
Walking,7.043,1,126.1,0.701,23.39,0.348,1,0.00475
Bus,14.154,1,25.53,0.278,18.98,0.012,0,0.91551
Metro,9.639,1,123.79,0.341,28.99,0.47,0,0.36938
Car,33.939,4,4.0,0.844,34.86,0.888,1,2.15109
Motorcycle,5.545,1,128.85,0.964,29.88,0.085,0,0.70582
Motorcycle,7.219,1,103.56,0.616,22.4,0.527,1,0.86642
Bus,25.722,1,14.25,0.413,25.0,0.5,0,3.17148
Bicycle,3.574,1,123.46,0.652,25.01,0.761,1,0.0
Metro,26.311,1,121.07,0.076,25.89,0.247,1,1.10249
Metro,22.305,1,111.03,0.884,31.7,0.258,1,0.97633
Car,14.532,3,3.0,0.073,25.74,0.617,1,1.04682
Car,7.798,2,2.0,0.582,19.57,0.713,1,0.90456
Metro,13.696,1,106.52,0.55,14.32,0.796,0,0.64329
Walking,26.072,1,124.33,0.791,37.86,0.262,0,0.0
Car,2.0,4,4.0,0.964,15.03,0.801,1,0.11285
Walking,10.087,1,118.57,0.546,33.35,0.501,1,0.0
Bus,15.767,1,20.43,0.766,21.79,0.984,1,1.45411
Motorcycle,2.168,1,129.34,0.469,36.76,0.748,0,0.28045
Car,5.238,5,5.0,0.212,16.53,0.51,0,0.21753
Metro,7.088,1,127.77,0.16,33.06,0.493,0,0.27562
Metro,7.704,1,118.97,0.624,16.51,0.445,0,0.31427
Walking,0.661,1,118.61,0.921,30.94,0.897,0,0.0
Metro,10.957,1,112.54,0.636,20.38,0.099,0,0.47643
Car,26.215,1,1.0,0.005,16.87,0.074,1,5.00649
Walking,14.274,1,108.37,0.805,36.35,0.468,1,0.01606
Motorcycle,2.852,1,107.38,0.557,24.63,0.609,1,0.34398
Car,6.651,2,2.0,0.365,22.94,0.111,1,0.68769
Bus,10.202,1,18.29,0.528,28.66,0.324,0,1.05759
Motorcycle,7.466,1,113.83,0.902,17.49,0.914,0,0.97269
Metro,10.793,1,126.21,0.055,19.93,0.204,1,0.43166
Bicycle,28.256,1,126.2,0.545,15.75,0.145,0,0.0
Car,15.938,2,2.0,0.367,25.81,0.501,0,1.61793
Metro,23.868,1,104.41,0.998,33.43,0.798,0,1.14553
Bus,12.975,1,22.14,0.374,26.06,0.775,0,1.03261
Motorcycle,9.071,1,120.39,0.025,10.19,0.478,1,0.96355
Bicycle,5.047,1,127.6,0.363,31.22,0.13,0,0.00182
Bicycle,5.349,1,107.91,0.412,13.24,0.688,0,0.0
Motorcycle,5.528,1,127.1,0.537,32.04,0.665,1,0.66299
Metro,21.58,1,126.31,0.182,32.05,0.54,0,0.80859
Walking,4.665,1,120.39,0.334,10.44,0.78,1,0.00063
Bicycle,29.863,1,110.25,0.017,36.28,0.071,1,0.0
Motorcycle,6.144,1,112.75,0.829,30.56,0.638,0,0.75491
Motorcycle,2.609,1,115.99,0.227,12.69,0.546,1,0.30343
Motorcycle,14.614,1,124.08,0.19,28.98,0.713,1,1.62565
Motorcycle,4.33,1,123.36,0.192,24.99,0.527,1,0.44994
Metro,13.228,1,126.04,0.753,32.06,0.62,0,0.52475
Metro,0.995,1,111.86,0.842,26.44,0.137,1,0.02389
Walking,11.16,1,112.49,0.516,39.06,0.255,0,0.00165
Motorcycle,9.906,1,132.68,0.005,38.61,0.237,0,1.00353
Bicycle,39.939,1,118.3,0.967,11.36,0.368,1,0.01898
Bicycle,12.768,1,119.47,0.537,31.61,0.686,0,0.0
Motorcycle,20.393,1,124.71,0.328,14.8,0.066,0,2.25516
Bus,11.185,1,9.84,0.808,13.37,0.993,1,2.19109
Metro,3.193,1,119.44,0.8,16.78,0.565,0,0.1397
Bus,9.815,1,11.41,0.998,34.16,0.387,1,1.70429
Car,1.78,2,2.0,0.431,30.03,0.453,0,0.1915
Bus,8.224,1,27.25,0.473,37.99,0.499,0,0.52382
Motorcycle,10.899,1,123.07,0.987,27.57,0.793,1,1.43695
Walking,14.058,1,119.88,0.079,39.29,0.603,1,0.00154
Bus,8.508,1,7.95,0.782,23.76,0.398,1,2.03329
Bicycle,16.536,1,118.37,0.379,38.78,0.419,0,0.00786
Motorcycle,30.281,1,129.03,0.326,26.14,0.191,0,3.33461
Motorcycle,12.588,1,126.0,0.672,24.48,0.767,1,1.57181
Bicycle,9.114,1,103.62,0.811,39.76,0.163,1,0.0
Metro,11.457,1,99.68,0.825,15.99,0.391,1,0.57251
Walking,2.314,1,126.0,0.952,38.69,0.995,0,0.0
Car,16.89,2,2.0,0.972,11.1,0.526,1,2.02085
Metro,32.712,1,124.45,0.962,17.42,0.385,0,1.19707
Bicycle,17.41,1,125.44,0.163,35.5,0.275,0,0.0
Walking,9.87,1,112.66,0.628,33.48,0.615,1,0.0
Walking,18.031,1,127.73,0.525,20.18,0.455,0,0.01106
Car,9.133,3,3.0,0.907,33.64,0.03,1,0.69439
Motorcycle,25.968,1,128.69,0.133,27.28,0.468,0,2.8046
Walking,8.884,1,134.65,0.676,36.14,0.241,1,0.01849
Walking,8.614,1,113.6,0.622,11.16,0.596,0,0.0
Car,5.852,2,2.0,0.781,19.43,0.111,0,0.66131
Walking,18.2,1,127.28,0.928,39.63,0.147,0,0.00142
Motorcycle,10.765,1,105.04,0.888,37.54,0.259,0,1.37086
Car,6.927,2,2.0,0.341,14.43,0.322,0,0.72713
Metro,8.717,1,121.87,0.481,39.17,0.387,1,0.3452
Bus,9.5,1,22.81,0.892,23.97,0.478,1,0.83502
Car,10.645,1,1.0,0.321,16.4,0.647,1,2.36044
Metro,7.897,1,102.83,0.209,29.44,0.688,1,0.3798
Metro,7.623,1,117.16,0.137,27.69,0.898,1,0.32289
Car,9.365,3,3.0,0.868,15.13,0.7,1,0.71019
Bus,7.298,1,15.28,0.242,35.15,0.395,1,0.81021
Car,2.937,4,4.0,0.326,37.5,0.138,1,0.13889
Bus,3.136,1,20.07,0.839,38.39,0.924,0,0.30046
Metro,13.737,1,98.23,0.18,32.79,0.39,1,0.64505
Motorcycle,3.427,1,101.43,0.666,38.93,0.044,1,0.39819
Car,7.375,5,5.0,0.72,31.24,0.311,0,0.33561
Motorcycle,3.809,1,128.65,0.978,21.43,0.069,1,0.44252
Metro,5.19,1,111.65,0.367,25.43,0.245,0,0.23984
Walking,17.467,1,114.97,0.882,38.55,0.449,0,0.0
Walking,8.187,1,122.51,0.753,35.1,0.62,1,0.0
Bus,8.842,1,12.05,0.249,16.05,0.19,1,1.2669
Metro,4.592,1,109.67,0.145,36.39,0.959,1,0.19735
Bicycle,7.464,1,97.62,0.107,10.28,0.978,0,0.0
Motorcycle,3.538,1,125.84,0.289,26.42,0.84,0,0.40562
Bicycle,16.198,1,124.02,0.55,20.61,0.189,1,0.00103
Bus,5.552,1,26.17,0.939,17.29,0.506,0,0.42987
Bicycle,16.549,1,119.11,0.654,12.4,0.322,0,0.0
Bus,6.081,1,21.66,0.492,12.59,0.484,0,0.49112
Motorcycle,13.855,1,131.07,0.306,20.54,0.511,1,1.52864
Walking,27.382,1,116.18,0.726,10.15,0.483,0,0.00965
Bicycle,1.034,1,120.53,0.467,15.85,0.124,1,0.0
Bicycle,19.352,1,116.12,0.244,29.16,0.055,1,0.0
Bicycle,15.906,1,127.15,0.212,18.14,0.284,0,0.0
Car,11.684,5,5.0,0.357,15.18,0.234,1,0.48581
Walking,10.126,1,123.1,0.258,34.93,0.834,0,0.0
Metro,13.525,1,124.73,0.508,35.63,0.653,0,0.49105
Metro,11.568,1,131.02,0.31,37.84,0.116,0,0.43451
Metro,6.392,1,116.29,0.752,20.57,0.477,1,0.26612
Walking,21.869,1,115.18,0.228,36.59,0.782,1,0.0
Walking,4.129,1,114.45,0.019,29.19,0.855,0,0.00813
Motorcycle,6.223,1,125.09,0.528,31.75,0.402,1,0.69575
Motorcycle,3.704,1,116.54,0.222,32.64,0.344,1,0.40615
Car,19.731,5,5.0,0.557,26.01,0.115,1,0.85797
Bus,10.482,1,11.79,0.403,24.45,0.358,1,1.52141
Car,17.868,5,5.0,0.793,27.43,0.315,1,0.77295
Walking,18.88,1,117.52,0.15,23.42,0.692,1,0.0
Metro,21.428,1,118.59,0.263,13.71,0.455,1,0.86522
Car,3.177,2,2.0,0.44,34.24,0.317,0,0.32771
Car,30.65,3,3.0,0.303,32.27,0.201,0,2.03525
Walking,11.341,1,116.26,0.544,11.63,0.846,1,0.01038
Bus,7.809,1,33.29,0.525,33.42,0.473,1,0.42597
Bicycle,10.912,1,107.48,0.757,38.71,0.737,1,0.01256
Motorcycle,14.769,1,127.37,0.261,32.31,0.797,0,1.64213
Bicycle,6.326,1,117.57,0.842,36.08,0.208,0,0.00209
Bicycle,4.577,1,116.15,0.783,19.25,0.786,1,0.0
Bicycle,27.679,1,123.38,0.772,37.9,0.036,0,0.0
Metro,15.995,1,122.62,0.994,30.16,0.43,0,0.65305
Metro,10.0,1,128.36,0.139,31.78,0.594,0,0.39774
Bicycle,26.8,1,135.23,0.102,29.42,0.395,0,0.0
Walking,47.088,1,120.37,0.24,33.9,0.722,1,0.0
Car,24.57,3,3.0,0.376,32.53,0.254,0,1.7925
Motorcycle,17.486,1,123.42,0.074,29.16,0.823,1,2.00107
Bicycle,16.097,1,134.45,0.735,15.02,0.444,0,0.0
Bicycle,21.832,1,118.24,0.957,29.27,0.782,0,0.00323
Bus,7.245,1,8.3,0.275,12.12,0.589,1,1.39446
Bicycle,38.851,1,121.13,0.969,32.15,0.288,0,0.01266
Walking,2.031,1,116.11,0.179,39.6,0.207,0,0.00576
Motorcycle,13.707,1,124.44,0.141,12.22,0.589,0,1.39262
Metro,15.599,1,123.77,0.829,29.42,0.347,1,0.65395
Bus,18.937,1,9.43,0.576,14.64,0.906,1,3.72582
Car,5.378,2,2.0,0.082,31.07,0.414,0,0.55492
Motorcycle,18.361,1,118.58,0.482,25.07,0.981,0,2.19893
Bicycle,28.117,1,118.98,0.338,37.11,0.493,0,0.0
Walking,11.914,1,108.91,0.795,36.49,0.324,1,0.00202
Bus,29.65,1,17.14,0.291,30.86,0.311,0,2.79793
Car,4.837,4,4.0,0.562,33.32,0.571,1,0.27404
Motorcycle,14.65,1,125.69,0.609,38.35,0.259,0,1.74876
Motorcycle,1.911,1,130.46,0.86,10.02,0.906,1,0.23704
Motorcycle,15.599,1,120.9,0.596,17.63,0.287,0,1.80987
Motorcycle,10.063,1,120.1,0.285,26.01,0.577,1,1.168
Motorcycle,5.329,1,111.8,0.094,38.23,0.401,0,0.58504
Metro,7.92,1,120.49,0.675,29.24,0.188,0,0.33535
Walking,3.359,1,117.7,0.472,22.8,0.703,0,0.0
Metro,4.748,1,122.28,0.733,29.61,0.288,0,0.19142
Car,6.455,4,4.0,0.686,17.41,0.733,1,0.35754
Bus,23.088,1,10.72,0.79,31.84,0.27,0,4.01628
Car,7.348,2,2.0,0.708,35.34,0.416,1,0.79317
Car,1.127,3,3.0,0.921,21.1,0.69,1,0.07352
Metro,6.303,1,127.59,0.884,33.83,0.662,1,0.23906
Bus,12.473,1,14.25,0.513,17.71,0.664,0,1.53419
Car,24.897,2,2.0,0.718,31.7,0.742,0,3.01119
Bus,13.076,1,16.07,0.414,34.45,0.322,1,1.50375
Car,26.519,4,4.0,0.431,21.79,0.139,1,1.3711
Bicycle,2.792,1,121.88,0.951,38.02,0.931,0,0.0
Bus,8.853,1,13.55,0.799,28.63,0.821,0,1.28264
Bus,9.895,1,23.61,0.375,34.02,0.924,0,0.71401
Bicycle,19.246,1,112.49,0.594,38.38,0.015,0,0.0
Walking,8.727,1,129.13,0.603,23.55,0.772,0,0.0
Metro,0.768,1,118.57,0.991,34.53,0.852,1,0.02332
Car,19.879,1,1.0,0.41,17.31,0.5,1,4.18338
Car,1.745,4,4.0,0.592,39.72,0.495,1,0.08314
Bus,8.469,1,21.71,0.271,28.72,0.834,1,0.70241
Walking,8.354,1,107.91,0.717,13.11,0.706,1,0.0
Bus,10.221,1,16.88,0.162,25.28,0.048,0,1.03289
Bus,3.805,1,9.96,0.196,24.22,0.294,1,0.66743
Walking,11.009,1,113.43,0.88,22.19,0.698,0,0.0033
Bicycle,6.496,1,124.5,0.932,19.45,0.415,0,0.0
Bus,5.35,1,6.5,0.294,13.93,0.289,1,1.35687
Metro,8.744,1,131.67,0.832,11.05,0.695,0,0.33351
Motorcycle,31.78,1,103.79,0.732,22.42,0.063,0,3.85151
Metro,19.768,1,112.38,0.597,24.56,0.237,1,0.85392
Motorcycle,8.901,1,107.69,0.6,16.3,0.741,0,1.0395
Metro,13.759,1,117.33,0.766,31.18,0.738,0,0.58066
Motorcycle,13.57,1,109.41,0.83,28.7,0.841,1,1.61241
Metro,15.959,1,115.04,0.67,27.93,0.242,0,0.737
Car,16.314,1,1.0,0.918,25.53,0.73,1,3.91641
Bus,4.806,1,12.63,0.65,19.07,0.549,1,0.68994
Car,9.287,4,4.0,0.602,35.5,0.794,0,0.51544
Motorcycle,7.875,1,117.09,0.311,22.42,0.241,1,0.87769
Car,7.05,1,1.0,0.786,30.83,0.061,1,1.54485
Metro,8.232,1,132.43,0.313,35.65,0.52,0,0.31136
Walking,11.697,1,134.57,0.844,29.7,0.692,1,0.0
Bus,23.484,1,22.14,0.617,17.3,0.421,1,1.98791
Metro,2.538,1,128.43,0.296,26.17,0.47,1,0.10101
Bus,13.998,1,22.03,0.598,25.1,0.15,0,1.15056
Walking,6.979,1,121.49,0.542,32.75,0.977,0,0.00086
Walking,3.154,1,114.7,0.012,36.07,0.795,1,0.0
Bus,3.968,1,3.82,0.18,10.61,0.312,1,1.69659
Metro,6.059,1,122.82,0.762,34.78,0.903,0,0.2381
Bus,20.394,1,28.69,0.885,25.73,0.876,0,1.40576
Bicycle,5.777,1,120.89,0.45,31.98,0.361,1,0.01249
Walking,4.485,1,119.51,0.529,27.02,0.689,1,0.0
Car,0.5,4,4.0,0.644,28.41,0.726,0,0.01867
Walking,4.362,1,132.21,0.678,15.89,0.966,1,0.00333
Bus,11.463,1,7.58,0.024,36.49,0.034,1,2.31517
Metro,6.413,1,114.81,0.4,24.21,0.826,0,0.25427
Car,7.089,5,5.0,0.195,12.52,0.974,0,0.30282
Bicycle,11.242,1,117.8,0.66,27.15,0.511,0,0.0
Walking,8.184,1,114.0,0.84,34.84,0.802,0,0.0
Motorcycle,17.769,1,113.63,0.553,30.47,0.362,1,2.13453
Bicycle,52.566,1,103.44,0.967,17.75,0.914,1,0.00327
Motorcycle,2.277,1,123.78,0.761,30.03,0.356,1,0.26853
Car,15.654,5,5.0,0.35,21.47,0.031,0,0.68717
Walking,1.71,1,111.71,0.686,30.11,0.81,1,0.0
Car,9.765,2,2.0,0.759,11.81,0.87,1,1.15216
Bicycle,11.928,1,124.68,0.397,33.52,0.273,1,0.009
Walking,3.742,1,106.89,0.799,34.07,0.341,1,0.01443
Motorcycle,9.915,1,116.24,0.6,14.0,0.868,0,1.23501
Bicycle,15.809,1,120.34,0.489,32.5,0.209,0,0.0
Bicycle,1.71,1,120.58,0.743,29.51,0.224,0,0.0
Bus,24.536,1,22.78,0.86,37.56,0.352,0,2.12172
Bus,1.429,1,19.08,0.142,13.62,0.318,1,0.13465
Bicycle,18.511,1,124.21,0.62,27.81,0.114,1,0.00082
Bicycle,5.2,1,129.54,0.119,37.57,0.038,1,0.00627
Walking,3.618,1,130.52,0.128,31.58,0.89,1,0.00261
Walking,16.449,1,129.46,0.31,26.69,0.711,0,0.0
Bus,10.45,1,18.61,0.622,28.35,0.894,0,1.06312
Car,16.521,1,1.0,0.063,38.28,0.65,0,3.37026
Bus,0.831,1,22.5,0.453,24.26,0.712,0,0.06487
Bus,13.927,1,6.22,0.708,27.94,0.454,0,4.30139
Motorcycle,23.43,1,128.21,0.597,14.53,0.094,0,2.76029
Bus,26.902,1,22.47,0.549,27.91,0.22,1,2.13767
Car,26.286,5,5.0,0.206,33.64,0.398,0,1.08807
Walking,15.56,1,129.73,0.986,37.99,0.015,0,0.00972
Car,3.088,4,4.0,0.688,18.69,0.821,0,0.17272
Car,18.628,3,3.0,0.175,33.81,0.837,1,1.30362
Motorcycle,7.549,1,127.97,0.293,29.32,0.004,0,0.86527
Car,27.451,4,4.0,0.082,28.71,0.703,1,1.3684
Metro,31.045,1,124.48,0.788,13.65,0.127,0,1.22218
Bus,9.975,1,11.38,0.052,10.99,0.808,1,1.51704
Walking,18.756,1,115.86,0.929,17.16,0.031,1,0.00237
Motorcycle,10.44,1,140.63,0.719,33.12,0.184,1,1.2132
Bicycle,17.621,1,133.94,0.039,30.16,0.851,1,0.0
Car,32.068,3,3.0,0.043,28.42,0.532,1,2.24854
Metro,5.835,1,119.32,0.546,27.77,0.137,0,0.23461
Car,3.283,3,3.0,0.803,15.4,0.598,1,0.24474
Car,2.23,5,5.0,0.003,18.64,0.234,1,0.07799
Bicycle,21.401,1,131.35,0.06,35.34,0.653,0,0.0
Walking,9.028,1,122.9,0.125,11.67,0.983,1,0.0
Metro,8.719,1,109.1,0.098,24.42,0.351,1,0.39693
Motorcycle,19.912,1,135.13,0.269,27.54,0.68,1,2.36024
Bicycle,13.556,1,121.28,0.551,39.33,0.313,0,0.0089
Bicycle,4.495,1,130.75,0.92,10.39,0.755,1,0.01177
Bicycle,7.676,1,111.97,0.036,32.71,0.119,1,0.0
Motorcycle,15.394,1,121.69,0.017,25.35,0.872,1,1.67972
Bicycle,3.199,1,116.82,0.781,17.49,0.522,0,0.0
Bicycle,17.219,1,126.3,0.402,18.59,0.839,1,0.00456
Walking,8.465,1,121.73,0.482,17.38,0.371,0,0.0
Bus,29.226,1,19.84,0.282,28.8,0.354,1,2.53399
Bicycle,10.567,1,114.26,0.002,27.89,0.32,1,0.01533
Metro,5.345,1,116.47,0.006,34.34,0.337,0,0.23332
Car,8.264,5,5.0,0.601,33.83,0.178,0,0.35183
Bicycle,7.738,1,120.53,0.342,22.73,0.365,0,0.00431
Bicycle,14.743,1,99.02,0.914,23.08,0.892,1,0.0
Bus,14.677,1,23.33,0.36,39.38,0.241,0,1.07389
Walking,3.991,1,134.03,0.12,24.37,0.343,1,0.0
Motorcycle,11.573,1,116.43,0.665,19.16,0.96,0,1.40331
Metro,14.872,1,110.29,0.013,16.56,0.278,1,0.68474
Bicycle,10.587,1,113.04,0.494,20.76,0.42,0,0.01234
Bus,10.991,1,15.91,0.828,33.6,0.806,1,1.40345
Metro,19.136,1,111.12,0.869,23.47,0.848,1,0.85163
Metro,7.009,1,123.36,0.812,12.9,0.871,0,0.27127
Car,9.6,4,4.0,0.601,20.16,0.593,1,0.52579
Metro,10.688,1,117.34,0.63,36.92,0.475,0,0.43059
Metro,4.532,1,110.87,0.954,22.31,0.834,1,0.20573
Walking,11.208,1,124.15,0.806,16.33,0.479,0,0.0
Bus,7.094,1,16.72,0.055,35.31,0.225,1,0.66883
Car,10.642,1,1.0,0.566,31.71,0.046,0,2.26315
Motorcycle,9.511,1,127.44,0.954,12.33,0.333,1,1.17194
Bicycle,33.984,1,103.76,0.404,30.09,0.549,1,0.00328
Walking,8.365,1,122.74,0.531,11.52,0.627,0,0.0
Metro,24.715,1,127.22,0.303,21.64,0.078,1,0.9366
Car,16.956,5,5.0,0.088,11.36,0.879,0,0.72283
Bicycle,3.351,1,124.55,0.05,30.45,0.8,1,0.0
Car,8.109,1,1.0,0.973,13.29,0.761,1,1.9461
Bicycle,4.839,1,112.95,0.608,12.0,0.24,1,0.0
Bus,9.96,1,24.8,0.917,36.87,0.018,1,0.77147
Motorcycle,16.151,1,122.22,0.317,28.06,0.935,0,1.80233
Motorcycle,6.878,1,126.68,0.468,25.03,0.816,0,0.81007
Bicycle,8.035,1,118.78,0.134,34.52,0.832,0,0.02063
Motorcycle,11.762,1,119.2,0.308,29.87,0.309,0,1.29017
Walking,10.236,1,129.55,0.351,32.51,0.287,1,0.00109
Motorcycle,4.982,1,123.3,0.402,39.41,0.546,1,0.58837
Car,5.863,4,4.0,0.062,39.32,0.495,0,0.27621
Bicycle,21.027,1,105.52,0.793,10.92,0.49,0,0.0
Motorcycle,25.544,1,124.95,0.742,38.38,0.243,1,3.25132
Motorcycle,19.314,1,113.87,0.614,11.07,0.043,0,2.24418
Bus,6.5,1,25.18,0.346,31.63,0.812,1,0.45094
Bicycle,1.988,1,112.01,0.705,31.21,0.156,0,0.0
Metro,19.576,1,115.79,0.092,23.91,0.266,1,0.88978
Bus,21.664,1,10.46,0.387,39.5,0.462,0,3.79217
Car,5.852,2,2.0,0.629,17.45,0.942,1,0.68184
Metro,9.999,1,129.81,0.688,13.43,0.71,0,0.39431
Car,2.883,1,1.0,0.617,32.26,0.292,0,0.65153
Metro,34.281,1,130.06,0.824,29.73,0.071,0,1.3421
Walking,7.413,1,119.18,0.283,39.12,0.194,1,0.00185
Metro,12.905,1,113.62,0.208,37.7,0.379,0,0.56273
Bus,16.286,1,10.14,0.073,36.02,0.336,0,2.65288
Motorcycle,9.108,1,109.97,0.482,29.85,0.042,1,1.01275
Car,5.233,5,5.0,0.572,12.25,0.793,1,0.24261
Bicycle,10.694,1,128.81,0.975,22.7,0.056,1,0.0058
Walking,6.635,1,122.11,0.618,31.3,0.484,1,0.00024
Motorcycle,1.809,1,130.27,0.403,29.01,0.043,0,0.19769
Bus,10.997,1,19.37,0.858,30.05,0.777,0,1.12908
Bicycle,8.768,1,117.27,0.195,26.74,0.895,1,0.0
Metro,31.062,1,118.93,0.08,34.86,0.616,0,1.20765
Metro,18.215,1,137.59,0.14,18.89,0.537,1,0.63183
Car,13.57,4,4.0,0.681,14.65,0.821,0,0.78704
Bicycle,23.319,1,117.33,0.381,15.41,0.506,0,0.0
Bicycle,10.031,1,116.4,0.286,21.2,0.925,0,0.01793
Bicycle,10.706,1,118.16,0.97,13.45,0.413,0,0.0
Walking,10.736,1,128.42,0.849,15.52,0.037,1,0.00965
Bus,16.925,1,15.36,0.958,29.63,0.877,1,2.16257
Metro,13.592,1,134.62,0.897,30.94,0.456,1,0.53472
Bus,35.073,1,2.0,0.243,25.33,0.308,1,30.63347
Bus,13.708,1,20.02,0.533,22.03,0.828,0,1.25422
Car,8.793,4,4.0,0.314,28.03,0.101,1,0.4149
Bicycle,3.604,1,123.55,0.273,38.62,0.367,1,0.00259
Bicycle,9.601,1,105.84,0.434,13.18,0.185,1,0.0
Walking,21.043,1,110.81,0.968,29.24,0.595,0,0.01843
Motorcycle,4.56,1,125.77,0.359,14.78,0.336,1,0.54157
Walking,4.53,1,126.2,0.937,33.72,0.868,0,0.00052
Bicycle,11.546,1,121.82,0.773,32.02,0.246,1,0.0
Motorcycle,5.195,1,121.44,0.298,29.28,0.59,1,0.61314
Metro,9.199,1,121.53,0.855,34.07,0.023,1,0.36595
Metro,18.581,1,114.88,0.907,37.51,0.624,0,0.77414
Bus,3.843,1,36.7,0.905,12.98,0.714,0,0.20473
Metro,29.089,1,114.96,0.929,24.43,0.912,1,1.20581
Motorcycle,3.189,1,113.01,0.141,31.29,0.78,0,0.3471
Walking,18.457,1,131.49,0.583,20.12,0.299,0,0.01293
Motorcycle,12.977,1,109.64,0.026,30.61,0.724,1,1.3929
Motorcycle,10.571,1,126.59,0.701,19.73,0.154,0,1.21172
Bus,3.889,1,17.37,0.954,37.75,0.132,1,0.43701
Bus,4.091,1,9.7,0.978,30.19,0.871,0,0.90473
Motorcycle,5.323,1,123.31,0.441,34.75,0.177,0,0.61711
Metro,9.41,1,115.37,0.041,20.94,0.729,1,0.36973
Bus,10.21,1,18.16,0.064,30.77,0.543,0,0.90314
Bus,10.782,1,8.26,0.176,28.56,0.498,0,2.32926
Bus,26.48,1,5.85,0.599,19.58,0.947,0,8.81093
Bus,5.246,1,34.13,0.766,28.82,0.284,1,0.27782
Walking,4.918,1,107.65,0.233,19.97,0.937,0,0.0
Motorcycle,17.174,1,138.19,0.26,32.9,0.812,0,1.94184
Metro,9.161,1,112.46,0.621,39.55,0.596,1,0.41397
Walking,6.986,1,133.0,0.051,17.57,0.985,1,0.0
Metro,21.681,1,121.57,0.742,13.49,0.532,1,0.87108
Bus,11.139,1,19.83,0.025,32.78,0.633,0,0.93573
Car,10.875,2,2.0,0.008,33.24,0.408,1,1.06694
Car,18.564,5,5.0,0.71,25.39,0.822,0,0.80676
Motorcycle,13.974,1,131.12,0.378,14.67,0.045,1,1.54037
Bicycle,12.284,1,117.34,0.547,38.66,0.809,0,0.0
Motorcycle,11.755,1,140.51,0.234,35.18,0.379,0,1.31182
Bus,2.582,1,25.52,0.65,12.45,0.909,0,0.18104
Car,4.234,5,5.0,0.261,22.41,0.286,0,0.17343
Car,17.624,3,3.0,0.349,21.32,0.242,1,1.21455
Walking,5.506,1,122.97,0.605,19.24,0.35,0,0.0
Bicycle,2.138,1,115.86,0.846,32.8,0.844,0,0.0
Car,9.544,4,4.0,0.038,23.96,0.247,1,0.44659
Walking,12.023,1,118.0,0.896,29.52,0.613,1,0.01359
Car,6.779,4,4.0,0.286,17.91,0.983,1,0.3766
Metro,0.964,1,129.82,0.155,23.44,0.443,0,0.03418
Metro,3.866,1,128.15,0.923,26.16,0.629,1,0.14381
Car,26.946,4,4.0,0.168,33.91,0.918,1,1.42218
Car,6.377,1,1.0,0.192,15.12,0.702,1,1.29012
Metro,2.711,1,131.17,0.007,36.3,0.627,1,0.11164
Motorcycle,32.495,1,124.51,0.671,32.74,0.267,0,3.87198
Bicycle,15.714,1,117.76,0.892,26.88,0.431,0,0.0
Car,14.142,5,5.0,0.688,12.67,0.6,0,0.63555
Bicycle,6.349,1,119.96,0.445,33.75,0.897,0,0.0
Car,15.746,5,5.0,0.526,14.15,0.625,1,0.6941
Car,13.244,1,1.0,0.963,35.59,0.715,0,3.22116
Bus,3.595,1,21.66,0.238,16.43,0.401,0,0.25895
Car,15.492,5,5.0,0.047,20.88,0.81,0,0.63886
Walking,14.662,1,110.85,0.408,17.31,0.113,0,0.0068
Car,4.187,5,5.0,0.156,10.63,0.1,1,0.1771
Motorcycle,3.132,1,124.38,0.367,16.19,0.22,1,0.34726
Bus,6.192,1,20.25,0.792,10.57,0.431,0,0.58151
Walking,15.179,1,117.36,0.479,35.31,0.486,0,0.00629
Bus,3.346,1,11.99,0.5,38.27,0.805,0,0.52225
Metro,9.115,1,107.63,0.713,26.97,0.619,1,0.41163
Metro,3.304,1,125.67,0.476,22.19,0.048,0,0.13006
Walking,22.631,1,122.51,0.443,15.75,0.021,0,3e-05
Bus,17.903,1,9.18,0.737,28.25,0.338,1,3.52631
Car,7.445,2,2.0,0.935,38.7,0.533,0,0.89042
Walking,11.62,1,117.69,0.245,32.79,0.431,1,0.0
Walking,6.659,1,113.8,0.756,22.28,0.095,0,0.0
Bicycle,11.061,1,113.34,0.51,11.15,0.563,1,0.0181
Walking,9.183,1,131.75,0.601,35.95,0.882,0,0.0
Bus,21.452,1,10.64,0.996,17.57,0.837,0,4.04169
Car,13.665,5,5.0,0.012,12.6,0.209,0,0.52434
Bicycle,5.72,1,120.37,0.848,11.73,0.873,0,0.0
Metro,15.775,1,125.28,0.937,10.7,0.551,1,0.63462
Bicycle,34.827,1,126.39,0.794,39.32,0.098,1,0.0
Bicycle,23.123,1,112.63,0.132,35.52,0.265,1,0.0
Metro,1.838,1,113.65,0.509,27.56,0.58,0,0.08734
Motorcycle,0.572,1,130.2,0.059,25.82,0.105,0,0.05036
Metro,14.235,1,116.96,0.537,17.58,0.568,1,0.61167
Bus,5.273,1,20.32,0.149,12.35,0.011,1,0.41917
Walking,6.853,1,108.93,0.918,17.92,0.856,0,0.0
Motorcycle,21.066,1,117.72,0.177,12.42,0.273,1,2.35324
Metro,13.667,1,116.64,0.82,25.23,0.381,0,0.5487
Motorcycle,15.039,1,136.43,0.93,23.26,0.629,0,1.88155
Car,7.694,4,4.0,0.078,17.75,0.741,1,0.37562
Walking,14.869,1,115.12,0.437,27.63,0.986,1,0.00342
Metro,9.73,1,123.89,0.902,30.28,0.878,0,0.36596
Bicycle,14.508,1,118.24,0.093,31.05,0.047,1,0.01016
Motorcycle,4.369,1,115.39,0.419,16.65,0.027,1,0.48354
Car,15.381,2,2.0,0.284,10.7,0.872,0,1.62185
Walking,3.514,1,119.4,0.58,37.1,0.893,1,0.0
Bus,22.245,1,28.4,0.035,15.74,0.028,0,1.22689
Car,18.035,3,3.0,0.106,13.23,0.947,0,1.253
Bicycle,15.67,1,122.28,0.052,30.02,0.551,0,0.0
Motorcycle,6.305,1,126.99,0.17,30.01,0.774,0,0.6887
Bus,2.978,1,18.37,0.086,36.26,0.558,0,0.28376
Walking,40.716,1,124.43,0.931,24.48,0.994,0,0.01711
Motorcycle,5.426,1,123.65,0.924,23.62,0.473,0,0.68803
Bicycle,26.085,1,113.84,0.473,39.07,0.929,0,0.0
Metro,8.236,1,134.17,0.415,30.56,0.053,1,0.29996
Motorcycle,6.931,1,129.35,0.725,13.5,0.01,0,0.78595
Walking,4.264,1,125.2,0.496,29.74,0.709,1,0.0
Motorcycle,9.203,1,122.07,0.811,23.12,0.575,0,1.18923
Bicycle,3.734,1,125.68,0.827,32.41,0.502,1,0.0
Bus,7.116,1,14.31,0.122,30.92,0.054,0,0.8598
Bicycle,15.724,1,128.46,0.629,22.94,0.488,1,0.02108
Walking,11.709,1,113.26,0.282,21.82,0.821,1,0.01573
Metro,2.862,1,116.64,0.122,24.45,0.018,1,0.12257
Metro,3.898,1,120.65,0.912,27.02,0.581,1,0.15731
Bicycle,19.984,1,127.48,0.736,37.15,0.394,0,0.0
Walking,7.738,1,131.9,0.721,37.66,0.768,0,0.01929
Bicycle,14.697,1,117.8,0.132,18.14,0.946,1,0.0
Motorcycle,7.231,1,125.39,0.098,36.98,0.886,0,0.79366
Metro,11.019,1,125.66,0.346,20.89,0.58,0,0.42253
Bus,10.339,1,23.02,0.723,17.27,0.092,1,0.81579
Bicycle,2.618,1,116.1,0.026,33.73,0.492,0,0.0242
Car,20.65,2,2.0,0.413,29.89,0.914,0,2.18481
Bicycle,6.044,1,114.58,0.579,18.23,0.239,1,0.0
Bicycle,8.184,1,116.84,0.512,13.83,0.697,0,0.00571
Motorcycle,13.437,1,113.25,0.585,11.93,0.427,0,1.6224
Bus,19.835,1,7.95,0.705,31.92,0.456,0,4.89834
Metro,3.915,1,114.03,0.364,11.66,0.646,1,0.16111
Car,5.707,4,4.0,0.345,17.16,0.028,1,0.27789
Car,11.086,1,1.0,0.994,34.14,0.233,1,2.53859
Metro,5.714,1,113.37,0.487,39.63,0.787,1,0.23933
Bicycle,20.976,1,116.32,0.63,26.57,0.861,0,0.0
Walking,17.621,1,135.55,0.508,37.97,0.277,1,0.01712
Walking,9.515,1,114.84,0.659,15.3,0.711,1,0.00597
Bus,12.436,1,9.25,0.625,39.97,0.123,0,2.49717
Bicycle,5.569,1,124.95,0.239,32.4,0.355,1,0.00229
Bus,17.916,1,25.08,0.542,30.91,0.175,0,1.35929
Motorcycle,5.814,1,126.4,0.294,19.51,0.45,0,0.63651
Metro,15.687,1,127.28,0.41,13.39,0.025,1,0.60057
Motorcycle,9.366,1,131.14,0.498,13.13,0.895,1,1.13143
Car,8.117,3,3.0,0.098,38.0,0.113,1,0.55395
Bus,6.419,1,34.1,0.224,33.38,0.943,1,0.33362
Car,11.702,3,3.0,0.051,27.01,0.797,0,0.78983
Bicycle,6.035,1,125.07,0.303,31.69,0.666,1,0.0
Motorcycle,17.661,1,118.34,0.668,38.62,0.458,1,2.132
Motorcycle,6.35,1,118.63,0.974,39.63,0.515,0,0.82817
Motorcycle,7.597,1,128.58,0.965,25.54,0.344,1,0.96534
Walking,4.162,1,127.2,0.301,28.42,0.759,0,0.0
Bicycle,6.73,1,110.63,0.854,20.6,0.207,0,0.0
Car,33.4,4,4.0,0.984,26.34,0.608,1,1.98184
Car,10.349,5,5.0,0.728,39.98,0.68,1,0.46095
Motorcycle,11.886,1,128.73,0.246,31.98,0.753,1,1.33361
Motorcycle,6.787,1,114.94,0.732,17.61,0.329,0,0.80973
Motorcycle,0.89,1,121.77,0.3,31.02,0.515,0,0.10984
Car,10.655,4,4.0,0.032,20.18,0.237,1,0.52652
Walking,19.052,1,127.75,0.257,14.95,0.277,0,0.00542
Walking,3.968,1,124.33,0.334,20.38,0.058,1,0.00192
Walking,4.128,1,122.55,0.461,39.37,0.226,0,0.0
Walking,8.467,1,125.7,0.133,22.68,0.918,1,0.0138
Motorcycle,3.301,1,102.45,0.963,15.79,0.101,1,0.40449
Car,12.69,5,5.0,0.319,10.28,0.817,0,0.54028
Metro,18.901,1,121.38,0.59,31.65,0.334,0,0.73731
Car,31.983,2,2.0,0.755,15.97,0.706,0,3.78777
Walking,10.716,1,128.92,0.881,36.59,0.443,1,0.0
Bicycle,8.048,1,110.46,0.061,17.36,0.786,0,0.0
Car,18.47,2,2.0,0.073,30.39,0.79,1,1.96688
Motorcycle,7.397,1,105.64,0.103,33.23,0.237,0,0.75986
Car,18.55,3,3.0,0.152,16.98,0.356,0,1.26536
Bus,23.028,1,12.69,0.251,12.55,0.167,1,3.11333
Metro,17.415,1,116.52,0.336,22.04,0.108,0,0.73834
Metro,5.175,1,111.41,0.164,19.51,0.705,0,0.22967
Bus,14.77,1,16.14,0.3,36.45,0.732,1,1.59091
Car,2.603,4,4.0,0.675,16.25,0.042,1,0.14527
Bus,16.331,1,22.09,0.757,29.82,0.563,0,1.44557
Motorcycle,3.24,1,123.69,0.559,23.12,0.211,1,0.37314
Bus,12.338,1,18.58,0.304,38.24,0.582,1,1.14043
Motorcycle,2.637,1,113.56,0.69,25.76,0.822,1,0.32233
Bus,7.094,1,16.92,0.851,10.04,0.424,0,0.74707
Walking,1.428,1,121.14,0.689,34.11,0.385,0,0.00676
Walking,15.567,1,118.92,0.453,11.17,0.743,0,0.00989
Motorcycle,17.503,1,98.87,0.086,17.96,0.564,1,1.86908
Car,4.783,5,5.0,0.31,25.91,0.809,1,0.20639
Bicycle,8.79,1,110.22,0.676,15.01,0.327,1,0.0
Car,21.259,3,3.0,0.32,20.1,0.84,0,1.54866
Motorcycle,47.008,1,120.48,0.424,26.43,0.671,0,5.60796
Bus,23.339,1,22.72,0.325,22.8,0.85,0,1.78245
Metro,18.321,1,124.87,0.082,15.16,0.068,1,0.68868
Bicycle,7.267,1,119.87,0.894,34.69,0.304,0,0.01265
Motorcycle,18.255,1,119.07,0.598,18.0,0.375,1,2.22201
Walking,12.98,1,110.71,0.997,20.46,0.951,1,0.00596
Metro,7.844,1,128.26,0.187,38.59,0.999,0,0.29452
Car,33.378,1,1.0,0.607,22.01,0.378,1,7.07725
Bicycle,6.869,1,117.33,0.246,22.06,0.056,0,0.0
Car,17.886,4,4.0,0.671,29.6,0.821,0,0.99717
Motorcycle,10.868,1,128.06,0.157,13.58,0.998,1,1.23609
Metro,5.507,1,110.97,0.036,26.96,0.625,0,0.24345
Car,13.866,3,3.0,0.955,38.9,0.24,1,1.13246
Metro,20.539,1,119.23,0.918,17.07,0.645,1,0.81482
Walking,15.478,1,123.18,0.448,28.1,0.142,0,0.0
Car,3.953,2,2.0,0.181,17.99,0.891,0,0.38868
Metro,7.493,1,125.99,0.266,13.64,0.158,0,0.29025
Car,20.137,2,2.0,0.435,20.04,0.357,1,2.26618
Car,19.852,5,5.0,0.546,14.39,0.616,1,0.88461
Walking,11.843,1,120.82,0.456,12.83,0.675,0,0.0
Bicycle,5.862,1,98.9,0.396,11.03,0.79,1,0.00559
Car,20.803,2,2.0,0.555,32.16,0.633,1,2.37008
Motorcycle,6.251,1,114.6,0.128,20.65,0.745,0,0.68882
Car,21.862,4,4.0,0.359,39.01,0.567,0,1.19739
Bus,9.805,1,25.68,0.383,14.34,0.558,1,0.67058
Walking,4.305,1,126.14,0.706,20.84,0.416,0,0.01325
Car,15.748,3,3.0,0.271,25.55,0.136,1,1.07422
Bus,9.264,1,19.51,0.083,15.88,0.061,1,0.79747
Walking,10.465,1,118.8,0.267,36.37,0.872,1,0.0
Bicycle,4.882,1,111.72,0.809,13.37,0.701,0,0.0021
Walking,9.776,1,130.6,0.734,39.47,0.096,0,0.0
Bicycle,12.541,1,122.25,0.655,28.0,0.462,0,0.01017
Bicycle,6.397,1,134.6,0.812,22.48,0.764,0,0.0
Walking,14.159,1,124.96,0.723,27.32,0.414,1,0.0
Walking,6.713,1,119.85,0.344,30.52,0.231,0,0.00237
Bus,3.76,1,16.3,0.101,22.95,0.564,0,0.37608
Car,4.738,1,1.0,0.942,25.73,0.803,1,1.08956
Motorcycle,1.192,1,119.73,0.712,12.65,0.621,1,0.15915
Metro,17.063,1,121.93,0.062,36.68,0.952,0,0.80921
Walking,23.866,1,123.19,0.337,15.79,0.432,1,0.00973
Bicycle,5.611,1,110.22,0.871,13.69,0.63,0,0.00672
Motorcycle,9.959,1,119.77,0.558,34.35,0.173,1,1.17269
Bicycle,16.858,1,103.93,0.605,17.55,0.057,0,0.0
Metro,21.632,1,117.46,0.161,35.97,0.535,1,0.93924
Bicycle,2.422,1,119.01,0.908,25.69,0.009,1,0.0
Bus,15.738,1,21.44,0.896,27.67,0.327,0,1.47764
Bicycle,2.161,1,103.33,0.266,17.87,0.301,1,0.0
Bus,9.655,1,27.63,0.335,19.77,0.863,1,0.64899
Bicycle,3.438,1,116.5,0.368,39.46,0.024,0,0.0065
Walking,5.005,1,122.58,0.864,30.12,0.09,0,0.0
Walking,8.693,1,123.94,0.379,14.19,0.473,0,0.0
Car,8.877,5,5.0,0.52,37.22,0.369,0,0.38721
Bicycle,17.677,1,129.17,0.568,21.37,0.767,1,0.00416
Car,14.29,5,5.0,0.554,23.75,0.065,1,0.64247
Bus,9.691,1,16.99,0.299,26.46,0.783,0,1.00667
Walking,9.339,1,116.55,0.112,19.63,0.922,1,0.0
Bicycle,28.543,1,106.08,0.507,21.36,0.686,0,0.0
Bicycle,31.593,1,126.38,0.256,37.55,0.823,1,0.01358
Bus,6.496,1,25.12,0.392,35.95,0.997,1,0.49579
Bicycle,10.874,1,111.49,0.732,28.15,0.54,1,0.00117
Metro,17.996,1,142.41,0.085,13.35,0.432,0,0.62186
Bus,3.971,1,16.67,0.732,27.98,0.508,0,0.4788
Metro,6.438,1,117.93,0.329,39.71,0.908,0,0.28298
Bus,24.311,1,13.61,0.575,16.67,0.586,1,3.37343
Motorcycle,7.002,1,128.89,0.144,25.01,0.138,1,0.7392
Walking,17.477,1,120.54,0.279,26.7,0.834,0,0.0
Walking,5.227,1,119.24,0.23,39.12,0.511,0,0.0
Walking,9.761,1,115.03,0.445,30.74,0.899,0,0.0
Bus,9.357,1,17.17,0.489,10.61,0.004,0,0.94754
Motorcycle,18.509,1,127.68,0.466,18.61,0.484,0,2.21433
Bicycle,6.19,1,119.03,0.245,32.54,0.402,1,0.0
Bicycle,5.936,1,108.61,0.8,24.76,0.984,1,0.00106
Walking,4.061,1,132.02,0.254,26.35,0.538,0,0.00735
Bicycle,16.107,1,114.46,0.468,24.08,0.977,0,0.0
Metro,12.187,1,140.68,0.173,14.36,0.939,0,0.41838
Bus,12.501,1,9.31,0.395,31.22,0.662,0,2.52643
Bus,8.399,1,11.42,0.158,31.73,0.81,1,1.27096
Bus,3.736,1,27.06,0.469,23.26,0.001,0,0.2363
Walking,30.322,1,116.3,0.765,25.35,0.549,0,0.0
Metro,15.155,1,111.31,0.659,39.63,0.507,0,0.65425
Bus,11.736,1,7.36,0.565,36.8,0.566,1,3.03978
Metro,3.65,1,125.02,0.112,27.42,0.291,0,0.14138
Bus,1.339,1,22.67,0.861,31.74,0.495,1,0.13105
Motorcycle,10.465,1,106.64,0.639,38.09,0.039,1,1.16025
Bus,13.63,1,23.94,0.971,24.54,0.663,0,1.11652
Metro,4.583,1,120.34,0.149,35.57,0.053,1,0.18326
Bicycle,5.929,1,127.53,0.146,28.51,0.957,0,0.0049
Walking,17.529,1,120.39,0.768,17.62,0.966,0,0.0
Bicycle,12.684,1,125.81,0.586,22.51,0.248,0,0.0
Bus,1.462,1,16.12,0.815,24.03,0.399,1,0.17556
Bicycle,9.336,1,110.97,0.869,24.42,0.58,1,0.0
Walking,4.322,1,121.94,0.027,19.07,0.492,1,0.00839
Bicycle,9.409,1,134.66,0.281,38.4,0.572,1,0.01104
Car,23.906,3,3.0,0.304,12.87,0.46,1,1.64486
Car,12.916,1,1.0,0.541,15.04,0.15,1,2.75715
Car,2.708,3,3.0,0.205,36.67,0.717,1,0.19326
Walking,2.229,1,113.35,0.803,25.25,0.378,1,0.0
Motorcycle,4.951,1,118.2,0.949,25.86,0.441,1,0.64342
Car,7.211,1,1.0,0.287,10.4,0.267,0,1.42979
Walking,6.809,1,118.19,0.795,25.38,0.717,1,0.0
Car,20.414,4,4.0,0.138,32.46,0.416,0,1.02506
Metro,13.188,1,128.22,0.08,15.25,0.832,1,0.50001
Bus,18.505,1,33.53,0.257,14.73,0.91,1,0.95039
Bicycle,7.747,1,103.47,0.482,33.24,0.96,0,0.0
Bus,5.773,1,17.73,0.351,36.64,0.101,0,0.55671
Bus,4.849,1,18.72,0.417,23.62,0.943,0,0.44912
Bicycle,15.723,1,110.99,0.947,38.38,0.978,1,0.00203
Motorcycle,9.765,1,118.81,0.556,30.68,0.332,0,1.07457
Bus,3.069,1,14.38,0.88,32.61,0.507,1,0.39425
Walking,12.986,1,109.9,0.084,10.83,0.502,0,0.00964
Car,12.066,1,1.0,0.784,24.41,0.986,1,2.7486
Walking,19.22,1,129.08,0.467,27.14,0.808,0,0.0
Metro,8.037,1,134.92,0.168,31.68,0.238,0,0.29653
Walking,12.612,1,108.51,0.714,22.18,0.211,0,0.01008
Metro,12.155,1,108.89,0.569,34.3,0.028,0,0.52954
Metro,9.079,1,110.43,0.155,27.62,0.941,0,0.40251
Metro,5.152,1,112.44,0.437,24.74,0.265,0,0.21791
Walking,27.174,1,123.21,0.157,10.75,0.673,0,0.00696
Walking,18.315,1,124.91,0.167,28.12,0.411,0,0.0
Walking,6.063,1,123.83,0.183,28.31,0.67,1,0.0169
Motorcycle,4.62,1,118.08,0.62,29.4,0.429,1,0.56268
Walking,7.309,1,115.01,0.396,10.02,0.5,0,0.0
Bus,7.98,1,28.61,0.377,22.3,0.858,0,0.47246
Car,5.237,1,1.0,0.462,33.54,0.094,0,1.08265
Bicycle,7.968,1,128.05,0.283,19.67,0.354,1,0.00813
Walking,11.447,1,134.29,0.102,24.61,0.895,0,0.0
Metro,9.163,1,119.31,0.823,39.74,0.302,1,0.37917
Metro,28.828,1,112.25,0.421,15.45,0.458,0,1.27656
Car,4.889,4,4.0,0.384,37.94,0.692,0,0.27237
Motorcycle,8.364,1,129.53,0.711,29.82,0.005,1,1.03454
Bicycle,11.45,1,115.66,0.891,39.69,0.798,0,0.01621
Metro,7.088,1,105.37,0.265,28.29,0.952,1,0.30659
Walking,9.431,1,124.11,0.626,37.76,0.939,1,0.0
Walking,6.129,1,113.22,0.081,15.55,0.647,0,0.00635
Bicycle,4.351,1,128.69,0.438,22.68,0.944,0,0.01256
Motorcycle,25.401,1,120.72,0.955,39.79,0.041,0,3.07402
Motorcycle,16.809,1,112.07,0.231,39.02,0.154,1,1.83862
Bus,1.482,1,15.62,0.08,12.73,0.092,0,0.17327
Walking,10.392,1,126.98,0.099,35.2,0.363,1,0.00338
Walking,8.282,1,118.28,0.155,23.35,0.093,1,0.00241
Car,18.549,5,5.0,0.26,11.02,0.098,0,0.77595
Car,7.174,5,5.0,0.07,39.12,0.171,0,0.28406
Motorcycle,16.122,1,115.26,0.372,27.45,0.097,1,1.79895
Walking,10.41,1,137.08,0.906,14.16,0.334,1,0.0
Bicycle,13.995,1,115.07,0.36,24.02,0.552,0,0.00293
Walking,2.723,1,123.1,0.444,30.6,0.404,1,0.00614
Car,22.007,1,1.0,0.856,12.56,0.9,1,5.34807
Car,25.461,3,3.0,0.457,10.74,0.521,1,1.81083
Walking,3.987,1,135.16,0.603,26.34,0.847,1,0.0021
Motorcycle,15.763,1,122.74,0.994,14.33,0.574,1,1.95815
Walking,10.736,1,122.0,0.418,14.34,0.246,0,0.0124
Bus,11.072,1,21.66,0.257,38.06,0.049,0,0.8694
Walking,4.035,1,116.31,0.6,35.62,0.801,0,0.00542
Bus,10.039,1,23.13,0.616,13.33,0.78,0,0.83717
Bus,20.913,1,5.74,0.404,22.64,0.633,1,6.61982
Walking,7.327,1,111.03,0.685,29.03,0.504,1,0.00568
Metro,28.709,1,115.98,0.272,16.07,0.673,1,1.18599
Metro,16.388,1,122.52,0.19,24.47,0.132,0,0.68643
Bus,20.598,1,35.69,0.965,30.15,0.682,1,1.19851
Walking,19.863,1,123.36,0.64,17.58,0.43,1,0.0092
Walking,18.527,1,116.66,0.214,39.29,0.43,1,0.00614
Car,15.366,2,2.0,0.618,25.74,0.44,1,1.65027
Bus,14.632,1,17.1,0.495,34.54,0.671,1,1.46739
Walking,10.886,1,120.72,0.015,24.0,0.411,0,0.01009
Walking,8.871,1,120.0,0.319,26.19,0.597,0,0.0
Bus,8.867,1,21.55,0.646,22.8,0.162,0,0.7403
Bicycle,4.512,1,118.55,0.727,27.28,0.625,0,0.0
Bus,24.976,1,27.21,0.896,21.65,0.376,1,1.73271
Bus,8.415,1,22.99,0.555,19.3,0.657,1,0.67632
Walking,3.537,1,128.62,0.291,39.78,0.219,1,0.0
Walking,4.007,1,138.78,0.239,21.28,0.745,0,0.0
Bicycle,20.489,1,113.07,0.511,15.89,0.936,1,0.0
Metro,17.477,1,106.4,0.684,27.12,0.1,1,0.83087
Car,4.58,1,1.0,0.096,19.15,0.63,0,0.93953
Metro,5.446,1,130.24,0.979,30.78,0.578,0,0.21978
Motorcycle,17.369,1,122.11,0.905,39.24,0.404,0,2.20257
Walking,15.487,1,131.05,0.534,33.39,0.777,1,0.0
Bicycle,10.929,1,125.39,0.135,21.24,0.399,0,0.0008
Metro,7.479,1,126.92,0.878,24.82,0.388,0,0.29055
Bus,7.897,1,10.2,0.224,37.75,0.794,1,1.42404
Car,5.256,5,5.0,0.16,31.84,0.774,1,0.20668
Motorcycle,4.06,1,136.58,0.848,10.78,0.12,1,0.48344
Car,8.441,2,2.0,0.097,31.6,0.48,0,0.86896
Bus,4.801,1,11.71,0.288,14.25,0.712,0,0.75219
Bicycle,23.034,1,112.63,0.755,15.46,0.886,0,0.00347
Bus,8.711,1,22.14,0.265,38.09,0.938,0,0.67961
Bus,2.222,1,8.97,0.076,35.71,0.09,0,0.40182
Walking,18.245,1,119.47,0.782,15.25,0.357,0,0.0
Metro,21.893,1,112.62,0.966,30.44,0.454,0,0.93998
Car,4.132,4,4.0,0.128,35.97,0.68,0,0.20892
Bicycle,15.611,1,105.96,0.237,13.16,0.483,1,0.0
Bus,15.857,1,6.56,0.51,19.32,0.685,0,4.51954
Metro,11.638,1,123.55,0.966,13.93,0.289,1,0.45001
Walking,5.618,1,127.32,0.22,30.39,0.812,0,0.00657
Car,23.471,2,2.0,0.604,29.45,0.154,1,2.56314
Metro,2.233,1,120.55,0.371,28.48,0.595,0,0.09474
Metro,8.198,1,107.41,0.969,38.59,0.633,1,0.3619
Walking,21.385,1,119.46,0.019,39.16,0.745,1,0.0
Car,17.216,5,5.0,0.79,13.75,0.188,0,0.8147
Metro,11.063,1,124.13,0.323,16.08,0.959,1,0.45298
Walking,12.885,1,113.74,0.363,37.96,0.742,1,0.0
Metro,1.592,1,106.04,0.896,13.33,0.072,0,0.07283
Walking,13.216,1,114.83,0.209,14.32,0.908,0,0.00444
Bicycle,10.2,1,115.68,0.987,26.37,0.638,0,0.0
Bus,6.23,1,17.9,0.812,34.07,0.011,0,0.68489
Metro,2.784,1,122.5,0.331,32.17,0.101,0,0.12866
Car,7.698,1,1.0,0.628,13.73,0.521,0,1.6939
Car,10.021,2,2.0,0.388,32.82,0.278,1,1.11342
Bicycle,9.954,1,111.73,0.154,40.0,0.229,1,0.01294
Bicycle,2.452,1,122.73,0.408,27.41,0.479,1,0.0
Metro,6.154,1,111.58,0.792,17.5,0.444,1,0.26469
Bicycle,10.09,1,112.14,0.52,39.14,0.826,0,0.0
Car,25.354,5,5.0,0.831,28.9,0.067,0,1.1106
Motorcycle,9.852,1,127.85,0.22,21.77,0.632,1,1.08803
Car,5.449,4,4.0,0.918,31.16,0.887,0,0.33571
Bus,1.374,1,6.54,0.548,24.91,0.195,1,0.40246
Bus,5.17,1,18.63,0.102,32.91,0.003,0,0.43818
Metro,11.673,1,130.58,0.079,11.99,0.823,1,0.42472
Motorcycle,4.105,1,122.76,0.584,22.17,0.459,1,0.49616
Bus,3.984,1,28.88,0.532,32.45,0.05,1,0.24983
Bus,2.756,1,15.17,0.98,11.31,0.503,0,0.36609
Car,32.249,5,5.0,0.958,10.12,0.832,0,1.55522
Walking,9.831,1,124.93,0.737,22.58,0.101,0,0.00448
Walking,11.522,1,122.25,0.59,10.19,0.883,1,0.0133
Bicycle,10.134,1,116.3,0.157,29.4,0.438,1,0.01123
Motorcycle,21.518,1,121.52,0.161,23.52,0.226,1,2.29151
Car,18.87,2,2.0,0.286,33.76,0.296,0,1.9384
Bus,9.762,1,7.97,0.759,37.62,0.877,0,2.43284
Motorcycle,13.296,1,122.96,0.354,24.32,0.608,0,1.58041
Motorcycle,7.706,1,119.15,0.776,15.82,0.646,0,0.92717
Metro,7.891,1,123.06,0.674,36.25,0.653,1,0.32169
Car,13.12,1,1.0,0.713,32.88,0.12,1,2.99176
Bicycle,3.747,1,111.33,0.457,35.23,0.156,0,0.0
Walking,8.789,1,129.72,0.523,22.56,0.475,0,0.0
Metro,20.321,1,115.33,0.233,23.03,0.552,0,0.89306
Bicycle,11.465,1,119.14,0.989,27.97,0.499,0,0.0
Walking,18.668,1,122.44,0.023,31.89,0.208,1,0.0
Motorcycle,21.174,1,132.08,0.818,16.19,0.591,1,2.53675
Bicycle,16.309,1,120.79,0.109,22.13,0.961,1,0.00841
Metro,6.106,1,115.25,0.01,19.02,0.87,1,0.27048
Bus,3.236,1,24.79,0.11,15.12,0.478,1,0.22868
Bus,4.163,1,16.88,0.737,26.54,0.394,1,0.48325
Bus,10.492,1,13.55,0.597,34.8,0.411,1,1.42886
Bus,6.675,1,14.44,0.427,22.22,0.936,0,0.90155
Metro,10.147,1,115.31,0.748,28.87,0.288,0,0.42162
Bus,24.586,1,23.19,0.431,31.29,0.101,1,1.89406
Motorcycle,11.566,1,123.56,0.451,23.22,0.688,1,1.311
Metro,9.197,1,123.12,0.923,12.89,0.804,0,0.37478
Motorcycle,8.981,1,127.76,0.751,14.99,0.347,1,1.0722
Bus,1.636,1,8.9,0.366,14.97,0.263,1,0.31007
Walking,2.328,1,112.44,0.371,38.87,0.081,1,0.0
Bus,3.62,1,24.65,0.85,34.69,0.454,0,0.28139
Bicycle,16.888,1,120.16,0.893,32.07,0.062,1,0.0
Walking,38.318,1,120.17,0.276,35.47,0.875,1,0.01176
Walking,14.916,1,119.27,0.783,22.94,0.534,0,0.0
Bus,21.414,1,20.46,0.218,10.88,0.756,1,1.8605
Metro,7.49,1,127.35,0.798,18.1,0.835,0,0.28627
Walking,12.999,1,127.65,0.948,10.53,0.232,1,0.02248
Motorcycle,3.2,1,123.75,0.597,15.67,0.536,0,0.38215
Bicycle,16.351,1,150.94,0.128,20.52,0.181,1,0.0
Metro,14.624,1,127.86,0.431,26.17,0.453,1,0.54121
Bus,14.975,1,13.0,0.535,23.89,0.593,0,2.14306
Walking,14.704,1,129.35,0.426,24.58,0.8,0,0.0
Motorcycle,8.344,1,130.54,0.619,21.4,0.072,0,0.95442
Bus,9.87,1,32.59,0.369,10.01,0.629,1,0.55156
Bicycle,8.18,1,101.98,0.994,35.07,0.721,0,0.00948
Bus,8.171,1,26.59,0.053,26.79,0.56,0,0.51981
Metro,24.858,1,117.63,0.703,13.5,0.886,1,1.0399
Bus,7.711,1,21.92,0.465,19.11,0.17,1,0.6171
Metro,11.683,1,130.72,0.126,35.64,0.979,1,0.42343
Bicycle,7.44,1,125.81,0.891,22.81,0.499,0,0.0
Motorcycle,9.99,1,125.39,0.617,25.77,0.325,1,1.23172
Bicycle,11.601,1,122.58,0.728,36.25,0.694,0,0.00442
Bicycle,7.779,1,123.97,0.723,30.16,0.751,1,0.0124
Car,10.76,3,3.0,0.36,24.6,0.331,0,0.76138
Bicycle,4.707,1,122.57,0.037,26.82,0.586,1,0.00308
Bicycle,8.552,1,111.81,0.251,21.24,0.773,0,0.00332
Car,13.529,3,3.0,0.357,15.7,0.886,0,0.99788
Bus,3.463,1,35.88,0.747,18.13,0.057,0,0.17504
Walking,7.193,1,115.27,0.851,35.9,0.871,0,0.0
Bicycle,13.48,1,125.32,0.756,22.48,0.584,1,0.01971
Walking,9.703,1,113.27,0.707,32.58,0.586,0,0.0
Metro,10.889,1,112.77,0.895,13.84,0.705,1,0.49442
Bus,14.498,1,23.57,0.456,20.93,0.389,0,1.09017
Bicycle,25.26,1,108.03,0.481,15.18,0.588,0,0.00539
Bicycle,20.219,1,117.11,0.339,23.73,0.411,0,0.0
Bus,16.794,1,17.88,0.914,11.68,0.884,1,1.85507
Bicycle,9.591,1,116.09,0.169,29.77,0.58,0,0.0145
Motorcycle,7.253,1,121.59,0.052,39.63,0.58,1,0.78627
Metro,13.679,1,125.73,0.162,14.91,0.22,1,0.56445
Bicycle,3.231,1,116.14,0.905,30.23,0.188,0,0.0
Car,15.813,5,5.0,0.672,32.08,0.859,0,0.731
Metro,11.617,1,106.59,0.729,39.77,0.096,1,0.54716
Bus,12.66,1,20.97,0.293,29.79,0.607,1,0.95382
Bicycle,13.487,1,132.55,0.187,29.54,0.549,0,0.0
Walking,19.246,1,127.47,0.756,24.89,0.336,0,0.00186
Bicycle,15.037,1,116.25,0.79,31.22,0.52,1,0.00841
Bicycle,15.061,1,117.08,0.714,25.67,0.383,1,0.00511
Bus,19.887,1,11.62,0.133,34.31,0.374,0,2.78493
Bus,5.803,1,12.04,0.19,32.56,0.1,0,0.78333
Bicycle,8.862,1,127.86,0.958,35.33,0.796,1,0.00063
Motorcycle,9.637,1,129.67,0.26,14.92,0.281,1,1.0554
Bus,1.724,1,10.24,0.807,20.96,0.078,1,0.3142
Metro,15.608,1,123.43,0.845,30.37,0.099,0,0.59897
Motorcycle,2.863,1,122.99,0.224,37.8,0.55,1,0.32227
Metro,14.037,1,119.83,0.398,15.37,0.152,1,0.55233
Car,18.326,4,4.0,0.409,22.76,0.678,1,0.99624
Walking,6.666,1,124.1,0.246,21.26,0.717,0,0.01108
Bicycle,5.59,1,106.05,0.422,33.89,0.082,0,0.01338
Car,18.504,2,2.0,0.838,25.45,0.082,0,2.07544
Metro,10.955,1,107.04,0.749,25.15,0.239,1,0.47439
Walking,15.193,1,107.12,0.619,33.44,0.474,1,0.0
Motorcycle,10.923,1,117.79,0.614,13.75,0.268,0,1.24043
Walking,26.363,1,101.88,0.783,12.14,0.387,0,0.0149
Bus,7.645,1,23.68,0.959,25.56,0.302,0,0.60573
Walking,17.758,1,113.56,0.78,29.79,0.783,0,0.02197
Car,6.398,5,5.0,0.05,17.78,0.844,0,0.25966
Car,12.065,5,5.0,0.402,32.06,0.824,0,0.52532
Motorcycle,5.094,1,123.06,0.34,18.17,0.298,1,0.56319
Metro,3.708,1,123.9,0.965,23.99,0.779,1,0.13722
Walking,3.497,1,125.0,0.686,30.14,0.137,0,0.00788
Bus,5.334,1,24.3,0.597,12.48,0.669,1,0.40692
Bus,6.812,1,31.86,0.901,32.23,0.263,0,0.39163
Bicycle,22.596,1,126.58,0.611,20.15,0.516,0,0.00804
Bus,3.401,1,17.63,0.365,33.61,0.234,1,0.33049
Walking,8.67,1,124.51,0.336,39.13,0.145,1,0.0
Bicycle,3.445,1,122.68,0.252,35.03,0.527,1,0.00322
Metro,6.48,1,112.67,0.427,28.5,0.103,0,0.27254
Car,30.868,5,5.0,0.781,27.96,0.448,1,1.46609
Metro,8.429,1,122.36,0.29,14.87,0.974,0,0.32634
Bus,9.497,1,18.26,0.381,20.03,0.249,1,0.92533
Car,6.869,1,1.0,0.38,13.18,0.221,0,1.4987
Bicycle,17.568,1,121.1,0.655,16.67,0.932,1,0.01785
Metro,7.839,1,125.62,0.31,36.59,0.742,0,0.31899
Bicycle,8.294,1,128.37,0.965,25.49,0.591,1,0.00208
Walking,11.588,1,125.66,0.995,38.04,0.874,0,0.01216
Bus,11.128,1,14.05,0.056,11.49,0.661,0,1.33685
Bicycle,14.351,1,130.22,0.831,27.45,0.422,1,0.00063
Car,16.991,5,5.0,0.232,35.43,0.433,0,0.70703
Metro,10.197,1,121.07,0.257,20.11,0.859,1,0.43117
Bicycle,12.821,1,121.03,0.508,25.29,0.167,0,0.0
Bus,17.523,1,19.2,0.944,28.16,0.828,1,1.79479
Bicycle,3.701,1,132.02,0.531,10.09,0.24,0,0.01624
Motorcycle,12.243,1,117.85,0.017,17.64,0.519,0,1.31425
Bus,5.319,1,9.4,0.904,32.27,0.284,1,1.07853
Motorcycle,28.36,1,124.53,0.923,32.08,0.971,0,3.87415
Motorcycle,20.903,1,109.43,0.01,19.23,0.437,0,1.9992
Bus,9.002,1,33.25,0.8,38.18,0.41,0,0.52122
Walking,40.009,1,119.09,0.844,14.47,0.842,0,0.0
Metro,5.928,1,126.13,0.766,15.47,0.923,0,0.23604
Metro,7.067,1,123.97,0.439,31.38,0.156,0,0.28645
Motorcycle,5.624,1,113.51,0.297,35.49,0.691,0,0.59233
Car,9.237,1,1.0,0.989,23.29,0.28,0,2.11968
Walking,20.736,1,112.9,0.526,19.59,0.822,1,0.0
Car,17.323,4,4.0,0.587,17.64,0.987,0,0.96881
Bicycle,18.285,1,115.14,0.673,37.21,0.686,1,0.0035
Bicycle,15.766,1,109.32,0.567,11.74,0.347,1,0.0
Metro,4.295,1,110.6,0.831,34.91,0.15,1,0.18345
Motorcycle,21.761,1,115.03,0.741,17.82,0.64,0,2.59058
Bus,2.411,1,11.38,0.628,19.04,0.127,0,0.38309
Bus,14.312,1,14.48,0.115,27.97,0.733,0,1.73902
Bicycle,16.45,1,122.08,0.945,10.18,0.147,1,0.02201
Bus,16.81,1,14.17,0.526,11.5,0.461,0,2.28525
Walking,5.942,1,122.24,0.116,19.27,0.058,0,0.01275
Walking,19.022,1,128.07,0.347,26.19,0.934,1,0.0
Walking,10.875,1,118.55,0.251,28.7,0.167,0,0.00348
Bus,15.381,1,13.93,0.851,34.99,0.662,1,2.10335
Bus,18.06,1,25.68,0.906,20.85,0.493,1,1.31693
Metro,19.034,1,112.13,0.519,22.14,0.065,1,0.84888
Motorcycle,17.303,1,115.87,0.072,27.63,0.008,0,1.71896
Bus,4.75,1,9.31,0.501,38.89,0.469,0,0.89773
Car,18.772,1,1.0,0.793,25.97,0.64,0,4.11871
Motorcycle,4.509,1,121.66,0.964,13.55,0.644,0,0.59111
Car,17.088,3,3.0,0.132,18.24,0.252,1,1.11325
Bus,9.111,1,24.33,0.351,37.75,0.965,0,0.66144
Bus,14.227,1,19.35,0.378,34.03,0.894,1,1.28475
Walking,3.443,1,126.89,0.563,34.55,0.647,1,0.0
Motorcycle,13.562,1,122.74,0.382,36.86,0.868,0,1.52989
Bus,13.721,1,15.8,0.498,29.28,0.442,1,1.57155
Bus,9.425,1,25.84,0.252,24.28,0.249,0,0.68172
Metro,24.984,1,107.91,0.538,10.1,0.004,0,1.19164
Bus,9.216,1,15.21,0.517,28.38,0.095,0,1.03698
Car,16.907,5,5.0,0.281,26.44,0.868,0,0.74532
Bus,17.641,1,2.0,0.331,15.31,0.126,1,15.8967
Walking,16.514,1,124.61,0.237,19.48,0.96,1,0.01162
Car,12.506,2,2.0,0.338,31.88,0.849,0,1.38267
Metro,13.063,1,115.5,0.174,34.12,0.321,0,0.53498
Bicycle,28.103,1,111.73,0.824,28.91,0.428,0,0.0
Car,15.927,4,4.0,0.637,39.6,0.347,0,0.90278
Metro,10.91,1,137.67,0.236,33.23,0.324,1,0.37915
Metro,5.171,1,129.25,0.505,30.8,0.637,0,0.18787
Motorcycle,8.79,1,129.59,0.482,11.1,0.477,0,0.98309
Bus,10.394,1,21.55,0.972,15.69,0.532,0,0.99139
Bicycle,23.454,1,102.41,0.523,17.44,0.041,1,0.0
Car,36.213,2,2.0,0.436,33.87,0.811,1,4.09946
Car,12.6,5,5.0,0.344,38.63,0.656,1,0.56454
Bus,8.789,1,20.34,0.851,35.4,0.918,1,0.88999
Bicycle,8.506,1,120.21,0.795,13.74,0.479,1,0.0
Walking,8.98,1,121.97,0.594,35.64,0.528,0,0.00702
Motorcycle,12.754,1,122.69,0.419,22.66,0.588,0,1.48826
Bus,1.339,1,10.55,0.102,17.73,0.505,0,0.20572
Motorcycle,21.797,1,115.97,0.739,14.96,0.512,1,2.62007
Metro,6.432,1,118.45,0.278,17.57,0.547,1,0.26523
Motorcycle,16.309,1,117.13,0.437,19.58,0.303,0,1.89221
Motorcycle,16.739,1,121.79,0.956,37.34,0.298,1,1.98716
Bicycle,9.589,1,108.13,0.387,27.58,0.28,0,0.0
Metro,16.277,1,123.24,0.653,25.78,0.024,1,0.6637
Bicycle,16.221,1,126.04,0.863,33.25,0.82,1,0.0
Motorcycle,6.085,1,119.37,0.784,14.42,0.124,1,0.68113
Walking,5.816,1,123.56,0.026,14.3,0.224,1,7e-05
Walking,9.533,1,115.11,0.894,17.36,0.238,0,0.01489
Bus,13.514,1,5.19,0.916,30.3,0.013,0,5.00156
Walking,4.276,1,126.42,0.672,34.72,0.936,0,0.00198
Bicycle,3.768,1,116.28,0.556,11.69,0.576,0,0.0
Bus,5.959,1,13.8,0.795,15.09,0.576,0,0.827
Walking,17.064,1,119.51,0.173,21.54,0.776,1,9e-05
Car,11.345,1,1.0,0.195,20.45,0.861,0,2.16726
Bicycle,4.704,1,105.09,0.549,10.35,0.148,0,0.0
Car,13.294,5,5.0,0.681,34.15,0.26,0,0.58386
Bicycle,16.42,1,106.89,0.037,18.52,0.845,1,0.00162
Bicycle,2.426,1,118.26,0.865,33.87,0.483,1,0.0
Bicycle,23.12,1,118.32,0.493,14.41,0.218,0,0.01307
Car,15.191,1,1.0,0.727,22.2,0.799,1,3.68277
Walking,8.273,1,136.66,0.247,24.72,0.414,1,0.0048
Bicycle,6.655,1,118.17,0.669,26.13,0.085,1,0.00644
Bus,8.14,1,15.77,0.613,17.55,0.533,0,0.90961
Metro,9.245,1,111.16,0.91,15.15,0.055,0,0.4115
Motorcycle,16.982,1,120.92,0.146,23.12,0.904,0,1.95294
Car,10.589,5,5.0,0.647,10.91,0.672,1,0.47347
Bicycle,18.723,1,116.33,0.138,14.76,0.699,1,0.00231
Car,13.012,1,1.0,0.76,33.58,0.071,0,2.77754
Walking,16.953,1,103.92,0.272,33.3,0.342,0,0.0
Car,7.391,3,3.0,0.696,39.12,0.363,1,0.53449
Walking,0.822,1,124.06,0.587,20.13,0.041,1,0.0137
Motorcycle,10.358,1,121.68,0.095,19.81,0.14,0,1.12649
Metro,21.119,1,119.0,0.335,32.63,0.735,0,0.86011
Walking,7.254,1,126.39,0.573,16.72,0.585,0,0.01492
Walking,3.316,1,112.69,0.489,30.75,0.432,1,0.0
Motorcycle,4.636,1,123.94,0.201,30.3,0.074,0,0.50428
Car,24.467,5,5.0,0.666,31.19,0.663,1,1.16456
Walking,12.096,1,123.67,0.928,36.79,0.399,1,0.0
Car,4.056,1,1.0,0.84,24.14,0.241,1,0.95469
Car,18.651,2,2.0,0.531,13.47,0.048,1,1.98154
Car,4.568,4,4.0,0.114,17.91,0.825,0,0.24947
Car,7.378,4,4.0,0.646,37.06,0.891,0,0.41148
Walking,3.933,1,112.01,0.955,27.37,0.021,0,0.00669
Metro,11.963,1,119.56,0.404,27.03,0.412,1,0.47374
Metro,11.238,1,111.2,0.158,16.59,0.564,0,0.48652
Car,33.092,1,1.0,0.955,34.01,0.559,0,7.32318
Bus,6.94,1,10.6,0.281,35.37,0.247,0,1.16341
Car,1.966,1,1.0,0.348,25.32,0.186,1,0.41831
Bicycle,1.597,1,120.44,0.959,21.76,0.327,1,0.0
Car,4.482,3,3.0,0.347,23.75,0.321,1,0.31251
Motorcycle,0.999,1,124.87,0.931,20.46,0.758,1,0.12946
Walking,27.14,1,120.79,0.546,19.33,0.044,1,0.00651
Car,4.763,3,3.0,0.807,35.97,0.383,0,0.36127
Motorcycle,37.068,1,123.05,0.825,35.58,0.647,0,4.74229
Bus,15.891,1,20.84,0.274,38.5,0.984,1,1.39083
Motorcycle,4.113,1,147.39,0.646,24.58,0.124,1,0.47794
Bicycle,10.384,1,119.79,0.207,24.75,0.291,1,0.0
Motorcycle,8.664,1,118.76,0.4,11.66,0.1,0,0.98274
Walking,11.418,1,115.58,0.227,30.3,0.218,1,0.00311
Motorcycle,4.448,1,123.46,0.653,28.65,0.509,1,0.53423
Bus,5.313,1,29.08,0.332,34.97,0.456,1,0.33499
Motorcycle,5.778,1,112.3,0.695,14.32,0.119,1,0.66976
Bus,5.3,1,26.53,0.399,17.47,0.102,0,0.35584
Metro,2.241,1,122.62,0.768,22.26,0.49,1,0.09622
Metro,15.3,1,121.65,0.535,20.25,0.041,1,0.62253
Bus,1.888,1,15.05,0.723,15.65,0.188,0,0.22286
Car,4.816,5,5.0,0.929,14.46,0.156,0,0.22525
Car,1.653,2,2.0,0.529,36.67,0.726,0,0.16899
Motorcycle,34.682,1,120.71,0.776,38.06,0.176,0,4.17786
Bus,13.539,1,5.17,0.405,22.78,0.731,0,4.92699
Walking,22.316,1,122.08,0.164,26.65,0.641,1,0.0
Bicycle,9.828,1,127.1,0.411,32.28,0.732,1,0.00857
Walking,3.867,1,122.28,0.201,21.07,0.383,0,0.01183
Walking,6.537,1,114.67,0.663,30.38,0.191,0,0.02068
Car,23.657,1,1.0,0.267,12.31,0.737,1,4.91288
Metro,4.558,1,121.54,0.498,38.34,0.819,1,0.19307
Car,8.79,3,3.0,0.451,38.8,0.336,1,0.64042
Walking,10.669,1,115.51,0.07,37.93,0.328,0,0.00651
Walking,4.63,1,108.41,0.193,15.33,0.139,0,0.0
Bicycle,3.025,1,113.29,0.315,27.44,0.742,0,0.01093
Walking,12.066,1,122.78,0.718,24.06,0.76,1,0.0
Metro,13.265,1,116.58,0.671,37.37,0.636,1,0.57805
Walking,23.504,1,112.79,0.414,29.36,0.145,1,0.0
Bicycle,5.847,1,115.31,0.599,32.49,0.617,0,0.00566
Bus,6.013,1,11.32,0.225,26.89,0.229,1,0.86217
Bicycle,6.08,1,127.73,0.266,20.52,0.044,0,0.0
Motorcycle,20.077,1,132.06,0.017,27.24,0.996,1,2.07611
Bus,7.374,1,27.92,0.015,30.52,0.148,0,0.44035
Bicycle,9.904,1,121.98,0.671,26.38,0.354,0,0.01011
Bicycle,8.139,1,120.77,0.802,26.49,0.813,1,0.0
Motorcycle,20.966,1,127.9,0.132,37.33,0.346,1,2.2832
Bus,19.547,1,34.54,0.188,30.81,0.297,0,0.98699
Walking,18.777,1,126.13,0.576,39.26,0.301,0,0.00235
Motorcycle,8.224,1,113.16,0.67,12.46,0.784,0,0.98872
Metro,22.38,1,112.02,0.841,12.68,0.989,1,1.03294
Motorcycle,6.506,1,130.89,0.705,27.43,0.967,0,0.80143
Bus,11.327,1,12.16,0.751,18.02,0.559,0,1.91328
Bicycle,10.871,1,116.09,0.197,35.97,0.466,0,0.00356
Bus,5.0,1,8.75,0.502,18.29,0.929,0,1.03944
Motorcycle,17.687,1,107.14,0.83,18.63,0.529,0,2.29648
Car,13.856,2,2.0,0.854,21.8,0.548,0,1.65154
Metro,23.135,1,106.81,0.137,32.55,0.327,1,1.08852
Metro,1.239,1,117.09,0.279,21.94,0.572,0,0.04289
Motorcycle,5.214,1,119.07,0.936,15.33,0.028,1,0.67012
Bus,2.663,1,22.24,0.919,25.05,0.777,0,0.23127
Bus,5.787,1,14.48,0.15,34.69,0.27,0,0.65904
Bus,14.527,1,5.71,0.328,12.82,0.148,0,4.19384
Walking,24.015,1,116.36,0.509,12.84,0.915,0,0.0
Bicycle,24.159,1,113.18,0.834,27.64,0.879,1,0.0
Motorcycle,5.2,1,116.91,0.083,21.25,0.533,1,0.56091
Car,3.434,2,2.0,0.689,22.01,0.79,0,0.37053
Metro,16.094,1,108.67,0.426,31.31,0.615,0,0.73811
Bicycle,6.154,1,115.82,0.09,18.83,0.989,0,0.0
Metro,4.141,1,116.8,0.161,21.43,0.232,0,0.16899
Car,13.98,2,2.0,0.189,32.86,0.812,1,1.50595
Metro,3.986,1,119.57,0.392,10.07,0.058,1,0.13846
Car,16.048,3,3.0,0.015,27.58,0.376,0,1.0644
Bus,34.431,1,14.71,0.422,22.51,0.704,1,3.89459
Car,30.357,2,2.0,0.039,24.93,0.034,1,2.80208
Bicycle,5.827,1,124.72,0.112,20.63,0.084,0,0.01638
Bicycle,21.763,1,118.9,0.789,19.77,0.148,1,0.0
Bus,6.037,1,17.58,0.681,13.42,0.389,1,0.61082
Bus,8.564,1,20.91,0.167,14.0,0.895,1,0.71066
Car,10.025,4,4.0,0.286,39.07,0.997,0,0.54066
Bus,8.621,1,12.93,0.784,19.83,0.622,1,1.27741
Motorcycle,17.619,1,115.17,0.586,20.72,0.558,1,2.05583
Motorcycle,8.273,1,123.41,0.872,23.55,0.636,1,1.00642
Walking,25.066,1,114.37,0.083,20.3,0.212,1,0.0
Metro,3.972,1,110.01,0.064,28.84,0.982,0,0.16838
Motorcycle,20.33,1,135.97,0.87,20.54,0.584,1,2.59914
Bicycle,5.49,1,109.86,0.457,33.5,0.65,0,3e-05
Car,9.331,4,4.0,0.169,37.4,0.857,0,0.49024
Metro,2.836,1,128.29,0.621,26.43,0.981,0,0.1064
Bicycle,28.589,1,127.33,0.526,27.4,0.901,0,0.01261
Car,12.063,2,2.0,0.4,30.68,0.536,1,1.32986
Bicycle,9.581,1,115.94,0.078,17.7,0.127,1,0.0
Walking,14.506,1,119.96,0.639,26.33,0.503,0,0.0
Bus,5.803,1,19.5,0.37,27.36,0.673,0,0.55537
Bus,13.852,1,12.99,0.549,22.56,0.397,0,1.97106
Bus,12.652,1,13.79,0.063,28.61,0.959,0,1.62099
Bus,5.559,1,9.21,0.701,26.78,0.165,1,1.13385
Motorcycle,7.278,1,124.06,0.675,13.48,0.759,0,0.85517
Bicycle,18.146,1,119.32,0.524,35.71,0.369,1,0.0
Bus,6.45,1,21.14,0.891,11.51,0.775,0,0.64123
Bus,8.287,1,16.93,0.243,25.74,0.41,0,0.84888
Bicycle,9.27,1,119.01,0.718,16.24,0.805,0,0.0
Metro,13.594,1,132.12,0.04,10.42,0.565,0,0.50424
Car,9.926,4,4.0,0.349,13.66,0.812,0,0.51654
Metro,7.892,1,118.64,0.528,27.46,0.744,1,0.32958
Metro,4.003,1,107.27,0.519,19.13,0.944,0,0.17704
Car,7.915,4,4.0,0.564,12.64,0.932,0,0.44992
Bicycle,11.301,1,116.67,0.715,16.22,0.154,0,0.0
Bicycle,6.641,1,123.38,0.312,17.49,0.472,1,0.0
Metro,10.231,1,122.56,0.207,34.1,0.984,0,0.3869
Car,10.558,3,3.0,0.65,39.59,0.549,0,0.77607
Metro,4.977,1,128.83,0.476,10.87,0.4,1,0.20291
Car,11.775,5,5.0,0.542,31.52,0.368,0,0.51726
Motorcycle,16.13,1,113.47,0.439,23.57,0.057,1,1.8551
Metro,43.962,1,120.34,0.431,38.29,0.069,0,1.77963
Car,20.718,2,2.0,0.973,32.99,0.729,0,2.43533
Walking,8.618,1,127.41,0.903,34.48,0.318,0,0.00924
Motorcycle,14.1,1,117.08,0.023,12.94,0.404,0,1.47755
Car,28.81,4,4.0,0.19,20.76,0.671,1,1.41074
Metro,16.324,1,124.67,0.883,25.7,0.17,1,0.62475
Bus,6.276,1,14.33,0.208,21.92,0.118,1,0.74673
Metro,10.497,1,116.01,0.614,22.23,0.082,0,0.45634
Bus,3.418,1,28.23,0.205,10.24,0.085,1,0.22028
Car,11.353,2,2.0,0.194,38.64,0.565,0,1.1539
Bicycle,2.814,1,113.86,0.624,37.32,0.237,1,0.00808
Car,10.32,2,2.0,0.826,12.72,0.204,1,1.19293
Bus,15.549,1,11.99,0.185,26.86,0.346,0,2.15111
Bus,29.092,1,17.51,0.231,30.32,0.707,0,2.83699
Motorcycle,39.7,1,121.21,0.055,29.59,0.293,0,3.99951
Bicycle,5.205,1,128.95,0.705,36.75,0.98,1,0.0
Car,37.868,4,4.0,0.882,22.91,0.595,1,2.15237
Motorcycle,33.825,1,130.39,0.882,34.78,0.349,0,4.13763
Bicycle,5.847,1,114.84,0.805,16.37,0.892,0,0.0
Bicycle,4.693,1,117.2,0.762,28.66,0.218,0,0.0
Bus,12.016,1,16.33,0.695,17.28,0.324,1,1.38421
Metro,22.431,1,131.32,0.325,18.69,0.432,1,0.87051
Motorcycle,10.467,1,112.23,0.293,21.47,0.228,0,1.15336
Metro,6.141,1,107.84,0.671,39.78,0.675,0,0.27625
Motorcycle,9.99,1,110.6,0.145,28.12,0.197,1,1.02467
Bus,8.894,1,29.43,0.33,10.24,0.85,1,0.55315
Bicycle,8.04,1,124.91,0.982,33.65,0.576,0,0.01428
Bus,6.772,1,24.01,0.377,25.51,0.245,0,0.48218
Metro,3.406,1,126.93,0.965,24.99,0.199,0,0.13475
Walking,11.897,1,110.36,0.556,30.79,0.951,1,0.00223
Metro,4.891,1,121.26,0.352,10.67,0.075,0,0.19178
Car,4.202,4,4.0,0.885,35.9,0.212,1,0.2552
Car,19.904,3,3.0,0.239,28.61,0.677,0,1.351
Bus,19.462,1,14.36,0.811,27.52,0.379,1,2.5584
Bus,16.049,1,17.87,0.593,16.71,0.596,0,1.72142
Motorcycle,1.411,1,114.81,0.089,14.92,0.352,0,0.15391
Bicycle,9.748,1,139.82,0.778,34.66,0.671,1,0.01769
Metro,10.287,1,124.38,0.43,33.66,0.791,1,0.41214
Bus,6.383,1,17.78,0.779,39.03,0.69,0,0.69799
Bus,2.691,1,34.41,0.865,24.18,0.342,1,0.14567
Bus,28.232,1,25.75,0.414,29.55,0.923,0,2.09527
Metro,13.028,1,126.25,0.371,28.27,0.384,1,0.50383
Motorcycle,3.418,1,109.45,0.311,18.42,0.93,1,0.39978
Metro,12.576,1,127.48,0.414,24.61,0.998,1,0.47986
Motorcycle,2.031,1,130.08,0.527,30.03,0.432,1,0.23069
Walking,14.25,1,131.56,0.296,16.35,0.186,0,0.01992
Walking,17.163,1,129.5,0.522,15.91,0.271,1,0.0
Bus,22.456,1,5.3,0.572,13.2,0.118,0,7.44271
Motorcycle,7.226,1,117.71,0.056,16.74,0.523,0,0.79267
Car,7.696,4,4.0,0.045,23.81,0.888,0,0.38852
Walking,1.248,1,125.13,0.186,16.59,0.861,0,0.00859
Bus,13.747,1,24.8,0.649,20.76,0.592,0,1.03638
Motorcycle,28.723,1,121.63,0.556,16.7,0.708,1,3.32102
Bus,10.055,1,11.72,0.042,16.2,0.969,0,1.41364
Metro,18.187,1,124.85,0.715,29.11,0.504,0,0.74088
Bus,4.35,1,24.82,0.643,28.14,0.888,1,0.32736
Metro,22.948,1,130.27,0.711,37.72,0.605,0,0.9409
Motorcycle,30.54,1,118.54,0.327,18.62,0.821,0,3.6106
Bus,12.263,1,23.21,0.336,15.33,0.843,0,0.92734
Walking,4.396,1,125.39,0.736,26.15,0.471,1,0.0
Walking,6.2,1,111.96,0.708,25.24,0.447,0,0.0
Bus,1.841,1,18.97,0.248,24.04,0.499,0,0.17207
Motorcycle,4.436,1,120.01,0.089,16.5,0.986,0,0.5153
Metro,6.271,1,130.84,0.977,26.54,0.25,1,0.24693
Metro,15.726,1,120.59,0.809,15.6,0.962,0,0.59289
Car,19.597,5,5.0,0.081,37.63,0.222,0,0.78747
Bicycle,19.576,1,111.01,0.705,27.3,0.042,1,0.00713
Walking,16.539,1,116.72,0.462,39.7,0.211,1,0.0
Metro,20.704,1,120.63,0.698,34.84,0.816,0,0.84643
Bicycle,36.171,1,118.42,0.709,28.86,0.728,0,0.0
Walking,12.164,1,123.74,0.687,18.83,0.15,1,0.0
Bicycle,8.473,1,117.99,0.597,13.59,0.241,0,0.0
Walking,20.954,1,113.74,0.038,18.74,0.283,1,0.0
Car,9.989,2,2.0,0.249,37.73,0.669,1,0.98759
Walking,10.415,1,121.75,0.904,38.42,0.098,0,0.0
Bus,9.092,1,13.07,0.466,28.43,0.949,1,1.3722
Metro,4.263,1,114.68,0.918,24.09,1.0,0,0.18485
Bicycle,6.06,1,125.3,0.415,34.81,0.755,0,0.0
Car,3.291,3,3.0,0.265,35.9,0.556,0,0.2242
Walking,34.457,1,119.71,0.981,22.31,0.163,0,0.0
Car,2.561,3,3.0,0.493,38.3,0.232,0,0.17632
Bus,8.993,1,15.34,0.816,12.47,0.358,0,1.11349
Walking,22.95,1,118.75,0.823,18.74,0.223,0,0.01171
Motorcycle,11.384,1,118.05,0.978,18.9,0.999,1,1.48348
Bicycle,11.727,1,129.64,0.05,20.68,0.492,0,0.00887
Metro,4.106,1,115.39,0.698,35.06,0.745,1,0.18413
Walking,24.921,1,116.41,0.598,19.32,0.203,0,0.0
Car,5.294,4,4.0,0.409,15.36,0.14,1,0.27585
Walking,17.003,1,124.7,0.647,36.27,0.724,1,0.0
Bus,3.815,1,18.95,0.133,27.27,0.366,1,0.33985
Bus,2.554,1,27.09,0.51,28.55,0.668,1,0.17462
Walking,2.461,1,124.35,0.839,28.42,0.843,1,0.0
Motorcycle,6.397,1,118.75,0.777,23.03,0.738,0,0.80618
Metro,12.107,1,125.93,0.859,16.38,0.403,1,0.46772
Car,6.21,1,1.0,0.741,31.29,0.402,0,1.3739
Metro,4.771,1,106.34,0.865,26.26,0.152,0,0.21253
Metro,2.055,1,118.37,0.068,36.76,0.349,1,0.07855
Walking,0.981,1,110.67,0.417,34.41,0.784,1,0.01614
Bicycle,9.644,1,124.35,0.259,37.13,0.842,0,0.0
Car,29.064,3,3.0,0.706,34.5,0.428,0,2.11971
Bus,14.697,1,30.64,0.542,33.17,0.955,1,0.86733
Bicycle,13.619,1,122.42,0.141,30.87,0.863,0,0.0
Bus,8.237,1,14.35,0.592,21.27,0.007,1,1.08745
Motorcycle,9.914,1,115.02,0.797,30.12,0.747,0,1.26732
Metro,5.727,1,136.3,0.672,29.32,0.577,1,0.21818
Car,20.04,3,3.0,0.398,19.84,0.854,1,1.47228
Car,8.708,5,5.0,0.573,15.75,0.362,1,0.37424
Bus,17.734,1,23.77,0.531,29.52,0.854,1,1.34452
Motorcycle,7.162,1,108.43,0.002,37.37,0.788,1,0.75687
Car,8.522,2,2.0,0.609,25.69,0.221,0,0.89988
Car,14.697,4,4.0,0.927,34.54,0.152,0,0.87116
Walking,18.063,1,108.65,0.2,35.56,0.013,1,0.00858
Motorcycle,3.508,1,119.09,0.919,32.68,0.633,0,0.4703
Bus,10.395,1,18.81,0.82,37.43,0.227,1,0.99942
Motorcycle,2.328,1,123.78,0.146,22.66,0.18,0,0.25375
Bicycle,8.86,1,116.01,0.146,16.47,0.207,0,0.00163
Bus,29.936,1,11.5,0.199,23.48,0.73,0,4.67421
Metro,12.761,1,109.28,0.734,39.08,0.89,0,0.58308
Walking,3.252,1,131.44,0.78,12.07,0.319,0,0.00431
Walking,17.068,1,132.12,0.831,18.61,0.257,1,0.0
Motorcycle,14.977,1,119.18,0.407,16.13,0.684,0,1.72568
Motorcycle,17.867,1,112.34,0.427,36.63,0.427,1,2.00445
Car,23.3,1,1.0,0.945,18.8,0.649,1,5.52622
Walking,7.735,1,126.14,0.785,11.7,0.618,1,0.01172
Bus,18.286,1,11.61,0.371,25.28,0.083,1,2.81085
Car,24.262,4,4.0,0.321,30.09,0.972,1,1.30898
Walking,12.68,1,118.52,0.54,38.33,0.002,1,0.00148
Metro,6.366,1,111.01,0.524,34.86,0.143,0,0.28005
Walking,11.34,1,130.45,0.7,26.51,0.784,1,0.0
Metro,19.536,1,120.24,0.895,20.91,0.947,1,0.77344
Car,12.939,5,5.0,0.494,32.56,0.538,1,0.58681
Motorcycle,12.772,1,107.63,0.263,30.25,0.465,1,1.37288
Bus,8.765,1,20.27,0.735,21.56,0.302,1,0.81369
Bicycle,11.486,1,112.76,0.252,30.73,0.735,1,0.0011
Car,3.336,1,1.0,0.765,32.67,0.381,0,0.7372
Bus,8.336,1,2.87,0.848,13.59,0.772,1,5.75037
Motorcycle,15.244,1,122.96,0.607,21.34,0.798,1,1.89017
Bicycle,9.086,1,135.13,0.452,30.19,0.533,1,0.01043
Bus,9.995,1,10.4,0.019,16.66,0.31,1,1.62146
Metro,10.227,1,108.71,0.664,22.81,0.311,1,0.46643
Motorcycle,3.746,1,123.75,0.607,34.01,0.844,1,0.47963
Bus,10.769,1,14.82,0.026,29.74,0.966,0,1.21492
Walking,35.012,1,117.38,0.518,39.93,0.483,0,0.0
Motorcycle,6.553,1,126.2,0.792,11.89,0.817,1,0.80984
Car,14.945,3,3.0,0.461,37.61,0.676,0,1.127
Bus,6.535,1,8.78,0.232,12.13,0.31,1,1.26452
Car,31.874,2,2.0,0.42,29.6,0.248,1,3.62995
Bicycle,8.815,1,118.71,0.543,18.73,0.214,1,0.0
Metro,26.795,1,113.85,0.371,24.23,0.64,0,1.2147
Car,15.817,1,1.0,0.518,36.98,0.538,1,3.31495
Walking,10.523,1,113.14,0.544,27.02,0.638,1,0.0021
Motorcycle,11.022,1,123.01,0.264,39.97,0.803,0,1.20641
Bicycle,16.999,1,130.5,0.864,15.08,0.016,0,0.00344
Bicycle,17.52,1,128.33,0.662,29.64,0.716,1,0.0
Metro,12.472,1,115.69,0.511,27.91,0.875,1,0.53117
Bicycle,29.367,1,136.26,0.305,30.8,0.504,0,0.0
Bicycle,23.835,1,119.81,0.683,10.8,0.337,0,0.0
Metro,8.693,1,119.06,0.162,39.42,0.044,1,0.37141
Car,27.088,1,1.0,0.478,26.94,0.025,1,5.59976
Car,5.373,3,3.0,0.988,21.69,0.385,0,0.40814
Motorcycle,12.153,1,114.47,0.192,23.17,0.042,1,1.27564
Bus,3.743,1,12.81,0.651,28.21,0.127,0,0.50018
Bus,25.341,1,21.55,0.902,13.94,0.657,0,2.2911
Motorcycle,4.049,1,106.57,0.136,10.52,0.378,0,0.43746
Bus,7.725,1,33.89,0.557,20.7,0.012,0,0.40307
Car,1.39,2,2.0,0.17,19.65,0.926,1,0.13055
Metro,10.401,1,116.1,0.866,37.38,0.555,0,0.43604
Car,9.181,4,4.0,0.097,23.36,0.944,0,0.46725
Metro,5.762,1,127.53,0.713,19.12,0.388,1,0.21826
Bus,29.871,1,13.97,0.929,33.62,0.195,1,4.11122
Car,10.017,5,5.0,0.539,23.13,0.57,1,0.45757
Bus,10.974,1,25.76,0.009,33.08,0.157,1,0.66778
Bicycle,9.148,1,135.14,0.96,19.79,0.028,0,0.017
Car,7.485,5,5.0,0.632,37.2,0.664,1,0.35125
Walking,14.486,1,129.95,0.937,33.34,0.119,1,0.0
Car,35.238,4,4.0,0.008,18.15,0.331,0,1.80117
Bus,2.685,1,9.3,0.768,33.63,0.363,1,0.53032
Motorcycle,4.731,1,114.91,0.871,32.63,0.486,1,0.56735
Motorcycle,16.944,1,117.43,0.013,15.9,0.835,1,1.85196
Metro,18.967,1,132.64,0.348,35.43,0.939,1,0.73922
Bicycle,15.085,1,126.93,0.956,30.68,0.036,1,0.0
Car,22.665,1,1.0,0.552,13.36,0.118,0,4.73007
Bicycle,6.1,1,119.88,0.73,30.07,0.684,1,0.00901
Bicycle,13.679,1,130.59,0.336,17.17,0.027,1,0.03269
Metro,5.751,1,110.73,0.207,17.74,0.297,1,0.23962
Car,5.333,5,5.0,0.667,19.18,0.191,1,0.24729
Motorcycle,12.158,1,117.78,0.496,13.95,0.193,0,1.39237
Walking,6.874,1,122.95,0.974,30.76,0.236,1,0.01167
Motorcycle,17.133,1,131.72,0.198,33.44,0.076,0,1.7899
Metro,26.701,1,120.51,0.927,37.6,0.493,0,1.11868
Bicycle,13.924,1,125.92,0.424,32.35,0.745,0,0.01027
Bus,15.44,1,16.23,0.549,33.79,0.463,0,1.75021
Walking,14.56,1,115.58,0.204,17.22,0.43,0,0.0
Bus,11.211,1,18.37,0.622,19.53,0.178,0,1.09856
Motorcycle,11.226,1,122.59,0.118,36.12,0.743,1,1.2942
Bus,5.303,1,9.59,0.354,13.67,0.495,1,0.98002
Motorcycle,5.606,1,124.51,0.685,29.15,0.665,1,0.72673
Bicycle,12.166,1,112.28,0.63,11.7,0.386,1,0.0
Bus,7.511,1,17.32,0.643,37.3,0.811,0,0.77022
Motorcycle,6.543,1,124.08,0.7,18.45,0.809,1,0.82631
Metro,11.791,1,131.89,0.402,32.98,0.256,1,0.42065
Bus,16.173,1,21.42,0.324,35.9,0.921,0,1.34847
Walking,19.569,1,119.4,0.32,34.48,0.228,0,0.0
Bus,4.987,1,2.42,0.527,25.06,0.689,1,3.80255
Motorcycle,11.194,1,125.6,0.928,11.8,0.109,0,1.38854
Walking,16.302,1,117.17,0.065,11.48,0.27,0,0.0031
Motorcycle,10.425,1,118.6,0.121,39.66,0.145,0,1.09286
Bus,5.95,1,10.65,0.033,19.64,0.58,1,0.92179
Walking,10.251,1,124.69,0.667,14.48,0.972,0,0.0
Walking,9.637,1,107.67,0.924,15.4,0.357,1,0.00765
Walking,11.673,1,115.05,0.872,23.86,0.982,1,0.00191
Bicycle,15.319,1,102.22,0.058,37.04,0.591,0,0.0
Metro,39.784,1,109.73,0.08,17.42,0.283,0,1.73138
Car,6.148,3,3.0,0.954,32.1,0.673,1,0.47928
Motorcycle,6.964,1,121.67,0.481,16.75,0.467,1,0.78942
Metro,11.975,1,103.12,0.273,28.0,0.029,0,0.55252
Bicycle,20.964,1,114.8,0.453,18.75,0.903,1,0.0
Bus,17.365,1,26.2,0.466,27.6,0.711,1,1.22479
Motorcycle,1.726,1,111.71,0.916,26.97,0.181,0,0.21042
Motorcycle,8.24,1,124.95,0.997,10.83,0.762,0,1.125
Walking,9.591,1,118.09,0.322,16.84,0.647,0,0.00669
Motorcycle,3.338,1,118.25,0.821,39.6,0.342,0,0.38662
Metro,5.18,1,117.91,0.834,13.68,0.78,1,0.23374
Metro,23.107,1,116.87,0.502,23.0,0.146,1,1.00502
Bicycle,26.129,1,119.12,0.441,20.44,0.027,1,0.0
Motorcycle,2.681,1,108.72,0.657,29.5,0.197,1,0.30742
Motorcycle,12.561,1,114.36,0.885,38.31,0.584,1,1.55559
Metro,8.076,1,131.53,0.154,36.83,0.25,1,0.30531
Motorcycle,8.244,1,120.62,0.927,20.98,0.02,1,1.03686
Metro,6.265,1,109.47,0.23,27.75,0.996,1,0.28615
Bus,15.52,1,17.76,0.847,27.46,0.247,1,1.62854
Motorcycle,9.357,1,104.37,0.27,31.88,0.124,0,1.0301
Motorcycle,14.288,1,121.01,0.696,30.5,0.757,0,1.80152
Car,9.326,3,3.0,0.545,34.36,0.793,0,0.69944
Bicycle,3.415,1,111.41,0.587,30.51,0.116,1,0.00049
Bicycle,1.326,1,114.29,0.784,35.34,0.205,0,0.00476
Car,9.423,1,1.0,0.526,35.91,0.816,1,2.10053
Metro,10.118,1,123.83,0.748,36.05,0.206,1,0.39974
Car,2.817,4,4.0,0.253,36.18,0.538,1,0.15462
Metro,3.222,1,127.94,0.753,38.22,0.503,0,0.12366
Metro,10.613,1,107.07,0.067,38.78,0.844,0,0.4614
Car,0.913,5,5.0,0.29,36.51,0.543,1,0.05109
Walking,13.5,1,126.59,0.991,34.38,0.806,1,0.0
Car,10.585,5,5.0,0.651,28.71,0.545,0,0.46692
Motorcycle,10.726,1,122.65,0.109,38.66,0.568,1,1.21973
Walking,6.261,1,115.15,0.735,28.04,0.514,0,0.00648
Walking,12.721,1,109.88,0.563,28.42,0.294,0,0.00179
Bus,12.412,1,16.27,0.823,36.56,0.177,1,1.48583
Metro,10.512,1,116.91,0.08,36.73,0.79,1,0.41626
Bicycle,1.679,1,125.35,0.52,20.76,0.122,1,0.0
Bicycle,5.725,1,118.99,0.205,10.71,0.519,0,0.0
Bicycle,24.379,1,119.28,0.767,36.68,0.239,1,0.0
Metro,8.693,1,133.58,0.776,19.51,0.398,1,0.32191
Walking,5.726,1,118.56,0.524,11.31,0.665,1,0.00694
Bicycle,8.534,1,122.77,0.358,13.06,0.859,1,0.00222
Walking,20.34,1,122.11,0.58,23.65,0.452,1,0.0
Car,6.332,5,5.0,0.218,21.7,0.119,0,0.27382
Walking,3.475,1,126.85,0.843,22.49,0.433,1,0.00319
Motorcycle,9.41,1,125.7,0.033,31.06,0.646,1,0.98989
Walking,3.429,1,121.39,0.201,26.66,0.021,0,0.0
Bicycle,9.089,1,131.52,0.865,26.88,0.23,1,0.0
Bus,7.444,1,14.25,0.165,11.74,0.77,0,0.90635
Bicycle,1.904,1,127.67,0.21,16.01,0.338,1,0.0
Metro,9.4,1,114.46,0.765,19.58,0.983,0,0.40581
Bus,7.467,1,11.19,0.856,39.39,0.215,1,1.31188
Metro,9.141,1,105.26,0.568,25.81,0.676,1,0.43709
Walking,4.475,1,132.73,0.316,27.48,0.189,0,0.0
Metro,4.87,1,126.62,0.123,22.71,0.329,1,0.18582
Bicycle,18.712,1,109.77,0.602,14.26,0.789,0,0.01196
Bus,15.308,1,24.54,0.708,13.6,0.042,1,1.15374
Motorcycle,12.776,1,110.25,0.223,22.24,0.267,0,1.42069
Motorcycle,14.115,1,127.01,0.898,10.01,0.017,0,1.71569
Car,8.787,3,3.0,0.848,12.68,0.077,1,0.65604
Bicycle,19.328,1,110.44,0.022,35.64,0.184,0,0.0
Metro,8.262,1,117.6,0.256,11.25,0.263,0,0.35792
Bus,20.406,1,17.76,0.812,23.92,0.985,0,2.33465
Metro,10.632,1,123.67,0.141,25.81,0.424,0,0.41496
Bus,4.978,1,16.77,0.944,13.19,0.434,0,0.55115
Metro,6.477,1,114.92,0.331,20.2,0.506,0,0.2748
Bicycle,1.501,1,121.44,0.974,29.69,0.463,1,0.0
Bicycle,42.929,1,108.37,0.273,11.59,0.741,0,0.00958
Bus,2.557,1,18.01,0.201,26.02,0.463,1,0.23533
Car,7.745,4,4.0,0.29,19.85,0.834,0,0.41298
Metro,30.023,1,107.88,0.728,13.03,0.056,0,1.34685
Bus,29.232,1,22.38,0.483,12.8,0.006,0,2.30943
Bicycle,1.717,1,113.99,0.935,22.17,0.429,1,0.0
Bicycle,21.793,1,115.21,0.269,26.41,0.377,0,0.0
Bicycle,11.258,1,125.65,0.322,38.04,0.551,0,0.00135
Bus,6.701,1,4.21,0.561,20.83,0.677,0,3.09354
Car,11.09,3,3.0,0.868,36.55,0.23,0,0.84564
Car,23.103,5,5.0,0.208,20.78,0.886,1,0.95366
Motorcycle,8.808,1,129.61,0.226,31.05,0.92,1,0.98305
Car,23.48,5,5.0,0.602,22.81,0.683,1,1.00132
Bicycle,14.55,1,123.58,0.428,20.38,0.694,1,0.01349
Metro,13.626,1,116.05,0.917,14.7,0.64,1,0.54923
Car,18.21,1,1.0,0.931,16.37,0.167,0,4.23174
Bus,12.694,1,17.46,0.027,12.0,0.016,1,1.15272
Metro,12.46,1,124.66,0.893,11.3,0.494,0,0.49024
Car,14.771,5,5.0,0.117,13.3,0.098,1,0.59727
Car,5.191,3,3.0,0.254,22.51,0.894,0,0.35389
Metro,6.908,1,125.94,0.619,18.45,0.52,0,0.26914
Motorcycle,4.463,1,111.38,0.395,22.36,0.716,1,0.51268
Bicycle,12.416,1,130.74,0.033,30.21,0.62,0,0.0
Bicycle,2.304,1,120.26,0.187,25.93,0.712,1,0.0
Motorcycle,10.02,1,126.75,0.615,15.15,0.491,0,1.17699
Bicycle,3.506,1,121.78,0.853,26.71,0.356,1,0.0046
Metro,7.601,1,117.66,0.677,35.13,0.211,0,0.32761
Bicycle,15.751,1,113.05,0.291,25.89,0.643,0,0.0
Walking,14.447,1,122.36,0.294,39.11,0.013,0,0.00268
Bicycle,4.677,1,119.78,0.252,33.89,0.333,0,0.01192
Car,2.721,5,5.0,0.129,26.15,0.124,0,0.1227
Car,16.908,3,3.0,0.287,14.62,0.819,0,1.21519
Metro,16.346,1,123.45,0.565,15.19,0.86,0,0.64736
Motorcycle,5.118,1,124.47,0.481,21.62,0.416,1,0.62761
Metro,9.729,1,110.61,0.869,39.82,0.117,0,0.42895
Walking,3.669,1,119.83,0.935,19.75,0.356,0,0.0
Bicycle,10.7,1,122.82,0.678,24.36,0.673,1,0.0
Walking,13.545,1,133.67,0.862,24.45,0.853,0,0.00918
Bicycle,8.394,1,110.41,0.403,28.44,0.67,0,0.0
Bicycle,1.933,1,109.55,0.68,17.73,0.007,0,0.01187
Bicycle,12.746,1,135.8,0.763,11.42,0.524,0,0.00197
Walking,15.408,1,127.35,0.51,24.1,0.481,0,0.0
Bus,8.723,1,20.51,0.375,25.12,0.743,0,0.77937
Walking,15.468,1,131.72,0.874,37.39,0.858,1,0.01893
Metro,14.89,1,127.83,0.62,39.95,0.169,0,0.57191
Motorcycle,23.129,1,109.66,0.217,35.73,0.426,0,2.49859
Car,26.519,4,4.0,0.592,30.15,0.886,1,1.46508
Bicycle,5.971,1,109.08,0.497,34.32,0.493,0,0.00541
Car,11.9,1,1.0,0.831,19.54,0.569,1,2.79731
Motorcycle,4.875,1,127.12,0.748,18.51,0.262,0,0.59737
Bicycle,5.631,1,108.74,0.812,27.75,0.299,1,0.01091
Metro,19.345,1,117.23,0.599,15.89,0.142,0,0.83265
Metro,2.511,1,124.44,0.323,18.21,0.867,1,0.10138
Motorcycle,8.955,1,104.9,0.879,22.33,0.875,0,1.08941
Bus,14.77,1,19.83,0.644,33.36,0.095,1,1.33841
Bus,24.729,1,20.19,0.471,26.01,0.66,1,2.22564
Walking,19.239,1,126.86,0.548,35.81,0.889,0,0.0
Bicycle,15.074,1,110.54,0.301,21.25,0.936,1,0.0
Metro,17.874,1,119.08,0.685,12.87,0.765,0,0.74478
Motorcycle,9.502,1,113.89,0.932,16.76,0.441,0,1.24522
Car,21.07,2,2.0,0.001,33.74,0.159,1,1.97326
Motorcycle,5.641,1,92.74,0.415,37.73,0.047,1,0.62198
Motorcycle,30.777,1,118.2,0.895,17.85,0.411,0,3.75419
Walking,7.312,1,126.42,0.584,15.11,0.573,0,0.0
Walking,0.677,1,114.02,0.627,24.31,0.047,1,0.0
Motorcycle,19.609,1,119.82,0.446,22.96,0.718,1,2.30543
Bicycle,15.349,1,123.13,0.0,29.19,0.012,0,0.0
Car,18.991,1,1.0,0.356,20.06,0.515,1,4.07717
Car,3.921,4,4.0,0.507,39.62,0.517,1,0.21659
Motorcycle,15.196,1,112.37,0.176,10.72,0.047,1,1.50925
Car,22.364,1,1.0,0.814,16.84,0.828,0,5.08537
Metro,16.393,1,103.71,0.333,14.02,0.377,1,0.80326
Metro,5.553,1,117.3,0.043,15.84,0.342,1,0.22807
Metro,25.689,1,119.74,0.934,11.12,0.868,0,1.04771
Metro,14.335,1,117.98,0.739,32.65,0.29,0,0.58094
Walking,6.854,1,140.35,0.05,13.29,0.303,0,0.00684
Car,24.517,5,5.0,0.002,26.97,0.603,1,0.94453
Motorcycle,22.868,1,128.3,0.104,24.27,0.197,0,2.27726
Metro,9.597,1,125.1,0.688,20.01,0.54,0,0.37746
Walking,39.486,1,125.44,0.784,37.87,0.241,0,0.0
Walking,9.348,1,128.5,0.109,14.86,0.647,1,0.01044
Metro,10.091,1,123.6,0.262,22.95,0.398,0,0.39378
Walking,8.067,1,117.81,0.182,24.77,0.994,1,0.0
Walking,2.824,1,117.81,0.156,33.07,0.342,1,0.0
Walking,10.234,1,108.18,0.463,38.83,0.602,0,0.0
Metro,4.717,1,126.87,0.936,18.1,0.791,0,0.1935
Bicycle,33.573,1,117.97,0.111,12.37,0.024,1,0.0
Bus,20.394,1,24.14,0.681,36.5,0.826,0,1.59055
Bicycle,15.288,1,125.74,0.619,19.99,0.452,0,0.0
Motorcycle,18.363,1,110.18,0.404,29.18,0.286,0,1.97999
Car,5.786,1,1.0,0.161,18.34,0.512,1,1.14412
Metro,3.318,1,109.61,0.522,32.0,0.864,0,0.15547
Motorcycle,11.267,1,119.7,0.569,23.92,0.545,1,1.37128
Bicycle,24.047,1,120.2,0.347,34.54,0.384,0,0.0
Motorcycle,4.973,1,115.0,0.717,21.29,0.09,1,0.59153
Metro,8.229,1,116.61,0.495,12.71,0.526,1,0.3716
Walking,2.932,1,132.82,0.009,25.99,0.985,0,0.0
Bus,5.854,1,22.8,0.952,30.89,0.625,0,0.50848
Walking,14.249,1,104.21,0.682,37.88,0.367,0,0.0208
Metro,6.143,1,113.29,0.102,23.03,0.197,0,0.29046
Bus,27.914,1,17.22,0.623,19.39,0.582,0,3.01203
Motorcycle,10.557,1,122.9,0.39,18.85,0.158,1,1.16552
Bus,4.954,1,21.46,0.173,23.68,0.559,0,0.3937
Bicycle,8.699,1,106.05,0.85,24.24,0.771,1,0.0
Bicycle,0.5,1,127.02,0.825,35.92,0.801,0,0.00566
Motorcycle,6.335,1,134.65,0.957,25.09,0.263,1,0.7395
Car,16.951,5,5.0,0.439,32.65,0.694,1,0.79745
Motorcycle,17.651,1,116.71,0.419,30.21,0.951,1,2.06194
Walking,14.2,1,132.4,0.482,30.12,0.964,1,0.0
Motorcycle,6.272,1,110.54,0.599,11.18,0.377,0,0.80167
Walking,7.016,1,124.66,0.251,38.87,0.775,0,0.0
Motorcycle,25.687,1,124.91,0.661,14.47,0.25,1,2.96492
Car,7.469,3,3.0,0.453,13.11,0.853,0,0.55875
Bicycle,9.035,1,109.41,0.6,12.56,0.217,1,0.0
Metro,14.817,1,123.31,0.485,14.74,0.242,0,0.56151
Bicycle,17.614,1,121.33,0.822,34.32,0.355,0,0.00907
Walking,4.048,1,122.28,0.177,23.33,0.931,1,0.0
Bus,13.527,1,18.23,0.426,32.93,0.214,0,1.24716
Bus,4.82,1,11.69,0.06,13.32,0.513,1,0.67185
Motorcycle,19.887,1,101.94,0.908,13.18,0.077,0,2.36697
Bicycle,26.791,1,111.81,0.419,22.3,0.28,0,0.0
Metro,21.261,1,126.47,0.004,17.12,0.654,1,0.81196
Bus,4.995,1,26.07,0.319,29.18,0.147,0,0.32761
Car,6.727,2,2.0,0.024,26.42,0.854,1,0.66787
Car,9.939,4,4.0,0.814,23.93,0.046,0,0.55115
Motorcycle,4.593,1,122.65,0.171,12.0,0.463,1,0.48508
Metro,13.93,1,109.01,0.495,31.45,0.408,1,0.63833
Walking,7.485,1,123.98,0.857,29.12,0.231,1,0.00391
Bus,6.304,1,15.12,0.289,17.17,0.768,1,0.75359
Walking,2.532,1,135.18,0.983,26.97,0.269,0,0.00433
Car,13.899,1,1.0,0.696,34.31,0.656,1,3.01433
Walking,8.642,1,116.11,0.854,28.45,0.046,1,0.00878
Car,11.308,3,3.0,0.756,15.45,0.65,1,0.85618
Walking,7.663,1,99.41,0.478,18.73,0.026,1,0.00288
Bicycle,10.52,1,126.81,0.662,19.85,0.516,0,0.0
Bus,7.425,1,23.24,0.339,17.78,0.153,0,0.54815
Bicycle,30.968,1,130.87,0.715,21.09,0.749,1,0.0
Metro,50.321,1,108.02,0.998,28.05,0.141,1,2.37915
Car,21.825,3,3.0,0.814,25.88,0.974,1,1.66484
Metro,13.795,1,118.48,0.939,39.29,0.777,1,0.54381
Motorcycle,2.668,1,129.4,0.453,19.67,0.538,0,0.29227
Car,11.494,5,5.0,0.776,35.44,0.891,1,0.56358
Walking,12.498,1,109.44,0.694,19.19,0.032,1,0.0
Bus,3.113,1,22.9,0.842,26.2,0.852,0,0.27788
Walking,3.354,1,116.4,0.794,33.17,0.081,1,0.00792
Bicycle,0.877,1,113.55,0.421,10.63,0.822,1,0.02058
Walking,3.115,1,122.17,0.422,15.73,0.109,0,0.00451
Car,7.052,1,1.0,0.417,17.83,0.902,0,1.55397
Bicycle,7.779,1,117.02,0.854,22.64,0.004,1,0.0
Walking,4.691,1,120.27,0.612,38.18,0.054,1,0.00109
Bus,17.054,1,22.65,0.935,17.69,0.753,1,1.47186
Metro,20.859,1,115.75,0.589,31.61,0.047,1,0.89929
Metro,14.455,1,104.08,0.156,30.67,0.897,1,0.70496
Car,5.159,4,4.0,0.668,13.12,0.979,0,0.2932
Car,11.619,3,3.0,0.896,39.72,0.508,0,0.90284
Bus,2.192,1,18.16,0.649,37.46,0.274,0,0.21172
Metro,11.789,1,117.92,0.165,31.45,0.914,1,0.48255
Car,3.018,2,2.0,0.464,31.85,0.523,0,0.30196
Car,4.068,5,5.0,0.523,22.06,0.261,0,0.20669
Bicycle,6.357,1,131.94,0.287,31.92,0.393,1,0.0
Car,28.726,2,2.0,0.978,36.82,0.98,0,3.52821
Walking,34.779,1,131.71,0.088,28.88,0.9,0,0.0
Bus,3.962,1,21.74,0.645,18.99,0.518,1,0.32223
Car,8.972,1,1.0,0.257,38.89,0.338,0,1.79033
Bus,17.047,1,13.03,0.062,38.7,0.287,0,2.14348
Motorcycle,5.193,1,117.02,0.921,22.28,0.179,0,0.60888
Walking,15.413,1,115.55,0.291,25.54,0.381,1,0.0
Bus,5.463,1,26.07,0.659,11.03,0.342,1,0.3891
Motorcycle,6.76,1,133.47,0.132,25.42,0.267,0,0.71282
Car,5.643,3,3.0,0.739,16.2,0.154,0,0.42975
Bus,15.892,1,26.19,0.463,26.62,0.201,0,1.06741
Walking,14.867,1,124.49,0.646,23.72,0.588,1,0.0
Bus,7.976,1,18.38,0.136,34.34,0.212,0,0.69806
Bus,20.808,1,17.51,0.748,21.91,0.945,0,2.38442
Bicycle,6.974,1,117.86,0.398,26.54,0.398,1,0.0
Metro,8.968,1,104.22,0.88,31.39,0.653,0,0.42838
Bus,16.507,1,2.0,0.472,10.57,0.199,1,14.42444
Motorcycle,11.992,1,114.56,0.712,18.49,0.295,1,1.48317
Metro,34.158,1,129.25,0.382,37.48,0.803,0,1.25556
Bus,6.343,1,20.14,0.345,19.81,0.627,0,0.56887
Bicycle,2.934,1,116.66,0.14,29.44,0.188,0,0.0
Motorcycle,4.645,1,115.08,0.567,12.86,0.124,0,0.52616
Metro,5.305,1,114.82,0.496,12.96,0.235,0,0.22691
Car,8.785,4,4.0,0.474,28.97,0.582,0,0.48429
Motorcycle,21.5,1,122.88,0.294,18.99,0.309,1,2.41302
Car,12.172,5,5.0,0.661,17.16,0.023,1,0.51032
Motorcycle,15.674,1,112.18,0.209,17.91,0.08,1,1.66001
Bicycle,8.309,1,124.14,0.335,16.26,0.44,0,0.01051
Metro,14.467,1,119.27,0.801,18.4,0.039,1,0.60148
Metro,7.011,1,116.31,0.982,22.98,0.948,1,0.28384
Bicycle,3.99,1,129.43,0.351,17.4,0.365,0,0.00202
Bicycle,6.545,1,117.53,0.637,16.67,0.75,0,0.0
Bicycle,5.551,1,127.02,0.445,13.59,0.23,0,0.00353
Bicycle,7.654,1,122.23,0.163,13.2,0.463,0,0.01059
Walking,6.248,1,117.06,0.851,11.99,0.172,0,0.00818
Bus,14.38,1,21.73,0.681,24.62,0.668,1,1.25164
Bicycle,36.778,1,143.71,0.899,18.88,0.882,0,0.0006
Metro,26.311,1,120.07,0.407,30.75,0.971,1,1.02537
Car,21.183,1,1.0,0.69,27.6,0.876,1,4.93896
Motorcycle,11.68,1,118.55,0.513,23.44,0.186,0,1.30693
Walking,3.64,1,120.21,0.482,26.09,0.405,0,0.0
Bus,30.675,1,23.67,0.771,19.34,0.966,0,2.50344
Walking,13.958,1,121.14,0.07,20.33,0.185,0,0.0
Walking,7.405,1,122.35,0.747,14.86,0.952,0,0.00303
Metro,4.311,1,119.58,0.851,33.59,0.035,1,0.17806
Motorcycle,35.476,1,134.1,0.6,24.81,0.867,1,4.33656
Walking,6.058,1,111.57,0.227,25.63,0.839,0,0.0
Walking,22.07,1,124.07,0.125,11.9,0.78,0,0.00274
Metro,3.783,1,117.58,0.65,28.47,0.426,0,0.1614
Car,9.131,4,4.0,0.17,17.96,0.799,1,0.49427
Walking,9.736,1,113.07,0.109,31.29,0.829,1,0.0
Motorcycle,11.399,1,129.18,0.985,17.44,0.209,1,1.4943
Motorcycle,7.271,1,128.42,0.904,29.82,0.969,1,0.9032
Bicycle,3.55,1,122.34,0.358,24.09,0.516,1,0.00186
Bicycle,4.046,1,116.02,0.556,20.8,0.093,1,0.00417
Walking,10.348,1,108.96,0.048,25.47,0.649,0,0.0
Motorcycle,10.676,1,110.56,0.971,15.01,0.891,0,1.42832
Motorcycle,12.152,1,104.15,0.503,32.77,0.735,0,1.47337
Motorcycle,23.05,1,126.9,0.646,24.2,0.459,0,2.74854
Bus,8.55,1,35.63,0.599,34.51,0.923,1,0.45687
Bus,19.228,1,18.16,0.685,31.17,0.838,1,2.02424
Metro,8.541,1,103.13,0.413,17.05,0.839,1,0.41267
Metro,11.796,1,113.92,0.076,32.05,0.717,1,0.47382
Motorcycle,7.364,1,132.54,0.793,25.64,0.17,0,0.95957
Bus,8.071,1,32.29,0.599,21.68,0.183,0,0.45474
Bus,18.571,1,14.82,0.66,23.51,0.558,1,2.34705
Car,51.441,1,1.0,0.213,26.85,0.461,1,10.31311
Metro,14.106,1,114.37,0.059,33.72,0.457,0,0.62403
Motorcycle,8.645,1,122.86,0.689,18.12,0.865,1,1.06843
Walking,14.185,1,124.39,0.439,32.21,0.977,1,0.0133
Bicycle,10.191,1,114.43,0.492,13.07,0.511,1,0.0
Car,7.045,1,1.0,0.372,27.7,0.965,0,1.53546
Motorcycle,11.686,1,121.92,0.005,23.61,0.453,1,1.29595
Walking,12.257,1,116.15,0.148,24.71,0.018,0,0.00673
Bicycle,6.509,1,125.53,0.148,39.92,0.691,1,0.0
Motorcycle,3.905,1,97.04,0.752,36.22,0.064,1,0.44659
Bicycle,9.4,1,114.21,0.605,24.77,0.931,1,0.0123
Car,19.394,5,5.0,0.506,29.12,0.183,1,0.82277
Bicycle,28.445,1,115.0,0.162,15.42,0.762,0,0.00236
Bus,1.032,1,15.77,0.769,12.56,0.572,0,0.1384
Bus,1.099,1,31.88,0.463,26.34,0.731,1,0.06159
Car,27.749,1,1.0,0.613,18.22,0.648,1,6.07903
Bicycle,1.916,1,125.05,0.831,24.99,0.941,0,0.01298
Bus,9.747,1,2.0,0.927,23.19,0.349,0,9.27744
Bus,14.845,1,18.19,0.379,33.9,0.601,0,1.41059
Car,23.147,5,5.0,0.254,20.9,0.552,1,0.95723
Motorcycle,28.264,1,120.62,0.698,21.84,0.756,1,3.51655
Walking,6.742,1,127.03,0.796,33.52,0.683,1,0.0
Bus,3.2,1,22.87,0.924,23.7,0.667,1,0.28551
Metro,36.65,1,114.47,0.812,40.0,0.038,1,1.50759
Metro,13.927,1,116.69,0.172,13.09,0.167,0,0.6228
Walking,9.4,1,109.28,0.23,35.07,0.42,1,0.0
Bus,5.826,1,16.03,0.3,16.05,0.627,0,0.63335
Motorcycle,3.969,1,97.53,0.781,21.15,0.562,1,0.49703
Walking,3.857,1,126.13,0.25,37.83,0.592,1,0.00257
Metro,14.151,1,127.12,0.739,25.94,0.449,1,0.55677
Metro,3.319,1,123.0,0.524,25.28,0.391,1,0.14025
Metro,50.49,1,114.85,0.212,35.81,0.85,0,2.13307
Bus,13.636,1,21.64,0.808,31.08,0.724,0,1.17975
Car,15.015,2,2.0,0.846,33.42,0.158,0,1.68704
Bus,9.259,1,12.23,0.305,34.31,0.024,0,1.28628
Bus,16.101,1,14.04,0.557,11.24,0.001,0,2.02995
Motorcycle,8.417,1,121.28,0.354,14.02,0.103,0,0.92648
Car,8.863,1,1.0,0.389,25.84,0.479,0,1.77469
Motorcycle,13.268,1,137.56,0.846,31.68,0.943,1,1.65293
Motorcycle,9.287,1,138.28,0.433,36.31,0.944,0,1.15541
Metro,5.502,1,121.62,0.07,29.62,0.467,0,0.20907
Motorcycle,13.773,1,131.1,0.552,10.53,0.771,0,1.64186
Motorcycle,8.814,1,118.48,0.835,25.58,0.365,0,1.0559
Motorcycle,2.15,1,111.62,0.353,16.87,0.358,0,0.22936
Bus,10.545,1,22.68,0.364,23.98,0.977,1,0.85557
Bicycle,0.5,1,105.74,0.875,28.47,0.926,0,0.0
Walking,4.927,1,102.39,0.91,34.03,0.367,1,0.0
Motorcycle,3.653,1,119.2,0.149,26.46,0.25,0,0.38363
Walking,2.926,1,115.22,0.299,34.47,0.05,0,0.01674
Bus,13.428,1,9.22,0.514,23.91,0.705,1,2.63042
Bicycle,7.497,1,117.79,0.759,36.61,0.845,0,0.0
Metro,24.612,1,120.99,0.41,36.45,0.789,0,0.99067
Bus,12.565,1,25.16,0.903,16.63,0.786,1,1.01746
Bicycle,8.893,1,113.95,0.847,28.96,0.774,1,0.00131
Metro,8.797,1,129.45,0.876,21.11,0.276,0,0.35022
Bicycle,26.167,1,110.15,0.571,26.45,0.093,0,0.00163
Bus,14.103,1,17.27,0.273,12.03,0.283,1,1.39013
Bicycle,6.201,1,125.2,0.39,16.9,0.322,0,0.0
Walking,9.372,1,127.67,0.059,19.82,0.272,0,0.00548
Car,0.5,1,1.0,0.893,29.54,0.707,0,0.11077
Motorcycle,3.182,1,110.99,0.772,18.61,0.333,1,0.37859
Bicycle,3.987,1,132.21,0.41,30.78,0.514,1,0.01328
Bus,7.56,1,24.55,0.666,37.79,0.736,1,0.57285
Metro,7.34,1,115.04,0.982,16.21,0.397,1,0.30783
Walking,2.581,1,120.2,0.779,30.88,0.588,1,0.0
Bicycle,8.759,1,127.82,0.653,35.59,0.159,0,0.00889
Metro,10.666,1,123.91,0.859,22.59,0.109,0,0.43101
Metro,6.155,1,126.04,0.507,23.69,0.773,1,0.21815
Metro,7.393,1,123.18,0.735,18.77,0.408,0,0.2996
Walking,4.234,1,101.97,0.097,28.92,0.513,1,0.0
Metro,20.24,1,123.28,0.421,28.28,0.552,1,0.82011
Bus,24.24,1,26.0,0.849,10.56,0.737,0,1.79657
Walking,8.594,1,117.91,0.311,37.74,0.421,0,0.00523
Motorcycle,10.42,1,127.31,0.188,30.98,0.35,0,1.16794
Bicycle,27.295,1,129.85,0.168,31.56,0.298,0,0.0
Motorcycle,12.426,1,131.03,0.987,31.33,0.279,0,1.56799
Bus,15.127,1,33.31,0.128,31.86,0.444,1,0.80905
Car,21.338,3,3.0,0.909,30.53,0.994,1,1.69821
Car,13.419,2,2.0,0.679,10.38,0.673,1,1.46967
Car,7.592,3,3.0,0.383,31.39,0.944,1,0.60276
Motorcycle,9.642,1,117.72,0.467,12.53,0.247,1,1.07495
Bus,7.86,1,13.46,0.937,22.82,0.819,1,1.16069
Motorcycle,19.951,1,107.52,0.489,25.07,0.859,0,2.36385
Bus,18.186,1,20.85,0.934,35.99,0.984,0,1.77554
Bicycle,25.969,1,125.6,0.377,30.47,0.085,0,0.0
Metro,5.015,1,106.64,0.572,13.85,0.091,0,0.23147
Bicycle,14.022,1,136.17,0.705,33.0,0.67,1,0.0
Motorcycle,19.757,1,110.34,0.904,15.89,0.214,0,2.40049
Bus,19.477,1,21.03,0.74,31.78,0.245,1,1.7363
Motorcycle,3.144,1,110.83,0.476,20.32,0.646,1,0.36214
Walking,14.372,1,121.42,0.101,23.57,0.66,0,0.00812
Bicycle,11.886,1,116.29,0.607,30.78,0.632,0,0.00752
Motorcycle,4.221,1,130.68,0.889,34.25,0.731,0,0.54276
Car,2.963,5,5.0,0.314,37.55,0.926,0,0.11851
Metro,11.966,1,117.49,0.508,22.91,0.053,0,0.4784
Bicycle,24.357,1,100.69,0.028,16.54,0.917,0,0.029
Metro,11.405,1,121.38,0.883,24.16,0.167,0,0.47156
Motorcycle,18.683,1,124.42,0.686,17.5,0.243,1,2.28539
Walking,3.625,1,98.29,0.426,29.74,0.545,0,0.00282
Bicycle,23.263,1,119.07,0.364,34.4,0.515,1,0.00472
Walking,2.981,1,115.4,0.014,37.65,0.199,1,0.0
Walking,4.689,1,102.69,0.555,35.36,0.893,1,0.01698
Bus,19.926,1,25.72,0.431,24.94,0.183,1,1.41129
Metro,4.182,1,140.88,0.683,17.64,0.265,0,0.13138
Bus,12.729,1,18.13,0.378,21.87,0.806,1,1.28515
Metro,4.971,1,115.01,0.961,14.23,0.808,0,0.21441
Car,12.926,2,2.0,0.663,12.09,0.886,0,1.46466
Bicycle,1.767,1,109.87,0.599,11.53,0.285,1,0.00486
Bus,12.976,1,27.68,0.355,14.54,0.469,0,0.84401
Bus,2.259,1,2.0,0.035,32.24,0.268,0,1.8872
Bicycle,13.155,1,123.75,0.418,20.7,0.506,0,0.0
Bicycle,39.549,1,125.14,0.906,16.29,0.095,0,0.0
Walking,35.967,1,126.51,0.186,36.91,0.05,0,0.00738
Motorcycle,22.479,1,124.39,0.502,39.85,0.674,0,2.77827
Bus,10.003,1,22.36,0.345,11.95,0.629,1,0.79725
Bicycle,7.437,1,111.47,0.452,12.52,0.535,1,0.0
Bicycle,5.141,1,121.92,0.657,31.22,0.971,1,0.0
Bicycle,7.113,1,129.86,0.746,30.65,0.758,1,0.0
Motorcycle,11.775,1,128.32,0.937,10.39,0.995,1,1.49418
Walking,5.019,1,114.19,0.953,26.31,0.344,1,0.0
Car,3.08,5,5.0,0.937,16.0,0.373,0,0.14609
Metro,6.654,1,120.06,0.789,35.17,0.715,1,0.26379
Metro,4.566,1,121.74,0.264,22.11,0.812,1,0.18669
Car,10.775,2,2.0,0.165,33.77,0.471,1,1.0571
Walking,1.774,1,130.34,0.419,15.82,0.562,1,0.0
Bicycle,5.86,1,124.69,0.167,33.52,0.148,0,0.0
Car,11.293,3,3.0,0.766,22.44,0.004,0,0.87271
Car,13.644,1,1.0,0.246,32.66,0.642,0,2.67405
Walking,10.982,1,124.12,0.329,27.98,0.541,0,0.00365
Car,8.299,2,2.0,0.743,10.47,0.232,1,0.91764
Metro,10.816,1,136.69,0.7,22.19,0.564,1,0.39802
Bicycle,16.067,1,123.27,0.674,20.88,0.771,0,0.0
Walking,14.542,1,114.82,0.323,35.85,0.9,0,0.00527
Walking,17.86,1,119.31,0.227,11.05,0.822,0,0.01398
Motorcycle,18.258,1,112.5,0.856,14.4,0.953,0,2.27342
Metro,8.445,1,129.77,0.344,32.19,0.311,0,0.31489
Car,15.515,1,1.0,0.804,36.19,0.603,1,3.4169
Car,8.138,2,2.0,0.037,39.52,0.097,0,0.73832
Bicycle,28.724,1,128.1,0.336,15.12,0.617,1,0.0
Walking,18.263,1,135.9,0.021,10.62,0.252,1,0.0
Car,8.331,3,3.0,0.058,25.91,0.353,0,0.52604
Car,10.206,2,2.0,0.666,31.26,0.555,0,1.19339
Motorcycle,15.1,1,104.27,0.349,23.88,0.134,0,1.70772
Car,19.961,1,1.0,0.823,24.21,0.589,1,4.67111
Motorcycle,9.495,1,130.56,0.128,22.1,0.491,1,1.091
Bicycle,6.612,1,118.68,0.879,26.67,0.48,0,0.01118
Metro,15.915,1,120.95,0.035,34.76,0.302,0,0.64314
Car,0.871,5,5.0,0.82,17.93,0.633,0,0.04092
Walking,6.571,1,119.0,0.543,32.07,0.623,0,0.0
Bus,7.338,1,17.8,0.182,11.92,0.653,0,0.69956
Bicycle,12.789,1,112.66,0.034,21.97,0.825,0,0.0
Bus,8.374,1,20.81,0.065,38.12,0.641,0,0.6696
Metro,0.829,1,116.97,0.6,34.72,0.645,0,0.04735
Bus,17.974,1,7.78,0.174,13.55,0.137,0,3.8861
Car,4.201,2,2.0,0.927,20.29,0.063,0,0.50038
Walking,36.059,1,118.93,0.934,39.92,0.391,1,0.0
Car,5.212,5,5.0,0.942,11.33,0.151,0,0.22573
Metro,14.812,1,104.46,0.965,28.89,0.222,1,0.68128
Bus,1.007,1,25.89,0.789,20.41,0.185,1,0.08326
Bus,5.182,1,21.49,0.621,26.55,0.567,1,0.4536
Car,12.273,3,3.0,0.746,15.87,0.978,1,0.94513
Walking,17.15,1,114.12,0.048,30.63,0.835,1,0.01521
Bus,12.912,1,15.1,0.762,36.6,0.549,0,1.61878
Bus,25.297,1,18.3,0.069,22.89,0.762,0,2.40035
Bicycle,28.374,1,113.75,0.793,31.86,0.856,0,0.00026
Car,6.303,4,4.0,0.402,26.92,0.724,0,0.33325
Bus,3.25,1,30.55,0.495,11.21,0.48,0,0.19
Motorcycle,11.745,1,119.89,0.246,23.3,0.658,1,1.27084
Walking,2.888,1,123.93,0.264,23.0,0.515,0,0.00762
Walking,16.495,1,108.82,0.132,34.7,0.52,0,0.00638
Walking,3.416,1,129.2,0.127,35.2,0.276,0,0.0
Bus,17.413,1,9.45,0.697,14.19,0.224,0,3.37594
Metro,7.061,1,114.43,0.728,39.1,0.757,0,0.3113
Bus,6.44,1,2.0,0.825,26.24,0.952,0,6.42256
Metro,8.09,1,123.63,0.639,15.76,0.414,1,0.32401
Bicycle,18.153,1,121.03,0.305,10.35,0.488,1,0.00559
Bus,1.527,1,24.83,0.523,20.02,0.156,1,0.12014
Walking,8.294,1,102.78,0.837,16.25,0.689,1,0.01188
Bicycle,8.713,1,128.79,0.071,37.35,0.963,0,0.00551
Metro,24.275,1,123.44,0.684,13.31,0.137,0,1.03755
Car,19.044,2,2.0,0.079,28.87,0.019,1,1.82266
Motorcycle,10.952,1,119.71,0.919,24.42,0.272,1,1.39521
Car,11.437,4,4.0,0.268,10.06,0.207,0,0.55329
Walking,8.323,1,116.72,0.827,29.05,0.612,0,0.0
Walking,5.934,1,131.47,0.432,34.57,0.05,1,0.0
Bicycle,18.693,1,115.21,0.167,34.94,0.721,1,0.00303
Motorcycle,15.227,1,127.05,0.786,30.88,0.99,1,1.92706
Bicycle,2.96,1,118.38,0.157,24.84,0.793,0,0.0
Bus,9.455,1,30.9,0.704,25.87,0.252,0,0.56311
Car,9.351,5,5.0,0.494,15.35,0.245,1,0.3968
Bicycle,28.52,1,114.42,0.55,16.77,0.31,1,0.0
Metro,6.895,1,128.25,0.074,15.64,0.0,1,0.26776
Motorcycle,14.615,1,118.49,0.618,34.42,0.029,1,1.60253
Car,15.661,1,1.0,0.563,34.2,0.078,1,3.32507
Walking,18.83,1,129.98,0.815,13.75,0.202,0,0.01741
Bus,2.481,1,5.28,0.006,22.18,0.849,0,0.81713
Car,7.568,5,5.0,0.789,32.7,0.184,0,0.33713
Bicycle,11.044,1,110.32,0.902,15.83,0.55,1,0.0
Walking,14.12,1,131.03,0.221,12.36,0.623,0,0.0
Bus,23.624,1,15.61,0.44,31.61,0.103,1,2.81633
Bicycle,24.862,1,103.24,0.174,35.81,0.206,0,0.0
Motorcycle,18.481,1,122.27,0.82,23.78,0.393,0,2.20252
Motorcycle,6.295,1,131.99,0.613,18.52,0.984,0,0.76129
Motorcycle,6.646,1,124.64,0.274,13.31,0.052,0,0.73121
Motorcycle,9.054,1,113.3,0.992,30.43,0.999,1,1.19572
Car,7.36,4,4.0,0.545,36.13,0.574,0,0.40818
Bus,31.509,1,22.82,0.871,19.29,0.564,1,2.70863
Car,8.554,1,1.0,0.924,27.18,0.188,1,1.94753
Motorcycle,5.995,1,122.61,0.989,12.57,0.739,1,0.78719
Metro,28.467,1,128.77,0.271,18.08,0.828,0,1.12075
Bus,10.294,1,24.52,0.493,37.85,0.495,1,0.7507
Motorcycle,10.871,1,126.47,0.071,23.66,0.599,1,1.15073
Motorcycle,7.532,1,133.41,0.208,39.52,0.835,1,0.85851
Walking,4.162,1,117.11,0.624,15.16,0.418,0,0.01983
Metro,6.367,1,95.78,0.129,30.07,0.89,0,0.32464
Car,18.296,4,4.0,0.872,24.57,0.759,1,1.04436
Car,10.517,4,4.0,0.879,28.89,0.551,1,0.6017
Walking,0.896,1,129.56,0.498,24.81,0.034,1,0.0
Walking,5.825,1,112.66,0.346,27.55,0.735,1,0.0073
Metro,9.176,1,127.4,0.324,34.33,0.936,0,0.35268
Bicycle,4.405,1,116.97,0.395,31.18,0.613,1,0.0
Car,28.264,2,2.0,0.198,12.14,0.207,0,3.10051
Bicycle,2.808,1,116.97,0.651,39.61,0.609,1,0.01141
Walking,32.167,1,132.53,0.224,30.18,0.767,1,0.0
Bicycle,11.675,1,118.85,0.928,11.44,0.665,0,0.01772
Motorcycle,20.114,1,125.47,0.859,23.91,0.564,1,2.45847
Motorcycle,2.555,1,113.66,0.02,16.54,0.85,1,0.26482
Metro,24.777,1,130.86,0.287,15.26,0.277,1,0.95482
Car,5.772,1,1.0,0.75,17.03,0.246,1,1.33124
Bicycle,51.357,1,133.56,0.407,33.64,0.889,1,0.0
Metro,4.091,1,129.07,0.556,31.3,0.424,0,0.14447
Bus,20.421,1,17.75,0.534,35.72,0.084,0,2.06754
Bicycle,9.628,1,131.2,0.015,10.04,0.169,1,0.01096
Walking,10.245,1,136.88,0.438,15.64,0.358,0,0.00349
Motorcycle,6.338,1,127.52,0.196,17.42,0.789,0,0.73225
Motorcycle,15.75,1,120.37,0.448,22.59,0.394,1,1.87522
Walking,9.919,1,123.47,0.775,24.12,0.595,1,0.0
Bicycle,11.114,1,129.94,0.038,13.61,0.042,1,0.0
Metro,8.433,1,121.36,0.145,22.32,0.624,0,0.33944
Motorcycle,10.536,1,117.96,0.558,16.21,0.879,1,1.20972
Walking,20.203,1,119.84,0.0,18.84,0.369,0,0.01531
Bicycle,13.988,1,115.43,0.338,15.16,0.182,1,0.01712
Car,3.785,4,4.0,0.0,38.61,0.013,1,0.20182
Metro,27.998,1,123.89,0.752,23.8,0.627,1,1.06369
Walking,12.735,1,122.85,0.012,13.69,0.097,0,0.00113
Motorcycle,10.071,1,125.53,0.208,20.55,0.562,1,1.10698
Bus,30.39,1,8.45,0.737,34.26,0.865,0,7.01608
Bicycle,14.108,1,118.71,0.39,37.92,0.63,0,0.00542
Motorcycle,4.89,1,127.08,0.165,31.18,0.363,0,0.55639
Motorcycle,14.935,1,121.7,0.878,25.32,0.976,1,1.81934
Bus,10.555,1,11.59,0.197,25.23,0.729,1,1.56691
Motorcycle,7.627,1,136.99,0.038,10.67,0.994,0,0.83457
Metro,20.941,1,113.55,0.635,39.78,0.18,1,0.90144
Metro,6.002,1,107.28,0.057,12.98,0.342,1,0.27083
Metro,8.752,1,118.43,0.041,22.17,0.779,1,0.37044
Bus,19.275,1,35.6,0.779,38.99,0.71,0,1.05104
Metro,18.57,1,134.3,0.08,38.2,0.841,1,0.68614
Metro,15.023,1,131.14,0.521,39.73,0.026,1,0.56209
Motorcycle,1.321,1,111.7,0.338,24.45,0.622,1,0.14911
Bicycle,28.734,1,130.0,0.134,39.17,0.005,0,0.00546
Car,5.076,5,5.0,0.291,38.96,0.219,0,0.19742
Car,10.169,2,2.0,0.795,13.86,0.658,1,1.21063
Walking,12.53,1,136.8,0.776,25.7,0.264,0,0.0
Motorcycle,12.679,1,120.82,0.86,17.27,0.819,1,1.55537
Car,11.592,5,5.0,0.727,21.46,0.178,1,0.50774
Bus,8.511,1,13.03,0.456,17.33,0.955,0,1.2182
Bicycle,12.653,1,103.4,0.884,10.39,0.63,1,0.00825
Motorcycle,8.726,1,140.07,0.751,28.99,0.472,0,1.1038
Walking,8.131,1,123.64,0.608,19.87,0.212,0,0.0
Bus,16.451,1,21.1,0.052,27.02,0.31,1,1.25885
Car,15.033,3,3.0,0.682,38.88,0.285,1,1.14443
Walking,8.445,1,122.59,0.264,31.06,0.265,1,0.0
Bus,8.573,1,12.2,0.866,22.14,0.396,1,1.36865
Bus,13.536,1,16.42,0.388,37.35,0.631,1,1.47813
Bicycle,2.418,1,111.4,0.903,20.54,0.16,0,0.0
Car,8.743,3,3.0,0.825,39.78,0.692,0,0.68644
Metro,6.303,1,108.82,0.007,36.64,0.262,0,0.2846
Motorcycle,2.469,1,110.81,0.688,22.46,0.011,0,0.29065
Motorcycle,8.062,1,106.49,0.24,13.21,0.705,0,0.89803
Car,9.585,3,3.0,0.137,18.32,0.69,0,0.67276
Motorcycle,3.742,1,123.14,0.604,33.44,0.138,1,0.45095
Metro,14.678,1,116.23,0.063,21.38,0.548,1,0.58876
Bus,15.177,1,11.28,0.827,17.23,0.935,0,2.74299
Motorcycle,13.716,1,114.19,0.137,22.83,0.673,0,1.48809
Walking,10.047,1,112.54,0.731,10.02,0.166,1,0.00416
Metro,13.795,1,115.6,0.624,26.3,0.837,0,0.57859
Car,10.852,3,3.0,0.602,13.77,0.192,1,0.79258
Motorcycle,16.771,1,125.91,0.919,18.15,0.366,0,2.06167
Walking,26.679,1,134.23,0.874,14.79,0.037,0,0.00166
Motorcycle,7.719,1,113.87,0.572,31.76,0.807,1,0.95286
Walking,1.447,1,105.35,0.212,17.41,0.849,1,0.00317
Bus,1.404,1,21.85,0.977,18.76,0.512,1,0.12451
Car,4.196,3,3.0,0.017,23.71,0.665,1,0.26459
Metro,2.544,1,124.64,0.356,21.9,0.223,0,0.09533
Bus,6.896,1,15.07,0.761,19.99,0.549,1,0.83978
Metro,31.739,1,117.29,0.195,27.36,0.35,1,1.25202
Metro,4.759,1,111.26,0.923,17.72,0.328,0,0.21513
Motorcycle,2.228,1,120.18,0.093,25.29,0.36,1,0.23252
Metro,12.485,1,109.32,0.6,25.83,0.077,1,0.55018
Metro,10.586,1,128.43,0.656,17.37,0.194,1,0.41315
Car,13.659,4,4.0,0.042,15.82,0.59,1,0.69485
Bicycle,7.884,1,118.25,0.0,22.49,0.543,1,0.01774
Bicycle,12.401,1,119.62,0.817,17.6,0.41,1,0.01251
Car,11.864,4,4.0,0.926,27.12,0.244,1,0.69818
Bus,11.974,1,6.14,0.226,20.12,0.396,0,3.34624
Car,4.9,5,5.0,0.81,29.22,0.238,1,0.23981
Bus,14.966,1,21.76,0.055,32.12,0.787,1,1.10779
Metro,8.303,1,116.68,0.952,33.83,0.276,1,0.36574
Walking,17.26,1,122.45,0.127,26.33,0.181,1,0.0
Bus,10.309,1,15.26,0.927,21.77,0.122,1,1.30075
Bicycle,9.52,1,124.74,0.41,25.05,0.2,1,0.01581
Bicycle,8.82,1,119.38,0.54,34.79,0.916,1,0.0
Motorcycle,11.736,1,103.93,0.629,12.34,0.573,1,1.43061
Walking,15.14,1,110.45,0.399,14.27,0.098,0,0.0
Motorcycle,5.194,1,108.97,0.563,27.78,0.66,1,0.62076
Metro,9.013,1,138.15,0.948,36.02,0.173,0,0.33246
Bus,8.829,1,20.36,0.402,19.95,0.328,0,0.72825
Car,7.863,4,4.0,0.736,39.67,0.317,1,0.42884
Bus,28.682,1,24.86,0.959,37.42,0.38,0,2.30986
Metro,29.587,1,128.18,0.919,33.56,0.933,0,1.14067
Bicycle,9.629,1,124.06,0.649,35.98,0.988,0,0.0
Metro,34.157,1,136.01,0.942,39.12,0.464,1,1.26907
Metro,18.677,1,112.6,0.897,10.68,0.831,0,0.8018
Bus,12.476,1,17.57,0.305,17.75,0.134,0,1.18558
Motorcycle,5.179,1,121.36,0.13,34.21,0.762,0,0.59354
Motorcycle,15.331,1,130.14,0.262,23.83,0.746,0,1.72507
Car,26.586,1,1.0,0.504,25.02,0.507,0,5.87907
Bicycle,3.355,1,130.8,0.047,23.44,0.256,0,0.0
Car,10.97,4,4.0,0.19,38.12,0.697,1,0.57058
Walking,5.425,1,117.97,0.156,34.54,0.945,1,0.00333
Bus,13.21,1,26.66,0.904,17.32,0.25,0,0.97515
Motorcycle,4.522,1,122.09,0.921,38.65,0.856,1,0.58923
Car,6.532,3,3.0,0.519,24.69,0.831,0,0.46141
Bus,13.927,1,30.61,0.916,21.76,0.67,1,0.91474
Car,3.75,4,4.0,0.409,34.7,0.421,1,0.20921
Bicycle,6.962,1,112.86,0.52,31.55,0.867,1,0.0
Bus,29.21,1,19.37,0.912,14.14,0.499,0,2.90904
Walking,0.779,1,124.45,0.353,26.07,0.692,1,0.00021
Metro,17.726,1,118.74,0.154,35.6,0.976,1,0.6945
Motorcycle,12.709,1,115.64,0.791,14.41,0.228,0,1.52438
Metro,20.817,1,124.99,0.081,26.02,0.53,1,0.80257
Walking,12.593,1,118.32,0.336,36.83,0.492,1,0.00473
Motorcycle,18.022,1,117.22,0.805,23.25,0.859,1,2.11745
Car,20.979,5,5.0,0.79,39.22,0.162,1,0.9571
Bus,4.524,1,21.25,0.193,31.22,0.743,0,0.35852
Car,7.067,2,2.0,0.202,20.2,0.596,1,0.71125
Motorcycle,12.157,1,118.75,0.349,39.76,0.937,1,1.38789
Metro,5.155,1,120.17,0.63,29.82,0.374,0,0.19968
Metro,8.44,1,118.87,0.268,14.69,0.035,1,0.34119
Bus,9.692,1,14.75,0.588,13.74,0.406,0,1.17309
Car,10.133,5,5.0,0.388,38.3,0.275,0,0.42055
Metro,3.627,1,129.76,0.822,30.06,0.931,1,0.14181
Bicycle,1.426,1,120.09,0.249,22.19,0.745,1,0.0
Metro,11.795,1,118.99,0.193,33.81,0.522,0,0.46277
Car,6.144,5,5.0,0.791,15.57,0.219,1,0.2815
Bicycle,7.105,1,113.69,0.34,25.51,0.456,1,0.01297
Metro,4.793,1,111.24,0.357,21.25,0.204,0,0.20448
Bus,10.513,1,15.13,0.438,22.95,0.515,0,1.22348
Metro,19.366,1,117.98,0.378,38.93,0.979,0,0.8065
Walking,5.41,1,122.14,0.473,30.91,0.063,1,0.00108
Car,8.201,5,5.0,0.944,34.94,0.001,0,0.38643
Bus,12.722,1,25.59,0.308,17.88,0.097,1,0.90366
Metro,20.859,1,123.27,0.707,19.7,0.509,1,0.84833
Bicycle,29.226,1,117.12,0.001,15.66,0.609,0,0.00253
Car,17.682,1,1.0,0.875,12.71,0.876,0,3.85945
Walking,2.618,1,131.32,0.972,27.74,0.947,0,0.00216
Bicycle,8.398,1,123.44,0.72,32.46,0.355,1,0.02482
Metro,26.974,1,111.96,0.157,14.89,0.124,0,1.18502
Bus,7.964,1,6.23,0.566,34.86,0.476,1,2.30307
Bus,16.15,1,26.55,0.345,33.17,0.922,1,1.07673
Walking,4.678,1,116.5,0.344,12.3,0.429,0,0.00154
Bicycle,11.403,1,131.86,0.36,16.32,0.397,0,0.0
Bicycle,9.92,1,112.52,0.959,33.67,0.902,0,0.01489
Metro,2.853,1,114.62,0.432,13.99,0.812,1,0.12188
Motorcycle,2.401,1,120.26,0.579,14.23,0.235,1,0.27175
Walking,11.113,1,128.06,0.768,11.62,0.381,1,0.0
Metro,9.101,1,106.31,0.629,21.34,0.521,0,0.44187
Bus,2.948,1,2.86,0.499,11.99,0.918,1,1.96178
Bicycle,6.306,1,122.74,0.065,22.42,0.282,1,0.00382
Motorcycle,3.372,1,119.57,0.976,37.2,0.008,1,0.40391
Car,14.837,1,1.0,0.287,32.02,0.241,1,3.16723
Walking,14.992,1,129.05,0.683,30.42,0.498,1,0.0
Bus,8.262,1,18.23,0.778,23.24,0.046,0,0.84029
Walking,24.092,1,124.3,0.801,27.8,0.759,0,0.0
Metro,30.204,1,113.9,0.226,30.55,0.137,1,1.26123
Bus,14.766,1,15.72,0.95,31.21,0.71,1,1.86651
Bus,3.148,1,17.08,0.307,25.98,0.681,1,0.34299
Car,40.583,4,4.0,0.629,23.66,0.813,0,2.28363
Metro,11.53,1,118.76,0.554,22.92,0.75,0,0.50387
Bicycle,19.044,1,117.52,0.209,38.8,0.706,0,0.0
Metro,22.946,1,121.57,0.863,14.1,0.218,1,0.95699
Bus,10.654,1,26.11,0.008,36.62,0.852,0,0.68
Walking,4.408,1,104.31,0.567,29.13,0.732,0,0.00802
Walking,17.466,1,130.44,0.709,32.62,0.519,1,0.02017
Metro,23.302,1,120.8,0.402,32.05,0.177,1,0.96575
Metro,4.588,1,119.83,0.015,31.78,0.844,0,0.1655
Car,11.442,1,1.0,0.444,11.25,0.575,0,2.60353
Metro,5.186,1,124.11,0.035,30.19,0.479,0,0.20903
Motorcycle,2.488,1,120.3,0.082,30.0,0.759,0,0.26466
Walking,23.174,1,121.98,0.003,31.38,0.304,0,0.0
Metro,6.279,1,115.17,0.073,10.72,0.132,1,0.27521
Bus,22.26,1,32.08,0.559,25.23,0.419,0,1.22594
Walking,16.658,1,126.51,0.022,35.71,0.283,1,0.0
Metro,2.644,1,126.39,0.02,19.26,0.379,0,0.10944
Car,13.021,2,2.0,0.383,39.04,0.357,0,1.35694
Metro,9.007,1,125.6,0.761,37.85,0.082,0,0.35054
Walking,4.389,1,105.3,0.408,23.41,0.18,1,0.0
Metro,11.358,1,111.95,0.07,23.14,0.844,0,0.51211
Bus,22.552,1,18.64,0.084,13.79,0.682,1,1.98467
Bicycle,6.716,1,125.39,0.202,15.05,0.768,1,1e-05
Bicycle,7.339,1,117.7,0.612,33.46,0.112,1,0.01393
Bicycle,10.959,1,115.62,0.162,12.66,0.923,1,0.0
Car,18.992,3,3.0,0.271,15.79,0.391,0,1.38809
Car,5.506,3,3.0,0.176,33.17,0.575,0,0.37958
Bicycle,6.42,1,120.64,0.36,23.61,0.861,1,0.0
Motorcycle,25.59,1,121.62,0.91,21.01,0.846,1,3.2508
Motorcycle,14.796,1,122.51,0.3,31.32,0.179,0,1.63544
Metro,24.749,1,125.16,0.131,10.08,0.131,1,0.97988
Walking,33.294,1,130.36,0.987,29.96,0.021,1,0.00229
Motorcycle,24.6,1,111.77,0.698,18.37,0.668,0,3.08372
Motorcycle,5.352,1,117.72,0.352,25.55,0.439,0,0.61991
Metro,3.336,1,126.57,0.79,10.52,0.321,1,0.13113
Motorcycle,2.414,1,119.23,0.622,16.52,0.024,1,0.295
Motorcycle,7.792,1,129.82,0.289,18.04,0.862,0,0.92788
Walking,1.649,1,113.16,0.175,19.29,0.659,1,0.01736
Bicycle,8.62,1,115.39,0.737,28.1,0.42,1,0.0
Bus,1.913,1,17.89,0.719,25.33,0.082,1,0.18522
Bicycle,5.773,1,117.28,0.879,24.0,0.296,1,0.00171
Metro,12.66,1,124.33,0.332,14.95,0.681,0,0.49806
Walking,25.964,1,115.73,0.651,12.08,0.143,0,0.0
Metro,3.649,1,122.73,0.795,27.32,0.311,0,0.14955
Bus,13.449,1,30.87,0.521,38.83,0.232,1,0.74665
Bus,10.553,1,27.01,0.367,21.26,0.48,0,0.62964
Metro,47.48,1,122.46,0.779,29.61,0.714,1,1.88438
Walking,14.164,1,128.71,0.782,36.54,0.271,0,0.00977
Walking,11.145,1,109.27,0.387,20.67,0.941,0,0.00667
Car,11.459,3,3.0,0.361,29.98,0.064,0,0.75016
Bus,7.505,1,20.18,0.944,16.65,0.378,0,0.72118
Bicycle,18.542,1,119.09,0.161,10.06,0.41,1,0.00393
Motorcycle,48.348,1,114.19,0.036,31.24,0.826,0,4.97919
Bus,11.781,1,24.1,0.712,10.43,0.309,0,0.89358
Walking,7.526,1,123.73,0.925,21.7,0.192,0,0.0
Car,8.718,4,4.0,0.314,33.78,0.84,1,0.43662
Metro,6.117,1,116.66,0.802,22.56,0.098,1,0.26381
Bus,3.575,1,14.69,0.463,35.41,0.854,1,0.44795
Car,26.406,1,1.0,0.409,32.99,0.074,0,5.45006
Motorcycle,10.697,1,125.09,0.95,13.91,0.343,1,1.29514
Motorcycle,4.988,1,116.57,0.67,10.93,0.96,0,0.60753
Car,18.816,4,4.0,0.818,26.96,0.313,0,1.03917
Walking,20.018,1,131.46,0.54,35.74,0.074,1,0.00104
Bicycle,22.411,1,124.64,0.805,39.11,0.715,1,0.0
Bus,4.031,1,10.28,0.882,36.27,0.081,0,0.75281
Motorcycle,6.371,1,119.33,0.346,22.75,0.3,0,0.67998
Walking,4.538,1,113.39,0.181,18.8,0.668,0,0.0
Walking,10.547,1,115.21,0.754,36.08,0.996,1,0.00525
Motorcycle,6.823,1,110.32,0.528,31.6,0.962,1,0.80439
Car,4.013,3,3.0,0.726,21.41,0.1,0,0.27518
Bicycle,10.597,1,129.81,0.383,34.65,0.385,1,0.0
Bus,9.012,1,21.05,0.053,26.23,0.498,0,0.71338
Bicycle,22.373,1,118.94,0.338,21.29,0.859,0,0.0
Motorcycle,10.557,1,107.51,0.83,15.55,0.732,0,1.28102
Bus,9.123,1,12.2,0.618,35.77,0.031,1,1.28314
Bicycle,24.212,1,123.27,0.702,27.02,0.335,1,0.01725
Metro,5.673,1,103.25,0.367,29.84,0.334,0,0.2587
Metro,13.064,1,106.9,0.858,28.43,0.266,0,0.60102
Metro,4.713,1,122.15,0.499,35.98,0.391,1,0.20084
Walking,7.117,1,118.32,0.347,16.59,0.983,0,0.02112
Car,13.897,1,1.0,0.327,26.02,0.636,0,3.0227
Walking,6.147,1,124.02,0.721,21.9,0.945,1,0.00872
Metro,16.89,1,140.39,0.142,25.27,0.342,1,0.62359
Car,4.872,3,3.0,0.154,28.4,0.739,0,0.345
Bicycle,5.279,1,113.06,0.199,36.71,0.144,0,0.00376
Metro,13.67,1,106.5,0.7,16.45,0.023,0,0.65321
Bicycle,12.183,1,116.72,0.465,38.74,0.909,1,0.01885
Car,16.984,2,2.0,0.957,33.9,0.449,0,1.93132
Car,12.628,2,2.0,0.354,29.32,0.636,1,1.35656
Motorcycle,7.066,1,116.21,0.105,12.55,0.268,1,0.70921
Bus,7.907,1,11.78,0.56,20.29,0.857,0,1.23218
Motorcycle,13.347,1,121.09,0.871,19.83,0.962,0,1.72163
Motorcycle,18.026,1,124.17,0.628,28.5,0.416,1,2.15877
Walking,4.649,1,125.97,0.324,16.09,0.389,1,0.0
Car,6.914,2,2.0,0.707,17.41,0.478,0,0.80741
Bicycle,17.018,1,98.36,0.61,26.14,0.752,0,0.00483
Car,10.507,2,2.0,0.633,36.01,0.515,0,1.19009
Car,3.851,4,4.0,0.197,34.59,0.253,1,0.19463
Metro,12.942,1,133.21,0.655,18.52,0.304,1,0.47207
Car,16.784,1,1.0,0.081,37.91,0.296,0,3.27668
Motorcycle,5.374,1,128.15,0.742,25.7,0.595,1,0.66996
Bus,4.541,1,15.62,0.675,22.77,0.849,1,0.55767
Car,27.393,4,4.0,0.03,33.11,0.96,0,1.48738
Walking,22.639,1,113.91,0.002,28.84,0.948,1,0.00164
Metro,13.348,1,114.66,0.853,22.48,0.684,0,0.58152
Walking,5.47,1,116.42,0.042,18.11,0.015,1,0.0
Motorcycle,7.631,1,108.42,0.671,34.63,0.367,0,0.89601
Metro,9.917,1,128.85,0.788,34.13,0.843,0,0.3813
Bicycle,16.44,1,121.03,0.642,28.59,0.558,1,0.00588
Walking,2.664,1,127.96,0.046,21.34,0.151,1,0.00315
Walking,8.821,1,112.66,0.646,38.64,0.063,0,0.00452
Motorcycle,13.333,1,128.82,0.39,23.95,0.988,1,1.53849
Bicycle,5.795,1,122.99,0.863,15.71,0.545,0,0.02573
Bicycle,9.113,1,110.63,0.281,33.93,0.714,0,0.00237
Motorcycle,15.133,1,113.08,0.87,24.2,0.006,1,1.73365
Bicycle,27.199,1,132.8,0.358,20.66,0.579,0,0.0056
Walking,12.166,1,126.12,0.18,32.34,0.783,1,0.0
Bicycle,14.275,1,125.32,0.864,31.01,0.966,1,0.01477
Motorcycle,15.501,1,119.93,0.997,27.03,0.587,1,1.9481
Bicycle,1.83,1,113.16,0.241,30.0,0.377,0,0.0
Motorcycle,6.501,1,126.54,0.328,31.55,0.794,1,0.73733
Bus,7.549,1,17.38,0.771,16.62,0.025,0,0.79712
Car,8.114,4,4.0,0.202,16.65,0.806,1,0.4174
Bicycle,20.508,1,108.0,0.136,14.98,0.982,1,0.00953
Metro,9.865,1,106.87,0.15,13.07,0.303,1,0.44874
Walking,4.016,1,127.56,0.884,21.28,0.551,1,0.00363
Bicycle,13.82,1,124.77,0.304,21.82,0.874,0,0.0
Motorcycle,11.277,1,111.13,0.093,17.65,0.655,1,1.24128
Motorcycle,27.161,1,118.42,0.136,30.63,0.121,0,2.84772
Bicycle,18.248,1,112.21,0.975,23.61,0.383,1,0.01933
Motorcycle,15.079,1,121.58,0.057,35.55,0.528,1,1.62233
Metro,18.662,1,115.29,0.547,17.91,0.593,1,0.83993
Bus,17.74,1,7.15,0.734,11.85,0.696,1,4.85336
Car,7.942,2,2.0,0.436,18.64,0.469,0,0.87183
Walking,10.725,1,117.91,0.623,35.45,0.73,0,0.00947
Metro,22.021,1,110.69,0.815,16.8,0.312,0,1.0534
Bicycle,16.619,1,120.24,0.731,29.81,0.708,1,0.00828
Car,32.123,2,2.0,0.146,29.3,0.956,0,3.20592
Bus,3.266,1,26.16,0.083,11.43,0.454,1,0.22629
Bus,7.376,1,36.84,0.171,11.24,0.706,0,0.34998
Car,17.216,4,4.0,0.846,29.37,0.403,0,0.98751
Bus,3.636,1,10.29,0.638,10.96,0.111,1,0.6071
Car,17.95,4,4.0,0.849,25.73,0.64,1,1.07375
Metro,21.414,1,133.96,0.842,21.24,0.014,0,0.79711
Car,26.433,5,5.0,0.691,19.7,0.522,1,1.16065
Walking,7.917,1,130.65,0.841,21.46,0.889,0,0.0
Walking,5.888,1,128.03,0.399,36.14,0.548,1,0.0
Walking,11.663,1,128.14,0.871,27.18,0.279,0,0.0
Motorcycle,10.021,1,115.46,0.079,13.95,0.926,0,1.06351
Car,14.001,4,4.0,0.747,11.97,0.299,1,0.78078
Motorcycle,7.013,1,120.09,0.591,25.53,0.276,1,0.83818
Bus,8.04,1,4.65,0.824,15.24,0.02,1,3.07742
Motorcycle,13.373,1,128.71,0.477,29.62,0.563,1,1.54852
Metro,12.982,1,123.02,0.486,25.54,0.932,1,0.50506
Car,7.177,3,3.0,0.572,30.67,0.52,0,0.54126
Bicycle,1.701,1,114.1,0.696,10.52,0.45,0,0.00245
Bicycle,12.709,1,118.71,0.295,30.02,0.767,1,0.0
Motorcycle,18.548,1,124.44,0.341,38.76,0.443,1,2.13359
Bicycle,8.981,1,128.1,0.384,33.62,0.756,1,0.0
Walking,10.281,1,116.76,0.906,33.93,0.921,1,0.0
Walking,15.114,1,122.1,0.18,23.77,0.522,0,0.0
Motorcycle,3.057,1,116.07,0.254,36.43,0.152,0,0.33638
Bicycle,6.22,1,122.85,0.364,30.78,0.436,0,0.0
Car,21.416,5,5.0,0.288,25.34,0.345,1,0.91691
Bus,9.226,1,23.19,0.235,16.64,0.368,0,0.6673
Metro,3.196,1,143.29,0.224,28.14,0.532,1,0.1036
Bus,2.862,1,12.2,0.721,17.68,0.266,0,0.44504
Bicycle,6.041,1,102.65,0.634,31.84,0.721,0,0.0
Car,28.063,2,2.0,0.104,39.69,0.134,1,2.81433
Bicycle,9.784,1,131.38,0.378,39.66,0.774,1,0.0
Bicycle,7.971,1,127.15,0.113,27.67,0.757,0,0.0
Car,1.092,3,3.0,0.044,16.66,0.446,0,0.0676
Bicycle,3.144,1,131.73,0.159,12.04,0.203,1,0.01048
Motorcycle,15.264,1,123.22,0.25,17.07,0.143,1,1.72822
Bicycle,5.379,1,107.28,0.823,11.25,0.367,0,0.00438
Metro,34.592,1,127.19,0.836,17.41,0.473,1,1.34913
Car,8.93,1,1.0,0.433,28.25,0.732,1,1.88042
Bus,6.928,1,23.12,0.629,18.47,0.804,0,0.60386
Car,21.204,5,5.0,0.541,33.38,0.738,0,0.92021
Car,13.303,4,4.0,0.863,21.03,0.218,1,0.71192
Metro,2.475,1,103.93,0.001,23.44,0.882,0,0.11577
Metro,7.55,1,131.71,0.22,30.95,0.249,0,0.26292
Bus,33.414,1,24.71,0.183,38.64,0.316,0,2.18828
Motorcycle,10.628,1,129.82,0.004,15.13,0.774,0,1.11479
Car,9.269,5,5.0,0.622,15.05,0.012,0,0.39531
Walking,1.861,1,126.29,0.524,24.33,0.851,0,0.01205
Motorcycle,13.794,1,119.8,0.274,23.43,0.061,1,1.34128
Motorcycle,21.574,1,109.14,0.895,29.53,0.325,1,2.58516
Walking,4.551,1,115.02,0.883,25.0,0.632,0,0.0
Motorcycle,17.288,1,126.77,0.05,22.64,0.284,1,1.75611
Walking,9.717,1,119.4,0.362,33.61,0.848,1,0.00828
Bus,5.005,1,17.41,0.135,22.87,0.242,0,0.46619
Motorcycle,3.244,1,131.26,0.449,11.65,0.439,0,0.3703
Car,12.257,3,3.0,0.001,25.35,0.201,0,0.74775
Car,5.92,5,5.0,0.712,28.97,0.828,0,0.26487
Metro,4.387,1,128.9,0.94,27.51,0.331,1,0.18615
Motorcycle,17.061,1,114.65,0.762,27.95,0.01,0,2.07493
Bus,3.953,1,18.35,0.215,23.55,0.876,1,0.37959
Bicycle,1.981,1,126.89,0.217,29.31,0.408,1,0.0144
Metro,14.509,1,126.08,0.586,15.97,0.614,0,0.54247
Walking,4.092,1,114.35,0.882,10.48,0.636,0,0.0
Bus,15.445,1,12.29,0.041,27.3,0.415,1,2.10816
Car,12.32,3,3.0,0.798,39.06,0.401,0,0.9111
Bus,7.168,1,41.68,0.488,37.87,0.456,1,0.30878
Bus,6.191,1,32.73,0.796,14.64,0.876,0,0.36032
Bicycle,3.959,1,123.44,0.067,18.49,0.787,1,0.01026
Car,3.6,4,4.0,0.37,36.54,0.249,1,0.18475
Bicycle,23.036,1,113.77,0.121,34.11,0.309,0,0.00487
Motorcycle,15.476,1,122.56,0.266,21.99,0.241,0,1.71722
Car,20.382,2,2.0,0.073,19.05,0.075,0,1.98979
Bus,8.455,1,23.23,0.475,34.43,0.566,1,0.64045
Motorcycle,1.713,1,133.01,0.208,21.46,0.323,0,0.19514
Metro,14.193,1,107.5,0.174,30.08,0.374,1,0.6463
Walking,7.176,1,125.93,0.52,31.09,0.492,1,0.00495
Motorcycle,15.549,1,123.49,0.037,17.77,0.791,1,1.73974
Metro,11.177,1,123.64,0.942,18.36,0.82,0,0.44756
Metro,30.6,1,126.91,0.955,33.49,0.467,1,1.2362
Bus,4.535,1,31.44,0.868,10.72,0.869,0,0.2811
Metro,9.696,1,130.29,0.086,35.54,0.983,1,0.35578
Walking,10.303,1,113.15,0.679,39.67,0.484,1,0.0
Bus,11.78,1,21.31,0.585,10.48,0.51,1,1.06826
Car,9.174,2,2.0,0.898,26.01,0.928,1,1.12301
Bicycle,13.799,1,128.34,0.135,38.05,0.489,1,0.00692
Car,1.997,4,4.0,0.403,14.02,0.195,1,0.10371
Bicycle,4.098,1,109.29,0.097,26.45,0.036,0,0.00052
Motorcycle,18.373,1,128.36,0.727,20.78,0.985,1,2.35586
Car,14.467,5,5.0,0.841,30.09,0.385,1,0.69186
Bus,14.504,1,24.32,0.328,23.47,0.177,1,1.07925
Motorcycle,24.142,1,123.47,0.626,38.58,0.395,1,2.90251
Bicycle,21.545,1,111.31,0.864,11.6,0.907,1,0.0143
Car,26.573,4,4.0,0.909,28.89,0.596,1,1.5973
Motorcycle,11.533,1,125.98,0.111,23.67,0.592,0,1.22559
Car,4.476,2,2.0,0.285,33.4,0.588,1,0.48392
Walking,6.3,1,114.59,0.216,32.29,0.997,1,0.0
Walking,9.062,1,109.18,0.357,15.35,0.356,1,0.00505
Motorcycle,31.994,1,119.64,0.164,26.97,0.882,0,3.64144
Bicycle,21.678,1,123.47,0.5,29.99,0.376,0,0.0096
Car,14.169,5,5.0,0.452,14.71,0.805,1,0.63603
Car,14.5,1,1.0,0.353,32.73,0.79,1,3.04869
Bus,17.651,1,18.17,0.607,38.36,0.929,1,1.88518
Bus,23.35,1,26.74,0.466,11.85,0.722,0,1.50034
Walking,7.517,1,117.03,0.979,32.24,0.126,1,0.00248
Car,31.671,1,1.0,0.126,39.68,0.264,1,6.51188
Motorcycle,13.195,1,123.66,0.065,20.85,0.79,1,1.5098
Bicycle,8.395,1,115.3,0.229,25.53,0.241,0,0.0
Car,8.69,5,5.0,0.608,28.83,0.618,1,0.39078
Motorcycle,12.029,1,122.23,0.271,37.44,0.884,1,1.29743
Bicycle,1.124,1,126.65,0.727,25.62,0.546,0,0.02203
Bicycle,5.362,1,112.84,0.382,18.65,0.893,0,0.0
Motorcycle,5.816,1,125.71,0.578,13.68,0.976,0,0.68813
Metro,10.242,1,114.49,0.423,24.2,0.536,0,0.42992
Bicycle,10.427,1,125.29,0.678,39.11,0.398,0,0.0
Bicycle,15.42,1,132.43,0.842,38.71,0.469,0,0.01446
Bicycle,11.281,1,116.39,0.578,35.85,0.287,1,0.0035
Car,7.939,4,4.0,0.217,29.26,0.731,1,0.40649
Bicycle,6.17,1,112.98,0.45,39.98,0.549,1,0.00536
Walking,8.51,1,115.86,0.117,26.8,0.307,1,0.0
Car,8.576,1,1.0,0.611,16.38,0.91,0,1.96012
Motorcycle,3.545,1,134.79,0.717,19.01,0.973,0,0.44395
Metro,33.388,1,127.71,0.417,39.54,0.145,0,1.32436
Car,14.396,5,5.0,0.361,12.61,0.792,0,0.6066
Bus,1.728,1,23.48,0.559,33.92,0.104,1,0.11724
Bicycle,13.62,1,133.45,0.235,20.81,0.924,1,0.00825
Bicycle,7.882,1,114.62,0.942,21.91,0.562,1,0.0
Motorcycle,10.772,1,124.11,0.05,29.43,0.677,1,1.19656
Motorcycle,6.199,1,130.29,0.798,16.81,0.919,0,0.76725
Bus,2.766,1,4.61,0.063,28.79,0.751,0,1.01437
Bicycle,7.054,1,105.89,0.971,12.09,0.678,0,0.0
Bus,2.356,1,25.36,0.854,30.16,0.074,1,0.16957
Bus,13.445,1,17.96,0.591,26.69,0.97,1,1.46149
Bus,15.83,1,17.61,0.934,27.65,0.256,0,1.67876
Car,9.898,4,4.0,0.911,37.78,0.799,0,0.60322
Motorcycle,4.971,1,118.49,0.668,11.02,0.138,0,0.5828
Car,2.942,1,1.0,0.357,10.28,0.463,0,0.6159
Bus,21.077,1,35.14,0.283,32.76,0.698,0,1.05608
Bicycle,3.967,1,118.86,0.948,13.26,0.267,1,0.0212
Motorcycle,4.823,1,110.5,0.311,34.44,0.99,1,0.56983
Motorcycle,4.106,1,112.45,0.351,24.11,0.136,0,0.47158
Walking,9.525,1,118.58,0.921,29.79,0.504,1,0.0
Bicycle,12.173,1,115.37,0.389,28.7,0.223,1,0.0
Bus,15.568,1,10.35,0.885,21.89,0.475,0,2.88834
Bus,8.317,1,31.81,0.676,26.24,0.435,1,0.49416
Motorcycle,1.773,1,110.67,0.575,33.94,0.466,1,0.19694
Motorcycle,18.844,1,120.75,0.428,29.82,0.288,1,2.09438
Motorcycle,4.17,1,117.14,0.245,20.79,0.273,0,0.44565
Bus,5.479,1,8.71,0.163,18.89,0.109,1,1.00971
Bicycle,9.619,1,124.17,0.128,36.44,0.33,0,0.0
Walking,4.266,1,133.94,0.162,32.88,0.845,0,0.0
Car,13.014,2,2.0,0.138,23.12,0.013,1,1.29949
Bicycle,8.509,1,128.62,0.041,22.15,0.467,1,0.00497
Bus,3.388,1,30.07,0.358,26.05,0.848,1,0.20252
Bus,7.289,1,6.55,0.853,33.05,0.383,0,2.18185
Motorcycle,14.61,1,129.44,0.506,21.52,0.772,1,1.78237
Metro,15.323,1,132.4,0.092,25.29,0.528,1,0.61715
Car,8.427,3,3.0,0.329,26.33,0.74,0,0.60979
Bus,6.456,1,13.74,0.826,13.03,0.044,0,0.83875
Walking,7.798,1,122.47,0.352,27.44,0.048,0,0.00676
Bus,6.082,1,13.16,0.328,35.53,0.586,1,0.82369
Metro,17.829,1,122.58,0.299,10.27,0.963,0,0.72293
Bicycle,4.014,1,104.64,0.509,16.2,0.856,0,0.0
Car,12.295,3,3.0,0.084,35.28,0.861,0,0.84676
Motorcycle,11.915,1,117.7,0.359,36.68,0.892,0,1.38471
Walking,4.54,1,125.15,0.632,13.12,0.043,0,0.0
Car,20.541,1,1.0,0.514,34.49,0.815,0,4.73681
Metro,8.935,1,128.8,0.74,32.13,0.242,1,0.34865
Metro,14.125,1,121.07,0.106,38.4,0.164,0,0.59271
Walking,6.554,1,117.88,0.666,30.05,0.457,1,0.01521
Bicycle,1.727,1,112.56,0.377,15.45,0.709,1,0.00666
Bus,32.34,1,28.93,0.094,38.02,0.064,0,1.89133
Walking,6.914,1,122.34,0.916,38.07,0.864,0,0.0
Car,6.294,3,3.0,0.485,21.94,0.094,1,0.4294
Bus,8.179,1,19.56,0.026,11.19,0.808,1,0.72843
Car,13.547,4,4.0,0.635,32.7,0.226,0,0.73575
Walking,6.455,1,122.19,0.768,20.84,0.645,1,0.00805
Walking,11.45,1,125.79,0.404,19.92,0.443,1,0.0
Car,9.322,5,5.0,0.682,14.91,0.051,0,0.40433
Walking,11.492,1,125.59,0.765,25.76,0.257,0,0.0
Car,6.56,3,3.0,0.419,18.08,0.286,0,0.4567
Bicycle,3.591,1,121.18,0.399,23.8,0.964,0,0.0
Bus,17.175,1,19.6,0.661,36.68,0.284,0,1.5845
Bus,17.403,1,29.96,0.49,35.39,0.478,0,1.10973
Metro,3.908,1,116.79,0.183,36.0,0.241,1,0.1552
Motorcycle,3.518,1,140.27,0.038,15.44,0.3,1,0.3806
Motorcycle,23.207,1,114.77,0.578,23.0,0.376,0,2.63803
Metro,15.793,1,114.96,0.931,29.35,0.767,0,0.69733
Motorcycle,5.311,1,131.0,0.616,26.08,0.128,1,0.59227
Bicycle,2.635,1,117.89,0.64,35.87,0.622,0,0.00713
Car,19.001,1,1.0,0.488,17.75,0.335,0,4.13735
Bicycle,9.724,1,119.21,0.824,13.22,0.986,1,0.0
Walking,10.47,1,128.85,0.91,15.06,0.868,1,0.00595
Metro,3.156,1,110.1,0.736,22.83,0.427,0,0.13734
Motorcycle,16.173,1,120.34,0.731,39.69,0.811,1,1.96148
Car,11.289,1,1.0,0.492,35.34,0.814,0,2.43975
Bus,16.113,1,21.49,0.205,39.63,0.212,0,1.3084
Motorcycle,12.552,1,127.91,0.297,36.1,0.735,1,1.39053
Bicycle,11.949,1,109.42,0.028,16.93,0.757,0,0.0
Motorcycle,3.89,1,115.61,0.363,21.42,0.396,0,0.44994
Walking,2.721,1,121.58,0.804,27.61,0.362,1,0.0
Car,21.821,3,3.0,0.63,33.64,0.036,1,1.48872
Bicycle,2.596,1,108.72,0.758,22.38,0.576,1,0.0
Bus,9.848,1,18.21,0.649,22.0,0.821,0,1.04708
Bus,13.508,1,11.54,0.629,35.47,0.374,0,2.27356
Bicycle,9.786,1,123.8,0.268,29.7,0.544,0,0.00943
Metro,5.627,1,123.51,0.097,20.06,0.293,1,0.2185
Metro,6.084,1,120.08,0.633,30.97,0.798,0,0.23506
Bus,9.439,1,11.78,0.335,10.83,0.179,0,1.30384
Bus,11.769,1,17.68,0.128,33.5,0.842,1,1.22821
Bicycle,2.991,1,111.72,0.007,16.65,0.083,1,0.0
Walking,10.074,1,120.38,0.401,38.34,0.959,0,0.0
Bicycle,0.5,1,107.65,0.637,31.48,0.962,1,0.0
Walking,12.296,1,107.52,0.553,14.99,0.358,1,0.0
Metro,7.394,1,117.99,0.312,26.11,0.367,1,0.30506
Bus,9.076,1,26.45,0.281,16.42,0.767,1,0.59952
Car,31.437,2,2.0,0.578,29.23,0.972,0,3.55524
Motorcycle,6.553,1,118.22,0.368,19.59,0.57,0,0.75424
Car,13.893,2,2.0,0.721,20.52,0.242,1,1.54846
Car,3.954,1,1.0,0.471,29.44,0.92,0,0.83456
Motorcycle,4.296,1,125.18,0.54,14.0,0.097,1,0.49273
Metro,2.012,1,109.35,0.906,37.72,0.232,1,0.10274
Bus,6.762,1,19.41,0.15,34.48,0.209,1,0.5814
Walking,29.442,1,122.67,0.143,11.06,0.085,1,0.0058
Metro,14.978,1,123.53,0.769,25.88,0.986,1,0.5658
Motorcycle,9.033,1,111.89,0.774,35.42,0.022,1,1.08088
Car,9.73,5,5.0,0.323,25.28,0.904,1,0.42658
Metro,6.354,1,121.5,0.619,35.83,0.7,0,0.26093
Metro,19.003,1,129.66,0.462,34.14,0.013,1,0.6774
Bus,18.444,1,12.61,0.162,11.89,0.315,1,2.39897
Walking,21.127,1,122.69,0.891,16.3,0.403,1,0.00165
Car,11.86,4,4.0,0.474,25.12,0.673,0,0.67111
Motorcycle,21.427,1,138.59,0.447,19.64,0.646,1,2.55617
Bus,3.348,1,2.0,0.04,37.01,0.178,1,2.84029
Walking,4.356,1,115.84,0.643,38.42,0.063,1,0.0
Bus,5.571,1,30.31,0.357,31.97,0.646,0,0.32954
Car,11.049,2,2.0,0.457,30.33,0.34,0,1.25033
Motorcycle,18.208,1,128.68,0.79,27.99,0.973,0,2.18746
Bicycle,25.287,1,116.96,0.673,25.45,0.954,0,0.00163
Metro,10.134,1,124.4,0.315,35.08,0.446,1,0.37407
Walking,16.269,1,122.2,0.577,18.04,0.2,0,0.00711
Motorcycle,3.902,1,113.17,0.469,32.83,0.491,1,0.45577
Bus,10.175,1,13.47,0.721,18.87,0.002,1,1.36357
Motorcycle,3.748,1,128.31,0.808,13.67,0.123,0,0.46144
Walking,10.295,1,122.8,0.264,22.97,0.446,0,0.00719
Walking,8.733,1,119.78,0.29,19.64,0.592,1,0.0
Motorcycle,15.19,1,118.21,0.733,38.69,0.625,1,1.88127
Car,37.343,3,3.0,0.055,20.98,0.767,0,2.58166
Metro,0.804,1,130.77,0.166,35.58,0.5,0,0.01331
Bicycle,10.195,1,125.17,0.432,34.45,0.42,1,0.01513
Motorcycle,26.7,1,116.61,0.59,13.51,0.885,0,3.17177
Bicycle,5.326,1,116.95,0.619,33.14,0.17,0,0.0
Walking,8.985,1,130.69,0.661,10.63,0.324,0,0.0
Walking,6.223,1,134.65,0.232,16.73,0.444,0,0.0
Metro,26.526,1,126.45,0.663,31.84,0.791,0,0.97396
Bus,6.481,1,25.02,0.854,32.25,0.422,0,0.52127
Metro,20.635,1,106.45,0.218,22.57,0.636,1,0.99215
Bicycle,4.228,1,121.38,0.71,19.52,0.571,1,0.00397
Metro,8.84,1,120.28,0.641,20.93,0.263,1,0.35601
Car,8.128,1,1.0,0.308,25.13,0.268,1,1.6604
Bus,7.719,1,13.36,0.687,31.28,0.271,0,1.06699
Metro,10.913,1,116.83,0.945,13.36,0.427,1,0.48355
Walking,8.475,1,106.59,0.758,12.17,0.763,1,0.01734
Car,17.734,2,2.0,0.114,13.2,0.376,0,1.82591
Bus,10.604,1,9.12,0.724,19.07,0.706,0,2.21915
Bus,7.09,1,17.4,0.005,32.52,0.279,0,0.65211
Motorcycle,6.709,1,129.38,0.591,35.27,0.206,0,0.7493
Motorcycle,2.679,1,108.43,0.231,37.05,0.537,0,0.2846
Bus,1.314,1,21.36,0.607,17.1,0.926,1,0.12312
Bicycle,8.596,1,115.37,0.03,16.79,0.636,1,0.0
Motorcycle,26.088,1,120.68,0.81,29.08,0.423,0,3.3353
Walking,29.632,1,136.56,0.389,32.78,0.61,1,0.0
Bus,9.136,1,14.45,0.793,37.1,0.143,1,1.18627
Motorcycle,1.092,1,116.22,0.385,31.82,0.753,1,0.12275
Walking,15.301,1,131.36,0.037,29.82,0.601,0,0.00088
Bus,6.179,1,20.44,0.566,39.22,0.047,1,0.54802
Car,6.976,2,2.0,0.265,32.75,0.644,1,0.72354
Walking,9.17,1,131.03,0.796,35.28,0.752,0,0.0
Walking,8.65,1,139.55,0.311,18.27,0.631,1,0.01991
Bicycle,0.878,1,119.43,0.93,33.21,0.116,0,0.00026
Walking,18.792,1,130.76,0.877,34.48,0.207,0,0.01
Car,80.0,3,3.0,0.115,22.68,0.162,1,5.63709
Metro,19.209,1,121.21,0.19,38.3,0.482,1,0.76331
Walking,7.811,1,123.29,0.463,30.44,0.573,1,0.0
Motorcycle,1.871,1,120.07,0.256,29.07,0.983,1,0.22573
Walking,5.187,1,117.21,0.059,24.74,0.548,1,0.0101
Bicycle,19.246,1,113.94,0.289,20.8,0.904,1,0.00125
Car,10.053,5,5.0,0.261,25.63,0.417,1,0.42366
Bus,8.648,1,22.94,0.807,25.23,0.013,0,0.69176
Metro,17.109,1,122.71,0.05,16.22,0.203,1,0.68591
Bicycle,5.047,1,116.04,0.261,23.84,0.332,1,0.00088
Metro,10.23,1,109.25,0.831,39.79,0.445,0,0.47534
Metro,6.032,1,116.45,0.963,33.71,0.289,0,0.24333
Bicycle,3.208,1,108.78,0.29,18.15,0.526,0,0.0
Motorcycle,7.476,1,124.97,0.517,11.05,0.02,0,0.82312
Motorcycle,12.75,1,111.14,0.803,25.42,0.367,0,1.58691
Walking,7.008,1,128.66,0.691,15.95,0.365,1,0.0
Car,12.067,3,3.0,0.833,31.63,0.993,0,0.95894
Metro,11.255,1,126.73,0.168,23.96,0.269,1,0.42958
Car,11.535,4,4.0,0.693,23.29,0.133,0,0.63432
Car,22.755,5,5.0,0.416,29.39,0.833,0,1.04605
Walking,14.399,1,125.53,0.492,16.48,0.136,1,0.03047
Bicycle,18.091,1,119.01,0.062,28.19,0.958,1,0.00498
Bus,10.463,1,17.66,0.453,37.8,0.641,0,1.02756
Car,6.527,1,1.0,0.533,34.12,0.08,1,1.36147
Motorcycle,0.661,1,126.53,0.46,21.26,0.68,1,0.08348
Bicycle,17.818,1,118.9,0.981,33.14,0.815,1,0.00203
Bicycle,7.959,1,120.99,0.18,38.72,0.007,0,0.0
Metro,9.979,1,120.55,0.101,23.55,0.35,0,0.41995
Motorcycle,4.631,1,133.44,0.158,29.83,0.37,0,0.48432
Car,5.254,2,2.0,0.845,26.37,0.392,1,0.58982
Bus,5.555,1,8.15,0.705,15.77,0.962,1,1.23851
Metro,1.972,1,135.76,0.524,33.11,0.274,0,0.07132
Car,12.766,2,2.0,0.708,19.42,0.507,0,1.42694
Bicycle,12.403,1,137.22,0.716,37.71,0.861,1,0.0
Walking,7.032,1,115.96,0.42,18.56,0.549,0,0.0053
Bicycle,10.248,1,119.6,0.445,34.97,0.871,0,0.0
Walking,6.054,1,114.0,0.437,22.92,0.191,0,0.00394
Bus,5.248,1,27.21,0.805,12.95,0.557,0,0.38323
Motorcycle,16.832,1,125.35,0.577,13.21,0.683,0,2.0709
Motorcycle,5.428,1,111.61,0.619,34.53,0.946,1,0.66314
Bus,7.156,1,13.76,0.899,21.28,0.803,0,1.01453
Bicycle,10.229,1,115.42,0.547,39.39,0.78,0,0.0
Motorcycle,3.885,1,123.74,0.719,26.4,0.696,0,0.46268
Bicycle,20.05,1,117.48,0.068,34.59,0.608,0,0.0
Walking,13.182,1,112.64,0.209,28.2,0.411,0,0.0
Motorcycle,5.286,1,127.38,0.676,18.52,0.958,0,0.65885
Bicycle,20.57,1,120.42,0.962,29.51,0.948,0,0.0
Car,1.756,2,2.0,0.016,19.51,0.35,1,0.1779
Bicycle,5.864,1,113.22,0.108,11.52,0.258,0,0.0013
Car,13.592,3,3.0,0.833,28.01,0.626,1,1.0836
Bicycle,5.379,1,120.68,0.522,15.56,0.94,1,0.00343
Motorcycle,27.224,1,112.04,0.249,34.67,0.795,0,3.15662
Walking,1.268,1,127.17,0.889,36.02,0.7,0,0.00179
Motorcycle,13.35,1,118.25,0.334,18.48,0.249,0,1.50846
Car,4.787,5,5.0,0.272,24.35,0.381,0,0.18833
Metro,13.218,1,112.26,0.968,35.86,0.81,1,0.55919
Bicycle,4.359,1,130.81,0.117,18.58,0.672,0,0.0
Metro,9.414,1,113.18,0.146,32.48,0.142,0,0.42063
Walking,8.61,1,131.57,0.712,19.93,0.58,0,0.0
Bicycle,3.278,1,123.01,0.256,12.37,0.817,1,0.01138
Bus,18.112,1,25.79,0.332,23.01,0.668,1,1.29821
Motorcycle,5.601,1,108.84,0.511,18.85,0.217,1,0.62793
Walking,10.438,1,107.76,0.719,28.25,0.85,0,0.00283
Motorcycle,16.928,1,116.74,0.353,29.48,0.853,0,1.9216
Metro,7.836,1,116.97,0.158,21.54,0.199,0,0.34153
Motorcycle,13.031,1,119.01,0.117,15.92,0.83,0,1.42646
Walking,5.868,1,118.27,0.536,27.36,0.784,0,0.01075
Walking,14.524,1,131.08,0.553,28.97,0.541,1,0.01522
Metro,4.201,1,109.66,0.987,39.09,0.882,0,0.16812
Bicycle,14.547,1,129.45,0.994,38.15,0.105,0,0.00884
Bicycle,8.375,1,127.43,0.382,28.92,0.498,0,0.00533
Motorcycle,6.719,1,120.89,0.65,26.23,0.925,0,0.79757
Motorcycle,16.335,1,133.73,0.778,20.03,0.242,1,2.01892
Bicycle,18.811,1,121.94,0.27,26.15,0.306,0,0.00019
Motorcycle,2.062,1,120.18,0.65,36.15,0.84,1,0.25432
Motorcycle,13.66,1,110.41,0.589,27.89,0.761,0,1.73831
Metro,5.548,1,118.91,0.114,14.2,0.259,1,0.22784
Bus,9.524,1,19.66,0.73,19.24,0.244,1,0.88023
Metro,5.556,1,122.72,0.182,25.9,0.071,0,0.21352
Bus,5.195,1,21.69,0.367,11.69,0.348,0,0.43198
Motorcycle,5.734,1,122.92,0.704,35.27,0.535,0,0.68444
Bus,15.911,1,18.55,0.875,24.36,0.363,1,1.55137
Bus,11.856,1,28.09,0.042,34.95,0.311,1,0.71044
Walking,6.99,1,109.12,0.998,17.16,0.741,0,0.0
Car,4.804,4,4.0,0.683,25.66,0.87,0,0.27129
Bicycle,11.469,1,119.79,0.197,10.94,0.311,1,0.01449
Walking,11.242,1,122.64,0.807,33.97,0.519,1,0.00839
Motorcycle,0.756,1,129.67,0.196,39.88,0.574,1,0.07065
Car,9.924,4,4.0,0.256,27.48,0.276,0,0.519
Motorcycle,7.273,1,125.83,0.793,28.45,0.088,1,0.87925
Car,8.939,4,4.0,0.702,25.05,0.164,1,0.46846
Bicycle,15.407,1,114.79,0.59,21.12,0.893,0,0.0
Metro,2.529,1,109.2,0.745,31.42,0.984,1,0.08851
Car,1.949,5,5.0,0.421,15.64,0.701,0,0.07327
Motorcycle,12.777,1,124.53,0.485,10.81,0.915,1,1.5496
Bicycle,17.761,1,116.64,0.328,16.77,0.908,1,0.0
Walking,8.576,1,120.16,0.914,26.67,0.628,0,0.0
Motorcycle,5.43,1,115.5,0.386,11.97,0.931,1,0.64141
Bus,28.25,1,15.99,0.851,35.41,0.989,0,3.31071
Car,2.137,2,2.0,0.931,18.47,0.615,1,0.26364
Motorcycle,9.884,1,127.67,0.286,37.69,0.48,0,1.15282
Metro,7.671,1,126.04,0.578,17.32,0.943,0,0.29606
Motorcycle,6.663,1,119.88,0.66,27.03,0.921,1,0.86798
Metro,9.296,1,117.09,0.775,33.62,0.674,0,0.38091
Bus,13.204,1,21.24,0.341,18.67,0.741,1,1.09525
Walking,7.901,1,118.77,0.415,39.76,0.801,0,0.0
Motorcycle,7.813,1,119.64,0.442,30.14,0.415,1,0.90919
Bus,18.188,1,20.96,0.482,32.68,0.997,0,1.67446
Metro,4.91,1,123.68,0.801,24.63,0.644,0,0.19042
Metro,15.407,1,131.04,0.894,18.83,0.108,0,0.56196
Car,9.939,4,4.0,0.535,28.68,0.808,0,0.56763
Walking,1.7,1,126.86,0.209,25.54,0.11,0,0.00307
Metro,9.539,1,115.1,0.059,37.5,0.562,0,0.39808
Car,8.943,4,4.0,0.733,37.56,0.709,1,0.54587
Walking,5.667,1,113.41,0.645,28.82,0.991,1,0.00114
Metro,1.642,1,128.69,0.598,20.66,0.407,1,0.07991
Metro,16.945,1,145.77,0.188,16.17,0.973,0,0.56288
Car,6.098,1,1.0,0.066,31.29,0.398,0,1.21778
Car,8.301,1,1.0,0.602,24.29,0.394,1,1.89589
Motorcycle,0.521,1,113.13,0.972,18.47,0.687,1,0.0831
Walking,7.054,1,116.69,0.181,16.54,0.556,1,0.00501
Motorcycle,16.805,1,119.48,0.737,14.89,0.8,0,2.11389
Car,16.294,1,1.0,0.74,17.06,0.997,0,3.77358
Bus,13.304,1,12.76,0.772,34.0,0.221,0,1.85978
Bicycle,8.998,1,114.55,0.88,30.96,0.613,0,0.0
Bicycle,16.737,1,124.15,0.901,34.88,0.004,0,0.0
Bicycle,30.886,1,114.88,0.753,18.45,0.744,1,0.0
Walking,2.112,1,113.12,0.754,23.88,0.405,1,0.00638
Bus,5.037,1,30.46,0.984,26.14,0.443,1,0.31234
Motorcycle,0.835,1,120.21,0.998,33.26,0.888,0,0.10419
Bus,10.125,1,6.19,0.189,15.33,0.714,0,2.91268
Bicycle,31.571,1,118.83,0.369,18.35,0.115,0,0.00895
Metro,10.723,1,122.45,0.322,34.75,0.507,0,0.43475
Metro,7.437,1,131.34,0.462,33.19,0.213,0,0.26627
Car,8.1,1,1.0,0.367,13.1,0.971,1,1.73292
Motorcycle,7.341,1,119.5,0.901,16.39,0.579,0,0.94667
Car,5.429,1,1.0,0.849,35.97,0.628,1,1.27282
Car,15.182,2,2.0,0.629,26.66,0.762,0,1.63256
Car,1.182,2,2.0,0.289,11.94,0.508,1,0.1308
Metro,13.89,1,117.39,0.111,28.7,0.155,1,0.58612
Bus,49.863,1,17.24,0.025,31.76,0.559,0,4.78641
Metro,2.325,1,114.98,0.695,18.73,0.3,0,0.11278
Metro,7.59,1,109.19,0.307,35.99,0.74,0,0.35026
Motorcycle,11.389,1,118.48,0.664,36.27,0.385,1,1.34508
Bus,9.549,1,18.64,0.188,36.87,0.105,1,0.85636
Walking,4.762,1,134.31,0.303,14.74,0.688,1,0.0
Metro,8.16,1,118.04,0.545,33.76,0.334,1,0.32677
Bicycle,10.85,1,120.5,0.805,16.25,0.07,0,0.00089
Car,12.948,2,2.0,0.114,23.64,0.521,1,1.38816
Motorcycle,18.212,1,128.46,0.897,30.19,0.8,1,2.38905
Metro,16.214,1,126.81,0.583,10.77,0.239,0,0.62108
Bus,14.85,1,2.0,0.536,39.51,0.925,0,13.58229
Bus,12.492,1,27.36,0.622,31.87,0.71,0,0.81843
Walking,7.458,1,111.03,0.417,39.96,0.393,1,0.00702
Motorcycle,1.676,1,128.87,0.325,37.59,0.107,0,0.17924
Car,12.7,3,3.0,0.334,35.6,0.531,0,0.88073
Walking,1.22,1,122.71,0.801,11.71,0.75,0,0.0
Car,18.557,1,1.0,0.676,23.87,0.936,1,4.38281
Car,9.825,1,1.0,0.603,37.89,0.053,0,2.22134
Bicycle,13.786,1,133.77,0.717,15.52,0.874,1,0.00102
Car,25.045,1,1.0,0.473,23.58,0.218,0,5.04601
Bicycle,1.563,1,97.55,0.212,29.08,0.064,1,0.0
Motorcycle,23.332,1,122.2,0.04,30.95,0.514,0,2.65856
Bicycle,12.858,1,132.53,0.759,38.72,0.346,1,0.0
Bus,6.493,1,14.75,0.287,29.37,0.042,1,0.76514
Walking,3.134,1,122.47,0.767,36.41,0.504,0,0.01465
Motorcycle,21.474,1,123.81,0.271,35.24,0.438,1,2.31975
Metro,3.08,1,141.4,0.971,12.18,0.937,0,0.08997
Motorcycle,14.08,1,117.61,0.35,39.21,0.925,0,1.63565
Motorcycle,13.338,1,123.68,0.141,24.39,0.187,0,1.41846
Walking,25.972,1,120.04,0.76,13.43,0.711,0,0.00506
Motorcycle,13.081,1,122.58,0.01,30.31,0.76,0,1.40864
Car,6.722,4,4.0,0.068,18.49,0.521,1,0.33612
Bus,14.531,1,32.43,0.59,10.11,0.451,1,0.77354
Bicycle,13.482,1,110.31,0.087,14.16,0.908,1,0.00957
Metro,9.186,1,126.58,0.372,32.27,0.597,0,0.3729
Walking,33.819,1,132.79,0.225,21.2,0.193,0,0.0
Walking,4.732,1,125.17,0.845,10.15,0.437,0,0.0
Motorcycle,6.664,1,116.6,0.942,18.99,0.689,0,0.81096
Bicycle,5.373,1,100.23,0.622,26.28,0.309,0,0.01156
Walking,14.372,1,125.2,0.181,33.46,0.196,0,0.00471
Metro,1.644,1,123.44,0.774,27.96,0.27,1,0.07211
Metro,8.661,1,131.63,0.149,33.07,0.491,0,0.31281
Bus,3.311,1,11.12,0.665,10.39,0.621,1,0.58341
Bus,7.184,1,21.11,0.473,13.13,0.407,1,0.62336
Motorcycle,9.001,1,122.99,0.012,34.26,0.675,1,0.97003
Walking,3.47,1,121.39,0.586,29.01,0.942,1,0.00823
Bus,10.883,1,30.03,0.329,38.06,0.833,1,0.65192
Metro,10.107,1,111.45,0.942,18.0,0.446,0,0.42165
Metro,9.172,1,105.86,0.503,29.04,0.995,1,0.40913
Bicycle,13.638,1,120.36,0.003,37.1,0.387,1,0.0
Car,9.951,3,3.0,0.012,20.77,0.47,0,0.64722
Bus,38.443,1,21.51,0.066,21.91,0.078,0,2.96494
Car,8.107,2,2.0,0.781,29.21,0.869,1,0.9204
Car,20.774,1,1.0,0.372,37.66,0.123,0,4.17221
Walking,2.127,1,121.04,0.688,24.21,0.874,0,0.00292
Metro,7.317,1,124.09,0.324,30.97,0.722,1,0.3033
Walking,4.056,1,127.19,0.482,35.85,0.963,1,0.0
Walking,1.521,1,113.71,0.781,13.64,0.438,1,0.0102
Walking,6.062,1,111.71,0.432,37.54,0.012,0,0.0
Metro,22.054,1,129.55,0.367,20.03,0.26,1,0.8735
Walking,12.904,1,117.79,0.83,20.56,0.709,1,0.0
Car,13.486,5,5.0,0.491,23.92,0.997,0,0.60623
Motorcycle,10.816,1,121.38,0.71,22.71,0.049,1,1.25073
Bicycle,7.179,1,134.77,0.328,20.79,0.404,0,0.0
Metro,7.087,1,122.6,0.376,10.9,0.597,1,0.29837
Walking,20.92,1,131.67,0.433,14.19,0.352,0,0.01299
Bicycle,5.28,1,119.63,0.426,28.53,0.607,0,0.00463
Metro,13.978,1,120.99,0.036,26.67,0.184,0,0.58416
Bicycle,22.8,1,135.25,0.47,10.73,0.925,0,0.0
Motorcycle,6.609,1,124.37,0.025,34.29,0.47,1,0.71478
Bus,5.4,1,17.44,0.319,19.61,0.271,0,0.52776
Metro,13.29,1,127.48,0.93,25.97,0.438,0,0.47336
Bus,1.925,1,4.2,0.615,31.73,0.362,1,0.90912
Bicycle,9.305,1,106.59,0.829,32.01,0.866,0,0.0
Bus,23.15,1,14.4,0.537,32.09,0.275,1,2.79582
Car,4.236,3,3.0,0.658,30.14,0.684,0,0.33013
Bus,12.596,1,2.6,0.164,33.47,0.037,0,8.10759
Bicycle,11.787,1,112.91,0.212,22.94,0.302,1,0.0
Bicycle,16.976,1,125.11,0.334,10.54,0.763,1,0.00381
Car,5.309,4,4.0,0.838,33.28,0.924,0,0.30947
Bus,16.78,1,9.33,0.389,24.56,0.235,0,3.28566
Bicycle,9.226,1,121.99,0.915,16.72,0.323,1,0.0
Car,5.977,3,3.0,0.989,26.05,0.862,0,0.4948
Metro,2.558,1,121.13,0.453,36.92,0.503,0,0.11937
Motorcycle,30.494,1,105.87,0.44,14.48,0.039,1,3.26753
Walking,25.77,1,122.0,0.454,37.64,0.462,1,0.0
Metro,2.093,1,116.05,0.579,39.45,0.363,1,0.0844
Walking,11.142,1,129.23,0.098,16.54,0.07,1,0.00023
Walking,1.069,1,127.94,0.365,19.2,0.891,1,0.0
Walking,14.43,1,112.44,0.849,20.63,0.578,0,0.0
Bus,17.491,1,26.51,0.104,19.21,0.074,0,1.05717
Motorcycle,5.538,1,129.27,0.928,32.33,0.76,0,0.71917
Bicycle,5.914,1,119.97,0.691,10.89,0.546,0,0.0
Walking,16.118,1,124.55,0.029,30.51,0.983,0,0.02419
Motorcycle,5.813,1,130.11,0.993,34.39,0.291,0,0.73125
Bicycle,3.656,1,128.21,0.632,32.1,0.014,0,0.0
Metro,1.511,1,132.84,0.326,34.58,0.337,1,0.05077
Motorcycle,5.062,1,134.95,0.688,33.93,0.409,0,0.60841
Bus,4.432,1,10.71,0.039,31.35,0.667,1,0.68239
Bus,1.742,1,12.34,0.517,34.17,0.859,0,0.24943
Car,22.162,4,4.0,0.863,14.12,0.695,0,1.27084
Bicycle,29.378,1,120.74,0.209,35.81,0.966,0,0.01642
Metro,8.903,1,120.54,0.722,28.2,0.89,0,0.36519
Car,23.563,2,2.0,0.681,36.73,0.313,0,2.63545
Walking,12.089,1,98.13,0.76,26.11,0.515,0,0.01245
Metro,2.981,1,112.88,0.282,24.11,0.823,1,0.12219
Car,10.384,4,4.0,0.186,20.62,0.79,1,0.56555
Car,20.915,3,3.0,0.401,34.42,0.757,1,1.49271
Bus,7.697,1,14.79,0.542,31.2,0.129,0,0.96271
Metro,7.42,1,129.8,0.964,14.45,0.471,1,0.29191
Walking,6.125,1,110.81,0.757,31.77,0.583,1,0.0
Car,20.912,5,5.0,0.182,16.2,0.701,1,0.88565
Metro,4.499,1,135.74,0.368,16.47,0.706,0,0.16122
Motorcycle,3.453,1,110.48,0.494,21.99,0.475,0,0.40056
Metro,6.489,1,122.17,0.213,28.77,0.762,0,0.25891
Metro,3.897,1,119.99,0.316,21.1,0.168,1,0.14754
Motorcycle,23.593,1,130.89,0.64,21.83,0.22,1,2.7945
Motorcycle,10.976,1,123.29,0.53,19.75,0.992,1,1.34926
Metro,1.461,1,138.85,0.666,31.06,0.13,0,0.05452
Bicycle,17.339,1,120.8,0.871,22.28,0.292,0,0.00098
Bus,7.838,1,22.03,0.609,22.0,0.004,1,0.65161
Bus,6.908,1,4.35,0.647,31.77,0.982,0,3.06576
Car,17.117,1,1.0,0.624,18.05,0.177,0,3.63685
Bus,27.135,1,21.43,0.384,37.39,0.596,0,2.22416
Bus,20.301,1,5.13,0.711,17.09,0.425,1,7.51587
Walking,16.464,1,129.84,0.733,30.36,0.253,1,0.00161
Bus,1.653,1,11.76,0.94,17.83,0.728,0,0.28087
Metro,28.307,1,116.75,0.56,20.83,0.262,1,1.13557
Walking,14.736,1,131.77,0.185,14.58,0.941,1,0.0
Bus,11.219,1,10.72,0.936,19.93,0.113,0,2.07601
Walking,4.461,1,121.91,0.133,11.04,0.171,1,0.0
Bus,7.319,1,24.67,0.461,10.86,0.756,0,0.56075
Motorcycle,8.1,1,120.5,0.847,15.2,0.022,0,0.95894
Walking,8.386,1,126.26,0.984,18.04,0.059,0,0.00516
Bus,12.058,1,7.57,0.211,36.2,0.259,1,2.75947
Walking,21.976,1,123.52,0.309,22.24,0.606,0,0.0
Metro,6.295,1,110.99,0.715,18.68,0.597,1,0.28543
Metro,19.156,1,113.18,0.198,30.78,0.428,1,0.79627
Walking,10.124,1,127.48,0.714,17.75,0.799,0,0.0
Car,18.051,2,2.0,0.387,17.64,0.669,1,1.99648
Bicycle,1.385,1,113.15,0.227,23.53,0.574,0,0.00414
Metro,25.138,1,110.84,0.681,26.21,0.109,1,1.109
Walking,12.473,1,114.62,0.734,26.09,0.736,1,0.01036
Walking,26.344,1,115.9,0.603,29.07,0.294,1,0.01269
Metro,14.496,1,112.25,0.979,25.5,0.527,0,0.60373
Metro,21.609,1,126.36,0.994,12.9,0.766,0,0.88796
Motorcycle,14.219,1,118.45,0.883,26.98,0.913,1,1.7839
Bus,8.521,1,9.13,0.439,12.27,0.87,0,1.76845
Car,3.35,2,2.0,0.365,39.11,0.99,1,0.36837
Bus,13.171,1,15.38,0.743,39.73,0.84,1,1.65573
Metro,10.039,1,121.59,0.406,31.31,0.891,1,0.38859
Bicycle,20.22,1,111.8,0.438,36.67,0.339,1,0.01253
Metro,9.4,1,126.94,0.945,23.99,0.003,0,0.37372
Bus,53.106,1,27.59,0.611,30.39,0.272,1,3.4592
Bicycle,9.319,1,114.88,0.437,33.37,0.127,0,0.001
Bus,11.855,1,18.56,0.007,14.67,0.052,0,1.02865
Bicycle,19.275,1,118.5,0.841,25.08,0.143,0,0.00593
Bus,36.603,1,11.06,0.413,18.15,0.403,1,5.54118
Car,12.453,5,5.0,0.452,23.87,0.097,0,0.53058
Metro,20.727,1,118.04,0.998,35.18,0.023,1,0.82142
Walking,13.187,1,115.46,0.847,14.8,0.393,1,0.00422
Walking,12.238,1,123.83,0.768,36.39,0.967,0,0.0
Metro,13.098,1,115.1,0.453,10.66,0.337,1,0.57574
Motorcycle,22.505,1,128.09,0.673,37.22,0.22,1,2.68035
Bus,7.597,1,20.76,0.143,21.08,0.061,0,0.60024
Car,30.205,5,5.0,0.345,23.1,0.329,1,1.24245
Bicycle,11.748,1,104.48,0.843,29.02,0.245,1,0.00382
Metro,11.49,1,130.61,0.26,10.72,0.77,1,0.4121
Walking,10.39,1,104.85,0.925,24.42,0.727,0,0.0
Metro,4.931,1,115.82,0.177,16.38,0.359,1,0.21738
Bus,15.507,1,27.92,0.387,32.89,0.247,0,0.98336
Car,17.262,3,3.0,0.664,32.95,0.747,0,1.30513
Metro,5.863,1,120.69,0.382,34.78,0.629,0,0.2375
Car,20.769,5,5.0,0.567,14.51,0.595,0,0.94148
Metro,3.93,1,121.02,0.242,35.97,0.166,0,0.16221
Bicycle,21.268,1,103.27,0.216,30.85,0.462,1,0.01111
Motorcycle,8.962,1,123.08,0.976,38.31,0.135,1,1.15821
Metro,7.793,1,116.21,0.461,26.84,0.152,0,0.32695
Metro,9.835,1,127.76,0.398,26.45,0.412,1,0.40016
Bus,5.569,1,18.79,0.258,32.92,0.45,0,0.52111
Motorcycle,9.978,1,118.36,0.901,34.92,0.837,0,1.27764
Motorcycle,6.666,1,114.44,0.007,25.34,0.212,0,0.66943
Motorcycle,15.283,1,107.1,0.073,35.48,0.524,1,1.64541
Walking,6.165,1,111.02,0.177,26.37,0.172,1,0.0
Walking,21.134,1,118.54,0.121,23.39,0.369,0,0.00077
Bus,8.513,1,12.45,0.411,24.87,0.664,1,1.2069
Walking,1.516,1,119.66,0.094,32.92,0.411,0,0.00684
Motorcycle,5.332,1,120.3,0.235,30.84,0.876,1,0.64155
Metro,12.136,1,117.1,0.538,26.94,0.19,1,0.5374
Car,7.239,5,5.0,0.26,17.05,0.211,1,0.28721
Motorcycle,3.746,1,109.04,0.766,23.12,0.302,0,0.45662
Metro,9.677,1,116.95,0.385,10.87,0.429,0,0.39865
Car,11.795,5,5.0,0.329,13.1,0.603,1,0.49878
Motorcycle,8.192,1,131.03,0.421,33.99,0.007,1,0.89914
Car,10.554,4,4.0,0.749,38.53,0.966,1,0.64096
Car,6.568,1,1.0,0.683,10.28,0.095,1,1.45691
Walking,7.957,1,124.9,0.198,39.17,0.521,1,0.01336
Bicycle,10.809,1,101.36,0.001,30.69,0.102,1,0.00923
Metro,7.504,1,125.28,0.568,16.54,0.851,0,0.31455
Motorcycle,8.015,1,119.12,0.125,37.38,0.312,0,0.80604
Metro,4.769,1,112.9,0.922,38.22,0.905,0,0.18989
Bus,12.838,1,17.04,0.179,22.25,0.751,0,1.33576
Bus,4.045,1,2.0,0.634,35.94,0.577,1,3.99102
Walking,23.168,1,122.79,0.558,29.56,0.75,0,0.0
Metro,10.291,1,118.66,0.051,36.69,0.521,1,0.44655
Metro,12.564,1,118.14,0.198,33.83,0.574,0,0.50642
Bicycle,8.508,1,114.04,0.755,19.65,0.429,1,0.0
Bus,19.347,1,9.2,0.512,18.3,0.133,0,3.78869
Bicycle,6.59,1,127.99,0.267,15.99,0.523,0,0.0
Bus,4.673,1,23.47,0.039,26.82,0.557,0,0.31521
Bicycle,7.952,1,119.38,0.886,21.65,0.667,0,0.0
Car,11.806,3,3.0,0.095,12.8,0.994,0,0.82279
Bus,12.377,1,23.37,0.249,18.13,0.42,1,0.95659
Bicycle,4.73,1,110.22,0.561,20.76,0.874,1,0.00303
Car,13.671,2,2.0,0.309,36.18,0.057,0,1.38974
Motorcycle,13.258,1,124.58,0.754,20.09,0.765,0,1.64277
Metro,15.244,1,121.72,0.907,20.07,0.805,0,0.62438
Metro,4.675,1,124.81,0.41,32.03,0.518,1,0.17996
Metro,5.082,1,120.8,0.686,37.93,0.69,0,0.20446
Bicycle,18.778,1,132.77,0.56,21.28,0.058,0,0.0
Motorcycle,23.147,1,127.04,0.876,23.34,0.139,0,2.85091
Metro,5.738,1,120.07,0.08,22.81,0.454,1,0.23554
Bus,1.325,1,25.39,0.93,32.06,0.755,1,0.10068
Motorcycle,8.398,1,124.96,0.814,28.61,0.332,1,1.01124
Bus,3.978,1,21.94,0.044,26.41,0.928,1,0.32265
Car,13.899,5,5.0,0.577,35.63,0.867,0,0.63205
Metro,6.789,1,116.63,0.867,15.56,0.325,1,0.28117
Bicycle,9.629,1,125.18,0.277,32.65,0.11,0,0.0005
Bus,4.625,1,14.81,0.334,35.7,0.713,0,0.55839
Bus,22.735,1,15.21,0.815,25.41,0.362,0,2.76321
Motorcycle,0.755,1,117.34,0.998,22.91,0.164,1,0.09222
Car,24.484,3,3.0,0.981,30.02,0.306,0,1.99658
Motorcycle,5.861,1,127.8,0.191,16.98,0.874,0,0.68715
Car,1.537,4,4.0,0.711,16.9,0.98,1,0.09848
Metro,16.07,1,119.28,0.59,33.88,0.833,0,0.65269
Bicycle,5.686,1,112.75,0.767,19.3,0.858,0,0.0
Bus,4.191,1,18.27,0.423,35.34,0.329,1,0.41892
Bicycle,11.925,1,133.4,0.88,14.8,0.445,1,0.0
Bus,17.343,1,30.22,0.708,31.38,0.612,1,1.11364
Motorcycle,9.248,1,122.63,0.924,31.63,0.782,0,1.17935
Motorcycle,3.958,1,108.47,0.633,21.24,0.054,0,0.47148
Bicycle,4.028,1,113.63,0.977,11.5,0.817,0,0.0
Walking,12.141,1,120.06,0.244,25.45,0.478,0,0.02873
Bus,22.777,1,16.68,0.269,25.47,0.225,0,2.32236
Motorcycle,9.501,1,92.14,0.037,27.44,0.47,0,0.95463
Walking,1.548,1,119.9,0.996,27.73,0.49,1,0.0
Walking,24.335,1,117.04,0.425,11.56,0.456,1,0.0
Motorcycle,18.339,1,116.74,0.765,30.14,0.641,0,2.31784
Walking,3.616,1,123.06,0.341,29.09,0.659,1,0.0
Motorcycle,33.405,1,121.7,0.044,34.85,0.555,0,3.73645
Metro,2.541,1,106.74,0.658,35.15,0.824,1,0.13507
Metro,20.283,1,118.45,0.035,24.4,0.287,0,0.79973
Bicycle,3.521,1,119.22,0.334,26.48,0.073,0,0.0
Bicycle,19.46,1,106.63,0.98,24.62,0.71,1,0.0
Car,8.397,4,4.0,0.434,30.3,0.332,1,0.43383
Motorcycle,4.875,1,125.01,0.848,11.11,0.799,0,0.59403
Walking,15.97,1,118.81,0.367,29.3,0.535,0,0.01487
Car,9.849,5,5.0,0.797,34.11,0.272,1,0.44273
Metro,10.002,1,118.93,0.258,13.17,0.724,1,0.41866
Car,10.102,1,1.0,0.658,13.02,0.665,0,2.32691
Metro,6.377,1,125.69,0.44,37.27,0.692,0,0.24391
Car,6.358,3,3.0,0.883,31.89,0.586,0,0.5004
Walking,18.927,1,113.06,0.351,15.09,0.298,1,0.01417
Car,20.673,5,5.0,0.658,26.6,0.564,0,0.94751
Walking,2.636,1,121.05,0.582,32.4,0.915,1,0.0014
Walking,11.646,1,116.45,0.368,28.82,0.423,1,0.0
Walking,3.427,1,122.11,0.564,23.47,0.367,0,0.00215
Car,21.044,4,4.0,0.301,11.22,0.463,1,1.06541
Bicycle,14.889,1,123.46,0.799,20.09,0.16,0,0.0
Walking,10.26,1,115.71,0.648,18.31,0.21,1,0.0159
Walking,5.445,1,113.58,0.285,24.18,0.191,1,0.0005
Bus,11.558,1,15.89,0.95,18.03,0.245,0,1.40269
Walking,11.6,1,126.47,0.433,17.35,0.73,1,0.0
Walking,20.414,1,120.78,0.315,19.19,0.442,0,0.003
Bus,6.869,1,25.92,0.932,16.69,0.83,1,0.519
Motorcycle,6.69,1,116.84,0.647,37.83,0.067,1,0.72242
Metro,21.137,1,124.37,0.059,30.76,0.641,1,0.79372
Motorcycle,2.648,1,109.93,0.302,25.23,0.515,0,0.29354
Metro,3.606,1,98.81,0.191,15.38,0.806,1,0.1926
Walking,18.043,1,118.93,0.248,21.99,0.307,0,0.0
Bus,10.053,1,17.2,0.658,19.47,0.202,1,1.04895
Bus,37.374,1,8.96,0.841,17.98,0.791,1,8.33407
Bus,4.164,1,5.37,0.4,31.18,0.329,1,1.46587
Bicycle,1.787,1,137.76,0.855,30.41,0.474,0,0.0
Car,18.108,3,3.0,0.956,31.62,0.899,1,1.56042
Walking,32.503,1,132.26,0.045,10.07,0.529,1,0.0
Metro,3.839,1,116.59,0.779,16.02,0.572,1,0.15347
Motorcycle,5.548,1,121.58,0.148,15.29,0.632,0,0.59575
Motorcycle,13.302,1,119.16,0.157,12.26,0.064,0,1.40017
Car,1.804,1,1.0,0.165,11.31,0.841,0,0.37715
Motorcycle,26.406,1,111.52,0.666,29.79,0.127,0,3.04534
Motorcycle,16.216,1,117.12,0.842,19.86,0.762,1,1.97155
Car,6.88,2,2.0,0.107,32.72,0.174,1,0.68645
Motorcycle,10.864,1,130.71,0.02,15.73,0.626,1,1.13512
Bicycle,7.853,1,112.81,0.548,29.34,0.928,1,0.0
Bicycle,11.563,1,122.46,0.098,37.62,0.794,1,0.0
Walking,18.402,1,128.58,0.681,21.47,0.264,0,0.0
Metro,13.759,1,110.66,0.021,14.81,0.291,0,0.60779
Car,2.029,3,3.0,0.578,17.19,0.874,1,0.16265
Metro,30.635,1,123.93,0.931,30.81,0.477,1,1.19214
Bus,15.543,1,21.15,0.162,21.95,0.438,0,1.32384
Bus,3.725,1,18.69,0.362,31.47,0.156,0,0.33634
Metro,7.108,1,126.32,0.848,16.64,0.436,1,0.27577
Walking,12.752,1,120.62,0.131,15.05,0.259,0,0.00957
Walking,25.509,1,131.55,0.522,16.03,0.08,1,0.0
Walking,6.021,1,115.74,0.635,10.25,0.794,1,0.00151
Walking,5.055,1,105.7,0.688,18.58,0.013,0,0.00012
Bicycle,32.706,1,115.45,0.863,39.47,0.47,0,0.0
Walking,10.008,1,120.55,0.645,20.36,0.099,0,0.00265
Walking,5.979,1,129.38,0.7,19.02,0.148,0,0.00416
Bicycle,7.078,1,111.27,0.126,34.64,0.799,0,0.01548
Motorcycle,6.928,1,127.55,0.35,38.08,0.772,0,0.78236
Bicycle,10.364,1,123.69,0.305,16.27,0.715,1,0.0
Motorcycle,5.794,1,119.29,0.361,15.86,0.562,0,0.65285
Bicycle,7.677,1,137.41,0.628,15.55,0.01,0,0.00219
Motorcycle,8.432,1,131.56,0.078,34.61,0.109,0,0.90798
Bicycle,26.401,1,126.89,0.925,34.16,0.13,1,0.0
Bus,18.817,1,23.52,0.284,12.83,0.46,1,1.42713
Walking,22.254,1,117.88,0.173,21.54,0.09,1,0.0
Motorcycle,3.556,1,123.19,0.958,11.59,0.479,0,0.46894
Motorcycle,16.229,1,121.45,0.779,39.24,0.227,1,1.90618
Bicycle,6.093,1,117.38,0.189,23.42,0.024,1,0.0
Bus,36.479,1,24.59,0.573,26.65,0.424,1,2.83871
Bicycle,16.033,1,115.58,0.978,19.77,0.161,0,0.0
Bicycle,11.101,1,124.52,0.325,37.92,0.376,0,0.00228
Motorcycle,14.073,1,117.24,0.901,32.44,0.441,1,1.76526
Walking,11.012,1,119.66,0.439,30.01,0.434,1,0.00469
Bicycle,14.852,1,110.0,0.82,24.56,0.338,1,0.0
Car,11.999,5,5.0,0.131,25.51,0.444,0,0.44123
Metro,12.344,1,133.54,0.427,25.8,0.45,0,0.42937
Metro,8.488,1,115.22,0.768,33.25,0.733,0,0.37115
Bus,24.786,1,9.85,0.484,32.43,0.258,0,4.41739
Walking,4.234,1,124.25,0.965,38.37,0.694,0,0.0
Car,8.252,2,2.0,0.694,36.76,0.377,0,0.94136
Bus,13.483,1,21.47,0.457,25.09,0.516,1,1.09671
Walking,29.242,1,125.13,0.774,18.65,0.664,1,0.0
Metro,7.794,1,118.14,0.076,26.01,0.684,1,0.32727
Bus,9.934,1,14.68,0.981,36.62,0.856,1,1.33953
Bus,15.802,1,14.9,0.256,24.56,0.529,0,1.88048
Walking,10.293,1,106.52,0.058,27.12,0.06,1,0.00769
Motorcycle,8.687,1,110.85,0.79,27.39,0.006,0,1.0385
Car,12.971,1,1.0,0.38,14.53,0.096,1,2.74238
Car,10.219,4,4.0,0.676,22.56,0.263,0,0.58799
Bus,4.946,1,15.35,0.172,38.9,0.633,1,0.54994
Walking,3.583,1,111.44,0.868,39.44,0.322,0,0.00029
Motorcycle,10.262,1,126.26,0.408,33.16,0.009,1,1.16506
Walking,11.364,1,115.85,0.466,16.09,0.791,0,0.0
Bus,2.56,1,2.19,0.217,25.78,0.717,1,2.02911
Walking,9.296,1,103.56,0.218,14.47,0.258,1,0.0
Bus,16.666,1,18.18,0.694,19.16,0.895,1,1.69527
Bicycle,16.698,1,122.41,0.251,24.15,0.797,1,0.01498
Walking,38.256,1,115.03,0.884,37.54,0.786,0,0.0
Car,14.44,3,3.0,0.516,16.32,0.328,0,0.98015
Motorcycle,4.274,1,114.15,0.895,10.14,0.878,0,0.56478
Car,10.142,5,5.0,0.72,39.51,0.2,1,0.45128
Car,11.311,4,4.0,0.429,10.06,0.485,0,0.62176
Metro,9.989,1,127.22,0.236,18.07,0.687,1,0.38639
Bus,11.867,1,16.33,0.452,15.75,0.516,0,1.32709
Bicycle,13.256,1,119.74,0.731,31.68,0.896,1,0.00301
Walking,2.309,1,125.83,0.156,21.37,0.793,1,0.01038
Walking,15.108,1,104.31,0.898,19.86,0.188,0,0.0
Metro,9.758,1,123.54,0.174,30.15,0.325,0,0.39211
Car,8.923,3,3.0,0.315,28.75,0.079,0,0.64125
Motorcycle,7.134,1,127.07,0.609,12.54,0.126,1,0.8144
Walking,15.229,1,111.15,0.815,17.97,0.701,1,0.0091
Bus,1.748,1,27.93,0.007,33.15,0.536,1,0.11297
Bicycle,7.375,1,107.76,0.927,33.4,0.884,1,0.01132
Motorcycle,11.248,1,127.64,0.685,26.07,0.633,0,1.33451
Bicycle,18.476,1,119.41,0.075,37.12,0.839,0,0.00361
Motorcycle,1.625,1,124.93,0.66,13.68,0.16,1,0.17463
Car,6.725,3,3.0,0.517,19.21,0.199,1,0.49076
Bicycle,15.299,1,120.64,0.152,23.33,0.387,0,0.0
Bicycle,33.702,1,112.64,0.607,22.68,0.876,1,0.0
Metro,9.376,1,111.41,0.402,32.53,0.842,0,0.40343
Bus,9.243,1,15.96,0.171,14.24,0.101,0,0.90253
Motorcycle,7.628,1,131.34,0.705,16.35,0.114,1,0.90303
Motorcycle,5.685,1,127.42,0.56,38.24,0.075,1,0.6052
Car,15.901,5,5.0,0.221,32.77,0.218,1,0.65438
Metro,14.891,1,117.6,0.311,36.49,0.714,0,0.59864
Bus,21.702,1,29.77,0.733,17.9,0.024,1,1.32528
Motorcycle,18.441,1,115.03,0.595,29.08,0.078,0,2.07471
Walking,12.256,1,98.61,0.637,35.18,0.663,1,0.00572
Car,13.662,4,4.0,0.619,24.59,0.224,1,0.72851
Bus,17.957,1,5.15,0.201,29.26,0.123,1,5.89048
Metro,4.013,1,106.49,0.962,15.36,0.935,0,0.19821
Metro,2.569,1,120.9,0.583,21.25,0.824,1,0.10745
Bus,8.141,1,18.58,0.428,35.57,0.509,1,0.78578
Bicycle,5.232,1,118.82,0.625,10.98,0.2,1,0.00351
Motorcycle,43.117,1,112.88,0.255,19.14,0.794,1,4.90516
Motorcycle,0.807,1,123.23,0.564,35.16,0.318,1,0.08445
Bicycle,8.641,1,130.96,0.67,36.04,0.219,0,0.0
Bicycle,18.463,1,113.05,0.18,19.54,0.763,0,0.0
Bus,14.361,1,10.13,0.837,27.51,0.501,0,2.69785
Motorcycle,8.762,1,115.0,0.859,21.91,0.91,0,1.09633
Car,14.04,4,4.0,0.211,13.35,0.971,1,0.74441
Walking,9.563,1,109.91,0.096,20.8,0.536,0,0.0
Bus,32.7,1,21.28,0.516,31.19,0.667,0,2.83964
Car,6.3,4,4.0,0.581,22.97,0.598,0,0.33986
Bus,2.736,1,6.5,0.728,29.72,0.461,1,0.84051
Bus,7.382,1,14.84,0.592,23.87,0.109,0,0.86608
Car,40.928,4,4.0,0.003,31.72,0.887,0,2.07268
Metro,58.108,1,115.92,0.645,39.46,0.497,0,2.45669
Walking,1.088,1,119.89,0.07,24.32,0.327,1,0.0023
Bus,5.334,1,2.0,0.569,34.22,0.351,0,4.75684
Bus,17.694,1,16.51,0.105,25.87,0.335,0,1.79538
Bicycle,7.311,1,119.94,0.235,17.25,0.879,1,0.00036
Walking,19.393,1,115.83,0.725,25.54,0.998,0,0.0
Motorcycle,12.703,1,118.46,0.69,14.03,0.284,1,1.58328
Bus,9.028,1,28.85,0.92,28.23,0.292,0,0.58999
Bicycle,5.085,1,109.61,0.803,10.13,0.246,1,0.00467
Walking,33.981,1,118.28,0.923,13.44,0.199,1,0.0
Bus,5.587,1,15.9,0.923,39.51,0.926,0,0.7067
Metro,3.056,1,119.61,0.635,29.02,0.105,0,0.12871
Car,24.093,1,1.0,0.949,33.98,0.228,1,5.73685
Car,13.467,1,1.0,0.954,13.48,0.636,1,3.11302
Bus,2.044,1,33.38,0.401,26.9,0.214,1,0.10844
Bicycle,4.541,1,134.52,0.688,35.45,0.339,0,0.0075
Walking,5.948,1,122.87,0.385,34.86,0.199,1,0.0014
Car,6.707,2,2.0,0.586,32.28,0.57,1,0.7421
Walking,14.176,1,115.64,0.968,39.56,0.164,0,0.00216
Motorcycle,17.89,1,131.24,0.526,19.94,0.186,0,2.01385
Bicycle,6.836,1,113.5,0.991,38.6,0.219,0,0.00707
Motorcycle,3.899,1,111.16,0.806,18.47,0.139,1,0.47289
Bus,13.414,1,20.87,0.793,25.17,0.593,0,1.27905
Motorcycle,23.044,1,125.03,0.802,37.41,0.862,1,2.76354
Bus,7.347,1,21.56,0.096,18.82,0.163,0,0.52902
Car,11.788,5,5.0,0.824,16.98,0.795,1,0.54227
Metro,5.4,1,117.55,0.425,19.87,0.092,0,0.2362
Metro,10.787,1,129.62,0.104,20.15,0.972,0,0.39776
Car,4.275,2,2.0,0.864,18.85,0.309,1,0.50574
Bicycle,23.268,1,113.92,0.793,37.43,0.627,0,0.0
Metro,21.331,1,135.45,0.767,37.76,0.4,1,0.77193
Walking,12.043,1,111.83,0.87,25.85,0.585,0,0.0084
Bicycle,12.283,1,109.3,0.752,20.39,0.303,0,0.0
Bicycle,29.071,1,110.3,0.872,14.94,0.891,1,0.0
Bus,32.936,1,19.41,0.644,25.12,0.656,0,3.20301
Bus,7.691,1,16.37,0.653,18.31,0.364,0,0.84409
Walking,25.323,1,117.89,0.921,26.76,0.868,0,0.00896
Metro,10.895,1,124.52,0.237,13.39,0.212,1,0.40691
Bus,8.886,1,15.66,0.031,12.28,0.762,1,0.92487
Bus,10.242,1,32.41,0.67,12.89,0.164,1,0.56201
Bus,12.259,1,14.48,0.379,35.8,0.978,0,1.46454
Car,28.923,1,1.0,0.719,27.71,0.424,0,6.29828
Walking,11.611,1,129.68,0.569,37.54,0.019,0,0.0
Bus,14.387,1,22.66,0.312,10.97,0.525,0,1.16287
Bus,10.109,1,13.88,0.26,30.52,0.575,1,1.36069
Car,7.228,2,2.0,0.189,34.47,0.968,1,0.77003
Bicycle,2.503,1,119.27,0.772,10.11,0.03,1,0.0
Bicycle,40.927,1,128.1,0.329,19.12,0.474,1,0.0
Bus,10.036,1,10.93,0.387,33.13,0.961,0,1.64531
Car,23.268,3,3.0,0.822,16.31,0.966,1,1.85637
Bus,11.298,1,20.77,0.487,27.46,0.979,0,1.03029
Bus,2.405,1,2.0,0.123,21.69,0.325,1,2.06185
Bus,6.148,1,7.81,0.652,26.71,0.755,0,1.48026
Motorcycle,11.384,1,130.66,0.288,11.11,0.515,0,1.24123
Bicycle,17.17,1,142.19,0.744,19.48,0.293,1,0.00771
Walking,11.001,1,114.25,0.414,32.95,0.682,1,0.02012
Bus,15.257,1,17.34,0.321,22.26,0.588,1,1.53843
Bicycle,7.898,1,128.94,0.357,25.32,0.728,1,0.00626
Motorcycle,11.186,1,126.77,0.804,17.84,0.437,0,1.36465
Walking,31.993,1,106.88,0.351,15.87,0.056,1,0.0027
Metro,9.193,1,114.51,0.061,30.76,0.781,0,0.42324
Motorcycle,8.762,1,125.68,0.831,28.2,0.469,0,1.10564
Metro,3.894,1,129.52,0.218,24.11,0.44,1,0.15444
Metro,25.28,1,116.68,0.787,10.47,0.77,1,1.09853
Metro,9.071,1,113.78,0.114,35.38,0.689,0,0.37895
Walking,1.816,1,121.55,0.912,29.11,0.903,1,0.00755
Motorcycle,12.442,1,138.0,0.852,38.95,0.668,1,1.57719
Walking,22.293,1,132.23,0.291,13.05,0.339,0,0.0
Motorcycle,5.914,1,133.92,0.676,29.47,0.848,0,0.7329
Bus,15.563,1,17.89,0.921,24.32,0.273,1,1.70059
Motorcycle,20.821,1,118.05,0.219,36.53,0.479,1,2.24907
Metro,19.112,1,120.43,0.119,20.87,0.906,1,0.80361
Metro,5.313,1,119.49,0.799,34.19,0.63,1,0.21084
Car,4.447,2,2.0,0.301,25.39,0.423,0,0.50202
Bicycle,49.701,1,123.74,0.075,17.2,0.349,0,0.00464
Motorcycle,6.506,1,121.52,0.022,21.02,0.051,0,0.68869
Bicycle,31.362,1,118.96,0.943,21.0,0.303,0,0.01095
Car,13.811,1,1.0,0.513,23.55,0.235,1,3.01038
Motorcycle,5.687,1,119.13,0.968,17.99,0.644,0,0.73047
Car,9.774,3,3.0,0.665,14.36,0.239,1,0.68197
Walking,5.205,1,118.8,0.475,29.9,0.328,0,0.0
Walking,5.228,1,117.93,0.252,32.95,0.466,0,0.00382
Walking,7.481,1,124.92,0.362,26.55,0.805,1,0.0
Bus,6.208,1,18.32,0.603,21.05,0.106,1,0.60761
Bicycle,7.629,1,127.79,0.195,32.78,0.765,1,0.0
Car,6.841,3,3.0,0.133,18.5,0.566,0,0.45478
Motorcycle,6.532,1,136.03,0.33,36.55,0.081,1,0.68443
Motorcycle,2.501,1,136.29,0.602,17.65,0.818,0,0.29265
Motorcycle,20.937,1,105.13,0.93,19.16,0.601,1,2.65668
Motorcycle,12.185,1,112.47,0.651,33.87,0.158,0,1.46455
Bus,25.405,1,24.83,0.581,19.38,0.277,0,1.84222
Walking,14.751,1,125.68,0.782,23.78,0.811,0,0.00042
Bicycle,41.752,1,128.11,0.448,13.98,0.498,1,0.01215
Car,8.355,1,1.0,0.717,29.85,0.72,0,2.02438
Bus,6.913,1,18.55,0.091,26.13,0.719,1,0.62843
Motorcycle,23.003,1,128.25,0.826,13.4,0.099,0,2.66942
Bus,11.868,1,16.43,0.01,30.13,0.563,1,1.18445
Metro,33.28,1,125.99,0.541,36.13,0.568,0,1.34647
Walking,4.941,1,109.69,0.535,13.29,0.024,0,0.0
Bus,5.015,1,16.53,0.817,31.6,0.863,0,0.62366
Walking,8.878,1,119.36,0.248,37.66,0.633,0,0.01144
Metro,5.896,1,115.23,0.424,39.26,0.758,1,0.25687
Motorcycle,16.059,1,122.02,0.073,15.83,0.449,0,1.75321
Metro,3.494,1,131.48,0.46,19.25,0.178,0,0.12269
Bicycle,29.671,1,104.83,0.722,34.03,0.633,0,0.0
Motorcycle,7.158,1,111.41,0.841,36.1,0.817,0,0.91878
Walking,1.132,1,115.29,0.391,17.6,0.842,0,0.0
Walking,14.158,1,133.99,0.811,34.15,0.8,1,0.00842
Metro,7.289,1,122.86,0.723,33.73,0.292,1,0.27312
Bus,4.012,1,17.26,0.886,12.92,0.53,0,0.43573
Bus,20.77,1,21.38,0.349,36.4,0.721,0,1.69621
Walking,8.994,1,124.63,0.346,13.06,0.154,0,0.0
Car,8.384,1,1.0,0.164,11.96,0.766,0,1.73409
Bus,4.895,1,23.93,0.089,23.78,0.461,0,0.35217
Walking,12.851,1,119.94,0.146,12.56,0.369,1,0.0
Car,8.474,5,5.0,0.569,15.71,0.565,0,0.3577
Bicycle,6.897,1,122.16,0.563,31.53,0.355,1,0.0
Car,10.02,2,2.0,0.609,25.92,0.168,1,1.11093
Walking,5.946,1,124.41,0.471,18.65,0.336,1,0.01329
Car,3.627,5,5.0,0.04,16.95,0.009,0,0.14826
Car,13.215,5,5.0,0.523,35.85,0.679,1,0.54595
Motorcycle,6.98,1,117.99,0.117,33.55,0.328,0,0.77674
Car,24.072,4,4.0,0.082,26.91,0.03,0,1.21116
Motorcycle,16.946,1,112.78,0.911,24.91,0.301,1,2.01163
Walking,19.895,1,113.21,0.222,33.92,0.82,0,0.00172
Bus,3.518,1,18.79,0.331,25.92,0.663,0,0.33979
Motorcycle,26.417,1,118.22,0.292,35.09,0.788,0,3.13211
Walking,5.905,1,122.22,0.623,36.51,0.889,0,0.0
Motorcycle,19.283,1,108.2,0.276,12.02,0.709,0,2.11557
Motorcycle,0.932,1,125.22,0.926,14.61,0.547,1,0.11559
Bicycle,4.37,1,104.83,0.561,16.4,0.633,1,0.00067
Metro,33.618,1,108.46,0.596,33.24,0.639,1,1.45144
Metro,9.165,1,118.59,0.363,36.34,0.383,0,0.34919
Bicycle,16.542,1,140.55,0.495,16.11,0.26,0,0.0117
Walking,4.484,1,126.32,0.263,11.17,0.867,1,0.0
Metro,1.994,1,118.28,0.14,12.19,0.029,1,0.07955
Walking,12.585,1,118.57,0.608,13.36,0.053,0,0.01326
Bus,20.534,1,14.45,0.907,20.9,0.559,0,2.79188
Bus,6.176,1,25.39,0.258,34.84,0.509,0,0.40443
Car,4.493,3,3.0,0.324,10.09,0.212,0,0.30788
Motorcycle,10.318,1,109.87,0.64,28.64,0.521,1,1.23051
Walking,1.463,1,126.99,0.437,21.16,0.13,1,0.02479
Car,5.708,3,3.0,0.54,11.65,0.231,1,0.42019
Bicycle,4.932,1,122.87,0.308,12.4,0.729,0,0.0
Motorcycle,3.529,1,128.65,0.482,20.86,0.516,1,0.40015
Bus,34.396,1,17.96,0.019,21.14,0.199,1,3.1427
Metro,6.237,1,117.91,0.271,28.7,0.866,1,0.28398
Walking,29.387,1,129.79,0.289,36.75,0.639,0,0.00988
Walking,8.853,1,123.51,0.877,33.91,0.568,1,0.0
Walking,4.81,1,115.5,0.433,27.38,0.047,0,0.0
Bicycle,10.001,1,124.97,0.512,32.73,0.623,1,0.01879
Metro,6.996,1,113.41,0.436,26.45,0.324,0,0.31036
Bicycle,10.577,1,107.78,0.955,24.72,0.77,0,0.00588
Motorcycle,3.622,1,132.98,0.118,23.42,0.326,1,0.39251
Bus,5.056,1,16.49,0.759,26.75,0.726,1,0.61084
Bicycle,12.463,1,125.87,0.688,38.79,0.585,0,0.01568
Walking,5.926,1,123.1,0.906,30.92,0.547,0,0.0
Car,18.226,4,4.0,0.829,19.74,0.518,0,1.10902
Bicycle,4.022,1,110.83,0.588,34.47,0.361,0,0.00238
Metro,17.152,1,114.83,0.078,33.81,0.986,0,0.76606
Motorcycle,8.242,1,115.68,0.475,28.57,0.792,0,0.96052
Bicycle,3.88,1,112.32,0.969,33.94,0.972,0,0.0097
Walking,1.804,1,120.98,0.699,36.89,0.212,1,0.00319
Motorcycle,14.273,1,113.94,0.011,39.09,0.384,1,1.60687
Metro,3.638,1,125.39,0.459,36.55,0.996,1,0.14317
Car,20.391,2,2.0,0.823,12.9,0.16,1,2.38343
Motorcycle,5.478,1,122.82,0.823,15.79,0.144,0,0.68919
Metro,9.273,1,117.88,0.187,12.1,0.228,0,0.39735
Metro,12.119,1,127.65,0.98,35.63,0.593,1,0.47163
Walking,2.472,1,133.78,0.674,25.35,0.497,0,0.00337
Walking,17.393,1,117.31,0.775,13.44,0.501,0,0.01082
Car,0.5,3,3.0,0.876,10.13,0.1,1,0.03957
Walking,4.644,1,125.14,0.035,20.88,0.837,0,0.0
Car,9.638,5,5.0,0.783,23.91,0.835,0,0.44006
Walking,5.814,1,115.56,0.7,37.81,0.039,1,3e-05
Bicycle,0.654,1,118.66,0.616,21.05,0.298,1,0.00477
Car,3.544,3,3.0,0.351,20.96,0.23,0,0.24066
Bus,10.812,1,6.99,0.325,36.99,0.966,0,2.85029
Motorcycle,2.62,1,125.49,0.525,17.4,0.923,0,0.31155
Bus,6.965,1,26.26,0.478,33.79,0.315,1,0.45475
Bus,9.29,1,24.43,0.286,32.62,0.377,1,0.65219
Walking,14.518,1,112.99,0.948,14.1,0.278,0,0.0
Bus,13.945,1,26.89,0.32,16.2,0.249,1,0.9232
Bus,15.885,1,17.21,0.787,22.68,0.993,0,1.81469
Bus,3.559,1,27.34,0.936,31.28,0.48,1,0.24996
Bus,5.536,1,18.42,0.693,12.37,0.391,0,0.57097
Car,2.202,4,4.0,0.836,25.84,0.299,0,0.14864
Metro,16.058,1,118.95,0.619,39.02,0.158,1,0.63149
Walking,22.599,1,121.91,0.256,13.57,0.492,1,0.0051
Metro,23.471,1,116.69,0.798,13.5,0.104,0,0.94097
Motorcycle,5.161,1,130.74,0.39,37.93,0.57,0,0.61678
Car,17.418,3,3.0,0.872,39.2,0.259,0,1.39631
Bicycle,10.824,1,125.75,0.07,20.67,0.307,1,0.00585
Bus,9.583,1,22.06,0.008,13.94,0.587,0,0.76814
Bicycle,5.864,1,131.65,0.201,14.99,0.298,1,0.01633
Bicycle,12.738,1,132.08,0.582,21.93,0.439,0,0.00178
Metro,24.202,1,106.19,0.695,20.37,0.86,1,1.19934
Bicycle,19.285,1,109.24,0.203,11.0,0.824,1,0.01624
Metro,6.317,1,128.07,0.307,30.67,0.511,0,0.24661
Car,10.372,1,1.0,0.639,18.13,0.585,1,2.33024
Bicycle,5.305,1,130.44,0.143,27.11,0.586,1,0.01019
Metro,1.058,1,112.19,0.718,37.73,0.684,1,0.03395
Bicycle,14.056,1,117.62,0.476,32.88,0.467,1,0.01268
Car,9.007,2,2.0,0.382,15.24,0.721,1,0.97671
Bus,17.395,1,7.85,0.125,17.52,0.34,0,3.65835
Motorcycle,7.226,1,115.59,0.931,34.27,0.1,0,0.86179
Metro,6.686,1,121.47,0.508,19.07,0.243,0,0.26574
Car,7.713,2,2.0,0.787,28.27,0.221,1,0.88769
Bus,4.86,1,22.95,0.622,12.56,0.583,1,0.40892
Car,4.505,1,1.0,0.782,29.9,0.386,0,1.0186
Bus,14.862,1,6.17,0.371,36.12,0.891,0,4.14132
Bicycle,0.5,1,121.3,0.784,19.14,0.342,1,0.00285
Car,16.276,3,3.0,0.714,23.12,0.719,0,1.25077
Bus,11.1,1,14.8,0.203,38.39,0.096,1,1.24605
Bicycle,17.759,1,108.02,0.245,22.54,0.873,0,0.0
Bicycle,18.457,1,114.27,0.871,28.27,0.049,0,0.0
Bus,7.761,1,9.52,0.161,16.05,0.346,0,1.36019
Car,0.5,4,4.0,0.941,33.09,0.321,0,0.02707
Bicycle,11.644,1,126.51,0.788,11.66,0.287,1,0.0
Car,16.995,2,2.0,0.143,28.4,0.962,0,1.85604
Car,6.357,3,3.0,0.888,10.71,0.218,0,0.4886
Bicycle,4.294,1,107.37,0.992,29.19,0.178,1,0.0
Car,3.827,4,4.0,0.297,24.33,0.596,1,0.19993
Bus,21.702,1,29.59,0.956,31.74,0.77,0,1.43915
Motorcycle,7.189,1,126.51,0.385,26.78,0.704,0,0.84424
Bicycle,12.233,1,110.71,0.802,22.36,0.769,0,0.0
Metro,29.407,1,106.66,0.761,22.46,0.618,1,1.33663
Walking,2.659,1,118.69,0.242,36.92,0.73,0,0.0
Bus,7.74,1,7.75,0.832,24.69,0.085,0,1.81529
Car,18.519,3,3.0,0.394,10.32,0.97,0,1.33864
Bicycle,3.569,1,128.48,0.79,12.89,0.424,0,0.0
Bus,6.723,1,11.03,0.866,10.1,0.095,1,1.12734
Metro,12.168,1,123.08,0.306,12.23,0.378,0,0.47207
Bus,5.585,1,17.02,0.014,32.08,0.486,0,0.54961
Bicycle,4.83,1,123.35,0.579,35.5,0.236,1,0.00777
Bus,22.28,1,14.67,0.59,25.65,0.544,0,2.74276
Walking,4.308,1,127.94,0.611,34.38,0.982,1,0.00103
Motorcycle,15.433,1,121.96,0.994,30.71,0.406,1,1.94656
Car,16.972,5,5.0,0.514,16.46,0.134,1,0.74524
Car,7.574,5,5.0,0.797,12.55,0.2,1,0.3513
Walking,25.477,1,122.41,0.79,16.37,0.257,1,0.0
Metro,17.73,1,124.1,0.286,33.19,0.765,1,0.73892
Car,9.648,3,3.0,0.742,19.05,0.682,1,0.72037
Bus,2.865,1,22.66,0.702,18.33,0.467,1,0.22759
Car,11.848,3,3.0,0.599,19.82,0.9,0,0.95039
Walking,15.953,1,116.4,0.767,25.56,0.921,0,0.0
Metro,20.992,1,126.07,0.699,13.69,0.462,0,0.83027
Metro,4.29,1,106.33,0.585,31.14,0.834,1,0.2085
Motorcycle,11.704,1,118.98,0.4,31.68,0.78,1,1.36312
Bicycle,17.006,1,119.16,0.225,19.85,0.046,0,0.01776
Bus,12.297,1,16.43,0.53,28.16,0.869,1,1.40411
Metro,12.213,1,123.12,0.907,39.75,0.71,0,0.49403
Bus,12.923,1,23.72,0.743,39.44,0.213,0,1.05381
Metro,13.861,1,127.08,0.745,30.15,0.767,0,0.5599
Metro,10.573,1,116.56,0.665,37.29,0.801,1,0.46948
Walking,7.745,1,131.72,0.335,29.86,0.784,0,0.0099
Walking,15.214,1,121.86,0.053,23.64,0.976,1,0.0
Bicycle,43.398,1,109.89,0.061,23.38,0.372,1,0.0
Walking,28.636,1,126.02,0.553,16.58,0.968,1,0.0
Bus,11.53,1,4.98,0.802,26.97,0.684,1,4.41338
Bus,3.807,1,26.23,0.915,32.44,0.55,0,0.28459
Metro,4.938,1,124.33,0.439,20.71,0.294,1,0.17883
Walking,22.866,1,119.3,0.773,26.96,0.68,1,0.0
Motorcycle,9.665,1,105.74,0.569,11.08,0.013,1,1.10991
Bicycle,15.654,1,129.13,0.947,26.59,0.792,1,0.015
Walking,5.036,1,123.83,0.78,22.28,0.373,0,0.01472
Walking,15.004,1,114.98,0.152,21.64,0.752,1,0.00493
Metro,3.061,1,133.0,0.2,25.27,0.335,0,0.13441
Bicycle,3.53,1,113.5,0.911,22.76,0.174,1,0.0
Metro,20.86,1,121.35,0.334,14.34,0.918,1,0.84809
Walking,3.916,1,121.56,0.877,22.6,0.093,0,0.02171
Walking,1.468,1,122.62,0.218,29.68,0.24,0,0.00616
Motorcycle,18.46,1,107.75,0.349,36.94,0.08,1,2.04505
Car,9.307,5,5.0,0.119,37.82,0.986,1,0.40445
Bus,7.86,1,27.22,0.021,20.52,0.441,0,0.47985
Motorcycle,4.895,1,120.69,0.42,36.03,0.571,0,0.56054
Bus,14.348,1,5.85,0.899,30.4,0.885,0,4.6913
Motorcycle,2.213,1,128.77,0.44,25.06,0.596,0,0.26499
Bicycle,6.995,1,126.48,0.415,33.68,0.718,1,0.00677
Walking,7.527,1,128.77,0.649,12.02,0.181,0,0.0033
Walking,18.745,1,123.83,0.674,32.47,0.6,0,0.0
Metro,11.27,1,122.89,0.931,34.03,0.785,0,0.4531
Walking,8.062,1,112.8,0.178,30.35,0.922,0,0.0007
Car,14.831,5,5.0,0.588,22.78,0.348,1,0.65028
Motorcycle,9.771,1,130.68,0.003,16.42,0.184,1,1.04952
Car,6.808,5,5.0,0.417,26.45,0.41,1,0.29776
Bus,12.531,1,17.67,0.098,38.71,0.342,1,1.12571
Car,18.831,2,2.0,0.698,21.76,0.858,1,2.21278
Car,15.289,3,3.0,0.982,31.34,0.409,0,1.24105
Bicycle,4.037,1,113.81,0.227,13.0,0.403,0,0.01313
Metro,4.843,1,110.3,0.499,29.01,0.276,0,0.21187
Walking,14.47,1,111.6,0.651,11.26,0.081,0,0.0
Bus,7.57,1,25.91,0.954,14.54,0.105,0,0.56602
Bus,35.685,1,6.18,0.823,35.12,0.412,1,11.08785
Bus,10.133,1,22.93,0.487,34.8,0.081,0,0.83643
Walking,19.517,1,123.13,0.391,18.79,0.068,1,0.0
Motorcycle,10.165,1,113.21,0.223,31.7,0.223,1,1.12012
Bus,18.472,1,32.91,0.222,36.51,0.551,0,1.00188
Bicycle,17.449,1,113.39,0.397,39.61,0.261,0,0.00557
Car,19.066,2,2.0,0.629,27.78,0.131,0,2.11162
Walking,11.126,1,116.29,0.11,37.73,0.741,1,0.03515
Motorcycle,8.378,1,120.13,0.546,12.8,0.962,1,0.98094
Car,20.887,4,4.0,0.025,16.91,0.541,1,1.07272
Car,11.562,5,5.0,0.068,34.59,0.882,0,0.47986
Walking,13.246,1,127.34,0.314,37.02,0.242,1,0.0
Walking,8.511,1,111.87,0.288,15.35,0.996,1,0.0
Walking,8.446,1,123.48,0.365,20.74,0.14,0,0.00069
Bicycle,5.1,1,104.41,0.991,36.55,0.015,0,0.00527
Car,23.087,3,3.0,0.815,25.86,0.949,0,1.82965
Bus,16.84,1,10.77,0.155,14.85,0.388,1,2.55791
Bicycle,4.013,1,128.65,0.321,13.4,0.55,1,0.0
Bus,4.223,1,23.93,0.874,38.18,0.932,1,0.35529
Bicycle,9.092,1,127.68,0.886,25.94,0.323,1,0.0082
Metro,8.299,1,111.51,0.761,39.21,0.423,1,0.36346
Bicycle,27.233,1,117.23,0.917,34.56,0.593,0,0.01099
Metro,20.262,1,117.73,0.797,24.62,0.424,0,0.85415
Walking,18.106,1,121.41,0.379,18.38,0.965,0,0.01323
Walking,22.315,1,115.45,0.445,17.99,0.584,0,0.0
Motorcycle,15.933,1,118.48,0.222,28.92,0.068,0,1.74589
Bus,42.929,1,43.54,0.206,27.06,0.868,1,1.70868
Bus,16.863,1,8.85,0.087,27.95,0.227,0,3.22041
Bus,4.546,1,21.81,0.491,25.38,0.707,0,0.39779
Metro,15.703,1,134.72,0.46,25.05,0.245,0,0.55698
Bicycle,13.011,1,121.61,0.038,39.04,0.564,0,0.01295
Motorcycle,3.561,1,131.19,0.827,17.22,0.661,1,0.4592
Bicycle,19.087,1,110.44,0.951,33.34,0.387,0,0.0045
Walking,4.491,1,127.54,0.058,33.34,0.817,0,0.0
Walking,23.274,1,119.18,0.886,26.43,0.311,1,0.00646
Bus,12.176,1,24.03,0.672,17.18,0.895,0,0.98486
Car,27.456,3,3.0,0.493,22.07,0.039,1,1.80742
Car,10.202,2,2.0,0.722,38.19,0.468,0,1.20062
Bus,9.697,1,7.42,0.664,25.28,0.593,1,2.48382
Walking,9.955,1,134.08,0.556,34.39,0.28,1,0.0
Car,17.753,1,1.0,0.952,35.03,0.731,0,4.2079
Walking,23.142,1,106.95,0.547,18.43,0.457,0,0.0
Bus,0.5,1,2.23,0.72,33.47,0.347,1,0.43534
Motorcycle,12.152,1,107.05,0.77,20.34,0.868,1,1.46413
Walking,9.964,1,110.69,0.26,11.08,0.518,1,0.0
Walking,5.961,1,126.71,0.715,30.13,0.032,1,0.01172
Motorcycle,3.339,1,130.15,0.771,30.94,0.799,1,0.4183
Bicycle,18.546,1,120.65,0.571,31.65,0.244,1,0.00325
Motorcycle,0.905,1,120.28,0.418,19.94,0.069,1,0.10826
Bus,12.73,1,23.58,0.232,34.33,0.948,1,0.96312
Motorcycle,13.598,1,111.63,0.674,32.9,0.711,1,1.63121
Motorcycle,16.231,1,115.38,0.09,26.42,0.708,1,1.74346
Metro,1.335,1,115.73,0.243,26.76,0.384,1,0.04896
Bicycle,8.218,1,117.08,0.962,18.25,0.861,1,0.0
Walking,18.627,1,124.74,0.307,14.9,0.556,0,0.0
Metro,19.37,1,123.18,0.233,26.86,0.293,0,0.75248
Motorcycle,10.737,1,111.18,0.129,10.65,0.09,1,1.13615
Car,12.279,5,5.0,0.333,27.83,0.308,0,0.52872
Walking,3.792,1,117.22,0.201,12.64,0.901,0,0.0
Metro,13.182,1,139.02,0.339,32.2,0.903,1,0.46988
Metro,9.755,1,116.74,0.67,37.6,0.758,1,0.43452
Motorcycle,23.587,1,120.02,0.543,39.84,0.999,1,2.82718
Motorcycle,8.509,1,128.38,0.039,34.1,0.456,0,0.94993
Walking,3.376,1,114.97,0.021,29.03,0.243,1,0.01223
Motorcycle,9.692,1,124.63,0.428,13.49,0.491,0,1.0881
Bicycle,5.834,1,126.11,0.489,33.16,0.433,0,0.01343
Walking,7.633,1,121.49,0.399,32.24,0.929,0,0.0
Metro,29.25,1,123.07,0.158,13.61,0.731,1,1.18635
Motorcycle,14.491,1,116.86,0.529,25.99,0.448,0,1.68649
Bicycle,12.63,1,117.82,0.265,36.35,0.741,1,0.0
Bus,17.075,1,12.09,0.256,34.94,0.636,0,2.36619
Bicycle,8.711,1,125.78,0.186,17.93,0.789,1,0.0
Motorcycle,12.387,1,119.51,0.978,38.44,0.934,1,1.67168
Metro,4.782,1,122.81,0.819,21.67,0.24,1,0.20073
Bus,19.134,1,3.36,0.184,31.96,0.627,1,9.92422
Car,6.264,1,1.0,0.583,17.7,0.909,0,1.36632
Car,15.333,3,3.0,0.059,21.45,0.148,0,0.96449
Metro,12.293,1,123.35,0.028,12.51,0.0,0,0.49416
Metro,3.791,1,117.09,0.197,35.14,0.206,1,0.15709
Bicycle,12.703,1,121.16,0.121,26.1,0.707,1,0.0
Walking,14.604,1,123.97,0.534,30.22,0.269,0,0.0
Bus,8.533,1,6.95,0.694,14.86,0.97,0,2.41981
Walking,2.415,1,125.41,0.056,19.09,0.223,0,0.01449
Walking,2.054,1,99.09,0.994,27.43,0.209,1,0.01036
Bicycle,7.517,1,134.1,0.074,34.46,0.605,1,0.01425
Metro,3.284,1,108.53,0.671,28.07,0.722,0,0.16139
Walking,6.345,1,107.06,0.499,23.56,0.964,0,0.00607
Bicycle,12.641,1,110.08,0.05,32.21,0.797,1,0.01382
Car,7.818,2,2.0,0.119,24.95,0.533,0,0.78482
Bicycle,6.986,1,126.58,0.213,31.7,0.435,1,0.01037
Motorcycle,24.423,1,130.54,0.523,31.82,0.566,0,2.99338
Bicycle,8.411,1,112.63,0.629,36.9,0.992,0,0.00612
Car,4.967,1,1.0,0.306,30.32,0.911,0,1.14513
Metro,9.333,1,121.98,0.507,28.33,0.49,0,0.37393
Bus,5.882,1,2.0,0.625,31.71,0.604,1,5.41821
Walking,48.321,1,118.54,0.401,25.69,0.042,1,0.00161
Walking,11.134,1,118.96,0.978,23.09,0.206,0,0.00879
Walking,12.701,1,112.25,0.877,26.43,0.418,0,0.0163
Metro,8.81,1,122.57,0.263,30.87,0.71,0,0.35698
Walking,14.453,1,127.16,0.445,15.18,0.546,1,0.00075
Metro,3.042,1,130.07,0.224,38.61,0.803,0,0.13154
Motorcycle,10.142,1,114.91,0.649,14.41,0.19,1,1.22928
Walking,8.66,1,137.79,0.291,22.76,0.276,1,0.00702
Bus,2.143,1,17.68,0.79,25.19,0.367,0,0.24084
Metro,7.642,1,108.85,0.432,14.15,0.006,1,0.33711
Motorcycle,11.6,1,123.47,0.003,29.5,0.207,0,1.18868
Metro,6.895,1,115.45,0.175,31.17,0.395,0,0.28078
Bicycle,29.471,1,114.55,0.422,13.4,0.643,0,0.0
Bus,8.203,1,14.76,0.405,37.69,0.261,0,1.00703
Metro,0.815,1,110.64,0.351,37.21,0.377,1,0.04059
Bus,5.224,1,29.5,0.694,25.89,0.506,0,0.34317
Car,39.356,2,2.0,0.939,22.33,0.692,0,5.00227
Metro,19.286,1,120.49,0.482,26.83,0.938,1,0.75923
Motorcycle,41.123,1,122.95,0.246,33.0,0.615,0,4.6633
Metro,17.508,1,114.94,0.232,13.73,0.876,1,0.73922
Motorcycle,34.694,1,120.03,0.698,29.99,0.589,0,4.32769
Walking,17.859,1,111.2,0.326,22.78,0.339,0,0.00203
Bus,8.905,1,33.0,0.426,39.72,0.482,1,0.48513
Bus,6.476,1,25.42,0.724,16.99,0.733,1,0.4676
Metro,10.987,1,115.95,0.883,17.29,0.999,1,0.43515
Bicycle,7.995,1,124.19,0.17,20.75,0.629,0,0.0
Motorcycle,40.225,1,113.64,0.741,32.05,0.864,0,4.97843
Walking,10.29,1,120.03,0.239,34.77,0.445,0,0.0
Walking,4.701,1,127.81,0.43,17.18,0.467,0,0.0
Walking,30.788,1,122.27,0.041,22.98,0.063,0,0.01322
Metro,7.778,1,106.6,0.906,19.32,0.382,1,0.35686
Bicycle,15.846,1,115.61,0.257,14.73,0.792,0,0.00791
Bus,14.338,1,13.57,0.01,27.3,0.569,0,1.83677
Bus,13.307,1,35.24,0.28,27.58,0.418,0,0.65722
Bus,18.926,1,8.06,0.308,34.21,0.197,1,4.03317
Bicycle,13.395,1,116.24,0.887,36.22,0.975,0,0.0
Motorcycle,14.409,1,117.73,0.682,19.79,0.588,1,1.78043
Walking,3.824,1,123.62,0.858,26.55,0.534,1,0.0
Metro,18.973,1,119.57,0.427,18.58,0.99,1,0.80424
Bicycle,3.015,1,103.34,0.691,13.55,0.146,1,0.00606
Metro,6.993,1,122.63,0.923,34.15,0.626,1,0.26834
Bus,3.874,1,29.14,0.589,21.4,0.202,0,0.24739
Bicycle,5.972,1,110.21,0.685,36.82,0.182,0,0.0
Car,3.776,4,4.0,0.277,11.77,0.97,0,0.18613
Motorcycle,11.002,1,122.56,0.271,24.83,0.111,1,1.24761
Car,5.404,5,5.0,0.333,11.68,0.252,1,0.22101
Car,7.418,1,1.0,0.404,10.09,0.029,0,1.5208
Bicycle,9.755,1,122.65,0.747,23.29,0.342,0,0.0
Motorcycle,12.515,1,125.09,0.254,24.43,0.391,0,1.35957
Walking,36.92,1,118.86,0.545,10.81,0.902,1,0.01995
Walking,26.051,1,113.77,0.12,20.77,0.858,1,0.0
Motorcycle,6.335,1,94.72,0.589,22.67,0.404,0,0.76199
Metro,5.988,1,126.04,0.554,14.22,0.968,0,0.21207
Walking,17.072,1,118.92,0.888,31.29,0.282,0,0.0
Motorcycle,14.129,1,117.78,0.176,21.63,0.251,1,1.55107
Motorcycle,2.874,1,124.96,0.449,22.91,0.687,1,0.34034
Bicycle,17.962,1,123.81,0.06,22.31,0.001,0,0.0
Bus,2.08,1,21.74,0.892,36.69,0.823,0,0.20473
Metro,14.234,1,109.52,0.389,12.79,0.043,1,0.6738
Bus,1.876,1,22.43,0.656,35.17,0.824,1,0.14588
Metro,18.001,1,126.55,0.942,31.91,0.271,0,0.70656
Metro,13.791,1,106.54,0.739,31.9,0.934,1,0.65826
Walking,25.771,1,118.45,0.039,24.44,0.886,1,0.00112
Bicycle,17.458,1,109.61,0.764,38.26,0.847,1,0.01201
Walking,26.56,1,129.59,0.236,29.24,0.483,0,0.00105
Walking,14.794,1,109.24,0.468,11.06,0.392,0,0.00842
Motorcycle,2.104,1,114.02,0.147,21.65,0.286,1,0.22468
Car,7.577,2,2.0,0.928,29.39,0.283,0,0.883
Bus,7.701,1,24.07,0.047,13.94,0.042,1,0.49026
Metro,37.775,1,121.83,0.452,11.47,0.637,1,1.55049
Bicycle,10.721,1,113.47,0.288,39.75,0.23,1,0.0
Motorcycle,7.295,1,121.02,0.255,25.73,0.863,1,0.80634
Bicycle,33.574,1,104.4,0.274,33.88,0.257,0,0.0
Bus,6.903,1,15.16,0.154,29.18,0.795,0,0.75789
Bicycle,25.317,1,114.98,0.63,19.2,0.096,1,0.0
Metro,17.012,1,120.24,0.852,12.44,0.902,0,0.70068
Bus,12.594,1,28.39,0.752,27.29,0.041,0,0.79627
Metro,12.439,1,119.37,0.807,16.2,0.641,0,0.50156
Walking,14.07,1,119.89,0.153,37.38,0.62,0,0.0
Metro,17.012,1,131.01,0.086,10.33,0.571,0,0.63639
Car,8.229,5,5.0,0.699,15.96,0.02,1,0.37456
Car,22.046,3,3.0,0.962,33.15,0.564,1,1.68365
Bicycle,18.068,1,119.2,0.987,12.49,0.99,1,0.00249
Metro,13.869,1,126.16,0.323,32.06,0.543,1,0.53834
Motorcycle,9.508,1,125.73,0.133,18.43,0.575,1,1.0621
Motorcycle,17.577,1,137.73,0.116,29.8,0.027,1,1.93305
Bicycle,8.223,1,117.04,0.348,21.67,0.172,0,0.00027
Motorcycle,6.147,1,125.6,0.102,13.87,0.091,0,0.70741
Motorcycle,12.29,1,114.68,0.178,33.32,0.596,0,1.36614
Walking,11.408,1,113.54,0.152,31.43,0.744,0,0.01015
Bicycle,1.846,1,112.56,0.039,34.7,0.695,1,0.0
Motorcycle,26.731,1,118.69,0.54,35.59,0.678,1,3.27194
Car,8.731,3,3.0,0.753,28.51,0.854,0,0.66236
Motorcycle,8.357,1,115.72,0.695,31.34,0.376,0,1.00318
Motorcycle,14.555,1,122.0,0.691,10.16,0.502,0,1.77334
Bicycle,27.714,1,115.4,0.925,17.0,0.695,0,0.0
Bicycle,18.789,1,121.87,0.611,38.9,0.091,0,0.00029
Walking,9.06,1,115.82,0.513,32.82,0.658,1,0.00539
Walking,21.966,1,125.01,0.427,24.02,0.772,1,0.01017
Walking,12.591,1,129.4,0.339,22.74,0.866,1,0.0
Walking,17.532,1,124.79,0.902,19.75,0.971,1,0.0
Motorcycle,7.978,1,117.45,0.561,21.06,0.979,1,0.90734
Bus,4.305,1,23.87,0.014,15.17,0.102,0,0.28037
Metro,7.789,1,108.49,0.943,23.57,0.75,1,0.33139
Car,14.232,1,1.0,0.912,20.2,0.167,1,3.21359
Metro,26.176,1,124.23,0.276,11.72,0.173,0,1.00169
Metro,12.54,1,113.28,0.547,23.04,0.28,1,0.52809
Bus,3.916,1,4.18,0.766,25.33,0.425,0,1.77161
Bicycle,3.803,1,118.93,0.63,39.92,0.25,0,0.00041
Bus,9.496,1,23.47,0.686,24.36,0.411,0,0.7054
Metro,24.747,1,123.01,0.935,18.76,0.546,0,1.03493
Walking,36.312,1,123.54,0.494,32.92,0.042,1,0.0
Metro,7.566,1,110.05,0.46,13.61,0.309,1,0.3456
Metro,10.796,1,117.41,0.09,35.25,0.639,1,0.45478
Motorcycle,17.925,1,126.34,0.241,10.98,0.104,1,1.92647
Bus,11.568,1,21.32,0.141,16.39,0.976,0,0.94278
Car,7.831,3,3.0,0.359,19.14,0.423,1,0.56888
Metro,17.651,1,115.59,0.186,39.89,0.566,0,0.77099
Walking,21.527,1,118.96,0.967,38.24,0.707,0,0.0
Bicycle,10.291,1,110.36,0.959,29.93,0.432,0,0.0
Motorcycle,35.374,1,115.53,0.261,23.07,0.013,0,3.90351
Car,15.483,4,4.0,0.272,18.39,0.337,0,0.74666
Bus,8.809,1,24.43,0.693,23.57,0.94,1,0.70642
Metro,11.537,1,119.2,0.825,11.89,0.572,1,0.46988
Bicycle,13.918,1,114.32,0.567,24.91,0.51,0,0.0
Motorcycle,4.567,1,126.34,0.109,23.86,0.19,1,0.49046
Metro,13.044,1,111.82,0.406,19.41,0.049,0,0.57621
Bicycle,14.554,1,116.12,0.193,35.89,0.888,1,0.0
Metro,10.355,1,134.34,0.731,24.79,0.411,1,0.36808
Bicycle,6.856,1,120.93,0.47,38.04,0.978,0,0.0
Bicycle,5.084,1,122.81,0.311,15.14,0.704,1,0.00064
Motorcycle,5.486,1,119.43,0.79,34.02,0.782,1,0.66014
Motorcycle,1.761,1,127.05,0.765,26.35,0.399,1,0.20037
Motorcycle,7.779,1,113.74,0.466,13.23,0.178,0,0.9331
Motorcycle,2.801,1,103.04,0.715,19.69,0.649,0,0.35668
Metro,17.966,1,110.27,0.711,18.44,0.147,1,0.82446
Walking,3.203,1,119.95,0.913,36.42,0.126,1,0.0
Metro,11.879,1,121.65,0.771,29.72,0.432,1,0.47665
Metro,17.09,1,128.41,0.147,35.44,0.866,1,0.65342
Bus,15.769,1,18.09,0.687,37.23,0.574,1,1.64727
Bus,7.339,1,10.64,0.995,38.04,0.094,0,1.36257
Motorcycle,5.191,1,114.06,0.587,25.87,0.823,1,0.62693
Motorcycle,6.83,1,117.21,0.073,31.25,0.004,1,0.72157
Bus,19.409,1,18.6,0.987,26.05,0.975,1,2.06315
Motorcycle,2.989,1,110.53,0.239,21.83,0.533,0,0.33671
Motorcycle,2.099,1,110.25,0.098,27.11,0.641,1,0.22508
Walking,39.186,1,104.69,0.688,26.82,0.187,0,0.0
Bus,12.364,1,13.5,0.466,33.68,0.398,1,1.51906
Metro,16.349,1,136.86,0.653,25.13,0.855,0,0.58885
Car,17.709,5,5.0,0.376,36.88,0.253,0,0.75835
Car,32.416,2,2.0,0.267,27.78,0.419,0,3.34083
Metro,9.901,1,115.29,0.651,14.27,0.436,0,0.43473
Car,10.267,1,1.0,0.603,19.44,0.727,0,2.3197
Motorcycle,12.536,1,118.58,0.863,35.33,0.391,0,1.52383
Car,16.767,5,5.0,0.257,37.94,0.628,0,0.71787
Bicycle,13.889,1,113.45,0.153,20.69,0.028,1,0.0
Motorcycle,14.138,1,115.99,0.682,33.86,0.475,0,1.72438
Walking,11.24,1,130.99,0.658,33.73,0.459,0,0.0
Car,7.642,2,2.0,0.15,23.86,0.968,1,0.78632
Car,3.166,5,5.0,0.453,17.94,0.298,0,0.14033
Bus,17.018,1,12.27,0.447,14.65,0.289,0,2.47078
Walking,10.705,1,120.18,0.971,20.77,0.211,0,0.0
Car,17.972,3,3.0,0.778,23.53,0.714,0,1.35867
Car,5.138,3,3.0,0.492,31.13,0.17,0,0.36983
Bus,2.963,1,30.79,0.267,34.82,0.517,0,0.15834
Walking,11.724,1,131.24,0.316,20.81,0.622,0,0.0
Bus,10.162,1,26.1,0.699,16.12,0.564,1,0.74907
Bicycle,22.958,1,122.24,0.784,17.06,0.61,1,0.00736
Car,24.076,3,3.0,0.896,14.59,0.215,1,1.72936
Motorcycle,4.565,1,114.73,0.021,21.89,0.116,1,0.48696
Walking,8.987,1,119.53,0.508,25.36,0.148,0,0.00319
Car,7.927,4,4.0,0.589,12.33,0.174,0,0.42608
Bicycle,10.288,1,127.02,0.674,15.98,0.473,0,0.0
Metro,6.283,1,110.67,0.938,16.5,0.813,0,0.27289
Motorcycle,18.186,1,107.16,0.906,23.43,0.827,0,2.33336
Walking,5.046,1,130.12,0.148,16.18,0.368,1,0.00916
Bicycle,9.878,1,113.2,0.99,21.61,0.563,0,0.0
Metro,12.028,1,117.06,0.774,27.96,0.363,1,0.4986
Bus,15.932,1,7.59,0.327,22.07,0.432,1,3.57178
Car,4.709,1,1.0,0.091,14.21,0.929,1,0.96503
Metro,11.102,1,115.3,0.578,25.79,0.092,0,0.47769
Motorcycle,8.637,1,116.1,0.222,17.26,0.49,0,0.99261
Motorcycle,29.983,1,123.86,0.459,36.26,0.531,0,3.46953
Bus,12.265,1,23.83,0.405,27.15,0.054,0,0.89349
Motorcycle,6.282,1,116.86,0.061,23.48,0.398,0,0.69774
Walking,16.628,1,119.88,0.854,11.1,0.925,1,0.0
Bus,11.46,1,24.52,0.056,14.01,0.333,0,0.7741
Car,3.359,5,5.0,0.574,27.46,0.321,0,0.13188
Car,13.195,4,4.0,0.51,12.97,0.782,1,0.7237
Metro,5.17,1,112.68,0.427,23.58,0.182,0,0.21943
Walking,11.551,1,127.07,0.146,30.8,0.967,1,0.00052
Bicycle,17.893,1,115.0,0.556,12.3,0.264,1,0.0
Metro,15.036,1,119.26,0.183,38.34,0.467,0,0.62008
Car,4.812,3,3.0,0.637,34.83,0.823,1,0.36823
Motorcycle,9.333,1,117.08,0.296,22.69,0.565,1,1.07581
Bicycle,5.154,1,116.91,0.069,35.49,0.212,0,0.0
Metro,16.319,1,124.57,0.601,14.18,0.169,0,0.65747
Car,16.806,4,4.0,0.859,20.6,0.219,1,0.95822
Bicycle,3.445,1,131.98,0.19,33.02,0.541,1,0.00279
Bus,32.808,1,22.19,0.622,19.54,0.999,0,2.85998
Walking,21.272,1,133.22,0.314,33.39,0.354,0,0.01348
Metro,19.375,1,136.72,0.304,32.65,0.605,1,0.77309
Bicycle,3.418,1,101.9,0.742,28.89,0.198,0,0.01608
Car,11.844,2,2.0,0.619,33.37,0.464,0,1.2643
Motorcycle,18.138,1,130.77,0.041,34.55,0.922,0,2.03367
Bicycle,28.568,1,117.79,0.184,34.24,0.834,1,0.01153
Bicycle,12.346,1,104.8,0.926,18.39,0.331,0,0.0
Bicycle,15.779,1,127.47,0.523,19.27,0.785,0,0.0
Walking,6.841,1,124.28,0.116,19.06,0.272,0,0.0
Motorcycle,7.343,1,135.66,0.548,33.62,0.63,0,0.878
Metro,45.399,1,134.47,0.934,34.44,0.249,1,1.65391
Car,18.672,4,4.0,0.917,13.46,0.521,0,1.05993
Walking,11.29,1,110.39,0.495,39.03,0.89,1,0.00501
Metro,11.024,1,129.03,0.761,28.73,0.608,1,0.4035
Motorcycle,25.234,1,126.73,0.867,31.24,0.639,1,3.36764
Bicycle,23.022,1,115.11,0.188,29.86,0.665,1,0.00036
Metro,9.425,1,113.91,0.206,11.09,0.604,0,0.41915
Bus,23.433,1,2.22,0.356,20.89,0.61,0,19.00085
Bus,6.559,1,11.12,0.873,11.26,0.265,0,1.14139
Bicycle,17.803,1,106.84,0.959,37.63,0.982,0,0.00309
Car,8.901,5,5.0,0.03,13.4,0.506,0,0.368
Bicycle,5.322,1,113.2,0.624,21.25,0.743,0,0.0268
Bus,21.63,1,13.66,0.697,10.38,0.829,0,3.09632
Metro,18.139,1,106.47,0.779,31.4,0.495,0,0.8655
Bicycle,7.007,1,106.64,0.253,34.79,0.032,0,0.0
Bicycle,24.289,1,112.5,0.891,14.6,0.052,1,0.0
Car,12.196,2,2.0,0.253,31.64,0.515,0,1.24761
Bus,30.981,1,30.65,0.539,32.42,0.674,0,1.88341
Bicycle,11.852,1,133.19,0.44,14.17,0.893,1,0.00446
Motorcycle,7.536,1,118.36,0.566,16.39,0.865,1,0.92726
Bus,23.213,1,27.22,0.686,21.5,0.093,0,1.48681
Bus,10.884,1,28.13,0.56,16.02,0.86,1,0.71837
Motorcycle,10.415,1,108.86,0.471,14.67,0.394,1,1.22476
Motorcycle,11.464,1,132.12,0.116,11.3,0.952,1,1.27045
Car,5.971,4,4.0,0.329,10.74,0.965,0,0.30738
Bicycle,10.734,1,124.14,0.496,15.81,0.383,0,0.00183
Metro,14.857,1,117.61,0.878,33.44,0.126,0,0.6275
Bicycle,4.713,1,128.21,0.914,19.4,0.068,0,0.0
Car,3.616,5,5.0,0.984,26.2,0.396,0,0.16342
Bus,17.918,1,21.22,0.115,22.72,0.929,0,1.38018
Bicycle,9.65,1,121.6,0.094,25.63,0.38,1,0.00293
Car,4.054,4,4.0,0.44,26.96,0.417,1,0.20967
Bicycle,1.951,1,127.16,0.731,19.88,0.488,1,0.00077
Car,15.174,3,3.0,0.388,25.23,0.284,1,1.13159
Walking,3.941,1,114.77,0.285,12.28,0.132,1,0.0
Motorcycle,5.546,1,129.83,0.049,26.4,0.044,0,0.56138
Metro,6.554,1,117.01,0.098,26.02,0.312,1,0.27933
Car,16.577,4,4.0,0.648,31.51,0.072,0,0.90091
Bicycle,23.407,1,123.7,0.759,21.77,0.897,0,0.00159
Bus,22.741,1,32.2,0.31,24.16,0.022,0,1.21392
Car,13.233,1,1.0,0.797,38.15,0.115,1,2.81538
Car,12.296,3,3.0,0.964,32.01,0.343,0,0.9826
Metro,12.754,1,124.82,0.758,26.41,0.381,1,0.51015
Car,6.083,1,1.0,0.134,11.8,0.31,1,1.28009
Bicycle,7.942,1,123.14,0.46,18.55,0.671,1,0.0
Motorcycle,8.413,1,124.38,0.802,24.27,0.714,1,1.0379
Bus,9.61,1,10.46,0.719,38.97,0.176,0,1.69935
Bicycle,3.733,1,110.38,0.107,11.53,0.437,1,0.0
Car,16.851,5,5.0,0.367,25.05,0.104,0,0.70525
Car,14.242,4,4.0,0.985,19.01,0.906,1,0.87822
Motorcycle,3.043,1,118.64,0.576,39.19,0.029,1,0.3681
Car,13.73,3,3.0,0.124,16.9,0.066,1,0.95339
Bicycle,19.839,1,128.5,0.916,14.02,0.028,1,0.0
Walking,5.372,1,118.71,0.684,10.13,0.016,1,0.01056
Metro,7.187,1,118.59,0.467,23.28,0.212,1,0.30994
Bicycle,10.224,1,111.49,0.918,35.25,0.529,0,0.0
Metro,8.854,1,130.87,0.491,29.67,0.137,0,0.32697
Bicycle,3.613,1,118.95,0.873,30.94,0.812,0,0.0
Car,1.21,1,1.0,0.768,23.0,0.939,0,0.27924
Car,3.964,2,2.0,0.364,31.73,0.979,0,0.44079
Walking,46.365,1,111.2,0.217,10.31,0.069,1,0.0
Motorcycle,16.335,1,130.27,0.012,10.8,0.253,0,1.6507
Car,8.121,2,2.0,0.661,14.04,0.446,1,0.88169
Bicycle,11.475,1,126.23,0.52,30.79,0.949,0,0.00264
Walking,10.39,1,129.41,0.47,12.53,0.316,0,0.023
Bicycle,6.448,1,121.86,0.097,12.52,0.412,0,0.00621
Metro,33.091,1,138.51,0.616,23.93,0.441,0,1.13616
Bicycle,15.29,1,121.13,0.665,25.73,0.085,0,0.0
Walking,10.402,1,119.21,0.902,28.02,0.329,1,0.0
Bus,15.671,1,20.08,0.678,19.56,0.068,1,1.41304
Motorcycle,6.847,1,127.86,0.614,11.28,0.172,0,0.79884
Metro,26.174,1,102.8,0.839,37.73,0.254,0,1.29009
Bus,13.046,1,8.12,0.793,36.98,0.293,0,3.03469
Car,16.208,3,3.0,0.758,12.78,0.487,1,1.24388
Walking,40.126,1,110.39,0.871,26.43,0.601,0,0.0
Bicycle,10.526,1,124.95,0.865,14.62,0.083,0,0.0
Bus,10.113,1,9.81,0.042,30.78,0.069,0,1.67165
Walking,6.926,1,133.44,0.947,17.38,0.668,1,0.00615
Walking,6.584,1,105.75,0.444,38.1,0.611,0,0.00776
Motorcycle,7.426,1,107.99,0.124,12.7,0.54,0,0.78536
Car,5.454,1,1.0,0.747,26.43,0.516,1,1.24938
Metro,15.276,1,129.72,0.683,26.53,0.932,0,0.59872
Motorcycle,24.023,1,123.06,0.888,33.43,0.816,1,3.12807
Bus,6.99,1,26.06,0.678,33.74,0.699,1,0.51188
Metro,7.011,1,111.13,0.993,14.07,0.843,1,0.3035
Motorcycle,10.381,1,121.89,0.915,29.67,0.571,0,1.32398
Walking,14.69,1,115.04,0.392,11.88,0.091,1,0.0
Bus,24.478,1,8.96,0.236,35.29,0.29,0,4.65955
Metro,15.265,1,127.89,0.079,33.63,0.065,0,0.59438
Metro,4.805,1,120.3,0.534,19.07,0.227,0,0.18345
Car,42.557,5,5.0,0.48,10.3,0.489,1,1.81882
Metro,27.823,1,111.24,0.379,24.28,0.08,1,1.22099
Bus,14.706,1,18.65,0.281,38.07,0.659,0,1.45465
Bicycle,6.137,1,118.38,0.915,35.42,0.077,1,0.0
Bicycle,43.452,1,125.0,0.485,35.79,0.251,0,0.00263
Car,6.338,5,5.0,0.635,23.6,0.511,0,0.29195
Metro,6.29,1,129.18,0.689,36.37,0.436,1,0.26082
Bicycle,8.513,1,121.36,0.908,30.84,0.184,0,0.0
Bus,0.56,1,8.31,0.689,33.57,0.162,0,0.11397
Car,7.765,4,4.0,0.259,20.1,0.48,1,0.40159
Car,4.992,4,4.0,0.516,14.65,0.75,0,0.28522
Bicycle,18.796,1,122.89,0.958,24.01,0.763,0,0.00661
Motorcycle,23.059,1,121.8,0.348,22.46,0.01,1,2.57936
Motorcycle,5.91,1,118.65,0.142,19.32,0.214,0,0.67389
Car,1.64,1,1.0,0.376,21.3,0.133,0,0.33131
Car,1.555,5,5.0,0.012,33.68,0.419,1,0.07131
Walking,4.471,1,123.06,0.201,15.45,0.933,0,0.01551
Walking,12.244,1,115.76,0.086,15.98,0.009,1,0.02731
Metro,2.772,1,115.53,0.305,36.44,0.678,0,0.11902
Motorcycle,4.621,1,117.9,0.454,13.38,0.081,1,0.52712
Motorcycle,3.855,1,129.81,0.247,36.49,0.391,1,0.4185
Bus,6.449,1,23.02,0.144,20.46,0.433,1,0.47453
Bicycle,15.175,1,114.73,0.83,24.03,0.232,0,0.00599
Bicycle,23.106,1,122.98,0.839,21.92,0.381,1,0.0
Walking,6.71,1,134.85,0.316,25.97,0.922,0,0.00607
Bus,7.692,1,16.47,0.478,28.73,0.317,0,0.83332
Car,18.199,5,5.0,0.741,25.69,0.938,1,0.86231
Walking,16.035,1,130.97,0.99,13.9,0.08,0,0.0
Car,15.62,4,4.0,0.858,29.88,0.864,0,0.88657
Bus,26.64,1,17.19,0.159,34.99,0.574,1,2.53977
Motorcycle,12.016,1,128.87,0.509,38.66,0.762,1,1.42404
Bicycle,21.817,1,115.26,0.29,37.37,0.699,1,0.0
Car,3.46,2,2.0,0.074,31.81,0.3,1,0.35512
Bicycle,9.311,1,130.3,0.728,30.29,0.421,0,0.01176
Bicycle,13.753,1,112.75,0.059,27.02,0.92,1,0.0
Car,15.801,4,4.0,0.73,24.35,0.95,1,0.93203
Bicycle,4.575,1,139.06,0.156,29.0,0.619,0,0.0
Car,1.491,1,1.0,0.568,22.21,0.987,1,0.33854
Motorcycle,38.484,1,123.93,0.868,10.31,0.463,1,4.79684
Motorcycle,7.074,1,112.97,0.653,10.28,0.299,1,0.80369
Walking,8.141,1,103.19,0.686,14.96,0.728,1,0.01942
Bicycle,9.711,1,113.7,0.583,25.65,0.136,0,0.01068
Bicycle,6.307,1,125.06,0.259,30.54,0.706,0,0.00225
Motorcycle,16.626,1,108.25,0.253,30.81,0.148,0,1.80485
Bicycle,26.49,1,121.65,0.7,24.27,0.363,1,0.01803
Metro,9.042,1,106.13,0.07,11.89,0.0,1,0.42018
Motorcycle,42.358,1,131.96,0.458,26.55,0.336,0,4.8276
Metro,16.203,1,130.1,0.447,12.18,0.921,0,0.62751
Bus,10.897,1,5.19,0.889,18.22,0.836,1,4.09653
Motorcycle,6.642,1,130.07,0.524,31.56,0.418,0,0.7668
Metro,6.698,1,122.09,0.033,21.73,0.611,0,0.27721
Walking,9.329,1,105.57,0.512,12.58,0.875,0,0.0
Bus,9.234,1,21.27,0.366,15.72,0.839,1,0.82336
Bicycle,0.79,1,99.98,0.043,27.97,0.187,0,0.0
Walking,17.327,1,122.01,0.992,31.33,0.726,1,0.0
Walking,5.266,1,111.73,0.25,29.37,0.932,0,0.0
Bicycle,6.697,1,108.54,0.546,37.06,0.911,0,0.0
Walking,5.896,1,110.16,0.841,29.63,0.845,0,0.0
Bicycle,12.406,1,122.8,0.61,36.71,0.262,1,0.01566
Walking,13.436,1,125.4,0.642,14.8,0.497,0,0.00326
Bus,10.683,1,23.07,0.202,13.79,0.003,0,0.74226
Metro,17.184,1,122.32,0.913,38.83,0.628,1,0.68609
Car,2.315,1,1.0,0.35,15.33,0.177,0,0.46
Walking,8.654,1,113.84,0.222,24.41,0.465,1,0.00332
Walking,20.296,1,117.54,0.584,23.98,0.82,1,0.00978
Car,6.176,4,4.0,0.741,27.95,0.103,0,0.35241
Bus,55.329,1,13.34,0.196,11.03,0.487,1,6.4638
Walking,4.729,1,99.36,0.569,19.85,0.962,0,0.01108
Motorcycle,6.776,1,118.25,0.108,31.95,0.866,0,0.72899
Metro,8.967,1,121.25,0.682,38.68,0.39,0,0.34399
Bus,8.187,1,18.85,0.3,29.43,0.723,0,0.77957
Motorcycle,18.399,1,116.86,0.761,10.56,0.422,1,2.19572
Walking,14.133,1,111.97,0.1,19.39,0.603,1,0.0
Motorcycle,12.011,1,139.03,0.933,10.68,0.427,0,1.56092
Bus,1.995,1,25.2,0.754,13.24,0.252,0,0.15683
Metro,3.984,1,119.53,0.798,11.87,0.392,1,0.17164
Car,3.76,5,5.0,0.979,36.33,0.508,1,0.16734
Walking,11.218,1,107.62,0.397,18.43,0.644,1,0.0
Motorcycle,1.466,1,125.93,0.008,17.14,0.566,1,0.15364
Bicycle,38.399,1,137.15,0.647,32.48,0.54,0,0.00605
Walking,33.044,1,117.65,0.812,27.19,0.104,0,0.0
Walking,4.518,1,110.62,0.638,21.43,0.203,1,0.0
Metro,8.883,1,120.88,0.412,32.78,0.59,1,0.35367
Bus,17.28,1,13.61,0.344,11.72,0.586,0,2.17461
Bus,8.945,1,38.09,0.22,18.18,0.68,0,0.4086
Bus,27.958,1,11.74,0.32,29.03,0.681,0,4.31222
Metro,20.453,1,119.44,0.58,22.78,0.009,0,0.8461
Metro,23.142,1,122.71,0.432,22.17,0.765,0,0.96421
Bus,2.895,1,22.65,0.772,10.32,0.745,0,0.25531
Metro,2.436,1,127.22,0.213,10.77,0.753,1,0.09149
Bicycle,2.75,1,115.55,0.381,12.82,0.993,1,0.01768
Walking,29.177,1,121.54,0.132,16.37,0.655,0,0.0
Walking,5.065,1,106.77,0.096,30.69,0.546,0,0.0
Bus,12.517,1,2.0,0.877,27.9,0.487,1,12.03233
Motorcycle,2.453,1,123.38,0.398,32.08,0.078,1,0.25862
Car,14.865,5,5.0,0.632,12.49,0.726,1,0.73673
Bicycle,25.856,1,119.38,0.27,38.97,0.388,1,0.0
Bicycle,6.242,1,111.87,0.49,33.52,0.107,0,0.01015
Bus,6.672,1,9.23,0.374,10.95,0.547,0,1.28707
Metro,2.055,1,123.31,0.659,37.0,0.287,0,0.08084
Metro,3.148,1,114.65,0.19,11.11,0.615,1,0.13403
Car,3.973,2,2.0,0.99,21.03,0.622,1,0.46154
Motorcycle,10.892,1,119.43,0.326,36.16,0.122,0,1.21144
Car,6.652,4,4.0,0.903,37.94,0.299,1,0.38135
Bus,25.826,1,16.96,0.482,23.46,0.908,0,2.81234
Bus,20.32,1,20.94,0.552,18.06,0.569,1,1.70744
Motorcycle,23.952,1,124.3,0.062,33.11,0.545,1,2.7537
Motorcycle,2.151,1,126.0,0.239,28.99,0.497,1,0.23444
Metro,6.747,1,118.05,0.879,11.31,0.449,1,0.28513
Car,11.633,2,2.0,0.72,23.07,0.771,1,1.40066
Metro,21.87,1,124.84,0.686,34.24,0.985,0,0.83695
Walking,10.773,1,121.38,0.807,15.19,0.513,0,0.00389
Walking,6.207,1,96.95,0.756,32.93,0.766,0,0.01601
Car,6.97,4,4.0,0.449,12.11,0.06,1,0.36224
Metro,24.663,1,114.44,0.843,31.29,0.911,1,1.05367
Car,8.501,5,5.0,0.344,23.91,0.801,0,0.38216
Motorcycle,6.092,1,120.42,0.904,31.91,0.123,0,0.75524
Walking,6.389,1,123.71,0.161,15.12,0.284,1,0.0
Walking,14.305,1,124.46,0.589,39.82,0.312,0,0.0112
Bicycle,3.061,1,102.53,0.902,10.83,0.284,1,0.00237
Walking,19.069,1,115.05,0.777,35.77,0.021,0,0.00515
Motorcycle,11.154,1,115.77,0.4,23.08,0.312,1,1.24335
Walking,5.573,1,119.48,0.759,22.46,0.326,1,0.0
Motorcycle,14.089,1,127.62,0.903,32.7,0.372,1,1.81031
Bicycle,18.668,1,117.09,0.508,12.2,0.734,1,0.00585
Bus,4.827,1,17.45,0.705,16.97,0.628,0,0.50901
Metro,7.543,1,118.19,0.773,32.95,0.456,0,0.31527
Bus,5.258,1,7.67,0.703,26.2,0.576,0,1.34164
Walking,15.008,1,119.09,0.528,26.97,0.43,0,0.0
Metro,14.338,1,107.34,0.011,18.74,0.567,0,0.6923
Bus,3.404,1,25.75,0.38,38.18,0.206,0,0.23757
Bicycle,7.967,1,127.52,0.33,26.29,0.63,1,0.0
Bicycle,12.795,1,126.58,0.947,20.49,0.778,1,0.00296
Metro,7.624,1,127.22,0.293,39.89,0.302,1,0.28947
Car,3.407,1,1.0,0.872,10.65,0.734,1,0.82389
Bus,4.182,1,17.23,0.026,17.84,0.655,1,0.40264
Walking,2.344,1,141.87,0.36,31.87,0.345,0,0.00697
Bicycle,19.56,1,129.3,0.523,25.53,0.812,1,0.00199
Bicycle,11.358,1,120.29,0.97,30.37,0.268,0,0.0
Walking,16.381,1,125.69,0.983,14.83,0.853,1,0.0
Bus,3.043,1,31.58,0.413,23.97,0.976,1,0.16948
Bus,29.139,1,18.43,0.305,18.08,0.372,0,2.92962
Bicycle,21.083,1,124.58,0.49,29.66,0.739,0,0.00604
Bicycle,18.304,1,129.83,0.919,36.14,0.608,0,0.0
Metro,21.886,1,111.69,0.106,11.38,0.726,0,0.98017
Metro,20.911,1,125.7,0.838,32.4,0.933,0,0.84148
Car,5.654,1,1.0,0.426,25.98,0.204,1,1.14129
Bus,8.473,1,7.46,0.701,21.56,0.805,1,2.11279
Bus,6.661,1,28.04,0.458,38.43,0.49,0,0.41344
Car,8.996,3,3.0,0.55,30.26,0.626,0,0.66832
Bus,5.616,1,17.15,0.662,22.44,0.397,0,0.63509
Walking,8.251,1,113.02,0.913,16.54,0.497,1,0.01417
Car,11.717,5,5.0,0.287,27.56,0.159,1,0.48408
Metro,6.012,1,127.34,0.215,36.33,0.028,0,0.22953
Metro,5.537,1,121.72,0.098,31.35,0.125,1,0.21573
Car,7.223,5,5.0,0.855,21.68,0.922,1,0.35586
Motorcycle,22.897,1,128.38,0.509,16.05,0.375,1,2.59523
Walking,4.184,1,125.79,0.722,29.67,0.829,1,0.00999
Bus,22.2,1,21.03,0.196,25.14,0.592,1,1.9146
Walking,12.612,1,116.6,0.55,17.54,0.422,0,0.00198
Walking,1.969,1,135.12,0.005,30.5,0.759,0,0.0
Metro,12.39,1,123.4,0.579,34.31,0.093,0,0.48913
Metro,12.382,1,121.77,0.888,20.99,0.505,0,0.50523
Metro,2.436,1,119.68,0.134,26.9,0.949,1,0.09518
Bicycle,9.671,1,126.89,0.161,14.41,0.536,0,0.00635
Walking,13.369,1,118.88,0.987,31.31,0.516,1,0.0
Bus,2.98,1,18.9,0.449,21.68,0.207,1,0.27988
Bicycle,20.825,1,114.41,0.136,39.76,0.164,1,0.02862
Walking,9.499,1,124.86,0.057,28.82,0.495,1,0.0
Bicycle,9.973,1,125.33,0.592,34.89,0.251,0,0.01573
Car,17.394,3,3.0,0.756,15.61,0.976,1,1.38192
Bus,11.996,1,22.74,0.959,27.27,0.255,1,1.06671
Metro,34.014,1,114.74,0.377,17.08,0.72,0,1.52159
Motorcycle,9.424,1,109.58,0.585,13.6,0.861,1,1.14179
Motorcycle,21.18,1,129.5,0.203,32.81,0.288,0,2.39936
Metro,10.483,1,108.68,0.543,24.67,0.171,0,0.47747
Metro,9.505,1,127.42,0.905,26.16,0.244,0,0.36844
Bicycle,3.543,1,117.76,0.498,13.1,0.394,0,0.01384
Metro,10.135,1,124.13,0.509,26.39,0.841,0,0.40758
Car,5.45,2,2.0,0.271,27.43,0.866,1,0.57328
Metro,2.61,1,120.76,0.191,19.95,0.76,0,0.09969
Motorcycle,4.053,1,136.54,0.598,21.74,0.307,0,0.49738
Bicycle,19.034,1,119.04,0.899,21.87,0.542,1,0.0
Metro,5.43,1,103.94,0.027,38.15,0.097,0,0.26434
Bus,3.196,1,12.66,0.156,29.5,0.868,0,0.42405
Bus,15.74,1,27.09,0.422,16.4,0.928,1,1.02134
Metro,7.076,1,126.5,0.459,35.15,0.485,0,0.26075
Motorcycle,14.295,1,118.89,0.664,23.86,0.044,0,1.62805
Bus,4.141,1,24.88,0.629,35.35,0.56,0,0.31207
Walking,9.865,1,116.44,0.499,29.58,0.1,0,0.00189
Walking,1.599,1,113.26,0.963,20.61,0.459,1,0.0
Walking,2.62,1,119.27,0.008,15.62,0.045,1,0.0113
Bicycle,20.264,1,121.74,0.856,31.43,0.769,0,0.0
Bus,2.69,1,22.81,0.35,12.42,0.812,1,0.22287
Bus,5.758,1,22.15,0.079,38.16,0.657,1,0.4597
Car,10.138,4,4.0,0.627,30.25,0.401,0,0.57854
Motorcycle,13.72,1,110.54,0.956,30.16,0.629,0,1.67667
Car,5.169,1,1.0,0.646,36.14,0.473,1,1.11974
Bus,7.102,1,21.34,0.84,11.25,0.981,1,0.67025
Bus,24.86,1,12.01,0.598,12.08,0.022,1,3.63001
Car,1.05,3,3.0,0.373,29.04,0.687,1,0.06438
Bus,17.309,1,35.91,0.279,10.65,0.659,0,0.83596
Bus,29.506,1,13.9,0.278,11.19,0.225,0,3.63834
Walking,16.081,1,126.98,0.379,34.68,0.038,1,0.0
Bicycle,18.716,1,117.49,0.458,26.43,0.228,1,0.00509
Car,22.392,2,2.0,0.064,30.61,0.153,1,2.15178
Metro,6.448,1,117.89,0.626,19.23,0.09,0,0.26687
Bus,9.702,1,13.87,0.584,18.89,0.587,0,1.3293
Metro,22.306,1,125.16,0.436,24.59,0.516,1,0.86445
Bicycle,19.949,1,118.63,0.875,10.63,0.363,1,0.0
Metro,15.206,1,133.92,0.567,35.51,0.79,1,0.56745
Metro,2.923,1,123.54,0.062,31.94,0.773,0,0.11934
Motorcycle,17.315,1,114.37,0.598,17.33,0.216,0,2.01292
Motorcycle,8.548,1,114.09,0.968,37.6,0.315,0,1.09257
Metro,0.641,1,131.67,0.713,29.2,0.806,0,0.0264
Metro,8.614,1,123.13,0.736,13.68,0.972,1,0.34425
Motorcycle,8.293,1,119.54,0.72,34.1,0.899,1,1.03041
Motorcycle,13.403,1,121.67,0.708,36.27,0.395,0,1.61055
Bicycle,9.927,1,117.63,0.74,12.85,0.974,1,0.0
Motorcycle,10.202,1,125.5,0.48,31.21,0.676,1,1.25665
Bicycle,13.05,1,103.73,0.078,32.68,0.475,1,0.0
Walking,7.903,1,103.99,0.055,34.07,0.697,0,0.00211
Car,7.542,5,5.0,0.737,10.69,0.503,0,0.36661
Bus,5.831,1,8.0,1.0,11.56,0.838,1,1.38324
Bicycle,4.325,1,123.86,0.743,20.54,0.142,1,0.0
Bicycle,1.971,1,112.74,0.79,29.41,0.853,0,0.0
Bicycle,26.287,1,129.35,0.817,34.29,0.43,1,0.0
Bus,4.471,1,26.38,0.241,14.49,0.753,0,0.3206
Bicycle,7.329,1,118.98,0.831,10.83,0.113,0,0.00801
Bus,1.458,1,18.77,0.869,33.85,0.297,1,0.14629
Walking,9.082,1,111.26,0.348,23.17,0.838,1,0.0
Bicycle,16.643,1,114.71,0.47,28.14,0.131,0,0.0
Motorcycle,7.72,1,116.28,0.425,33.65,0.279,0,0.878
Motorcycle,3.592,1,115.37,0.392,13.59,0.218,0,0.38161
Bicycle,8.259,1,122.58,0.329,14.32,0.564,0,0.0
Metro,32.068,1,119.79,0.635,30.72,0.845,1,1.42194
Motorcycle,20.197,1,134.75,0.325,33.89,0.774,1,2.39309
Bicycle,14.427,1,110.1,0.506,14.61,0.102,1,0.00926
Bus,5.591,1,4.46,0.661,38.54,0.26,0,2.35214
Bicycle,13.497,1,118.81,0.843,27.69,0.448,0,0.01516
Bus,11.761,1,6.76,0.675,38.97,0.14,0,3.07719
Bicycle,30.621,1,115.19,0.321,28.98,0.473,1,0.0
Walking,15.584,1,124.22,0.655,30.88,0.497,1,0.01311
Car,9.276,4,4.0,0.494,34.53,0.386,1,0.50212
Metro,8.867,1,124.64,0.83,26.35,0.3,1,0.32656
Motorcycle,9.009,1,133.14,0.619,16.07,0.707,0,1.07979
Motorcycle,17.507,1,116.86,0.362,27.36,0.276,1,1.92533
Walking,33.132,1,118.53,0.676,25.36,0.554,0,0.01099
Bus,10.609,1,19.68,0.439,36.81,0.114,0,0.95716
Motorcycle,4.482,1,123.72,0.756,35.17,0.959,1,0.55277
Car,8.474,3,3.0,0.079,24.21,0.029,1,0.53187
Motorcycle,15.615,1,114.03,0.7,11.8,0.155,0,1.8653
Bicycle,10.806,1,123.25,0.948,15.87,0.27,0,0.00021
Metro,31.496,1,114.21,0.605,20.72,0.692,1,1.35586
Metro,17.598,1,120.95,0.321,24.39,0.33,1,0.78712
Motorcycle,20.933,1,121.34,0.738,12.83,0.395,0,2.46653
Metro,8.094,1,128.72,0.513,34.67,0.458,1,0.32404
Walking,24.799,1,126.15,0.87,28.92,0.331,0,0.00036
Metro,18.919,1,107.52,0.683,13.15,0.73,0,0.83282
Bus,10.849,1,24.97,0.353,28.99,0.323,1,0.7696
Bus,9.725,1,13.43,0.602,35.37,0.918,1,1.38309
Walking,30.797,1,119.19,0.511,37.55,0.578,0,0.0
Metro,20.808,1,114.75,0.559,19.0,0.852,1,0.91192
Walking,2.485,1,118.95,0.082,35.01,0.674,1,0.00327
Bicycle,5.623,1,102.58,0.525,26.7,0.764,1,0.0
Metro,13.333,1,125.38,0.856,33.3,0.757,0,0.51218
Bus,14.834,1,19.74,0.293,39.48,0.708,0,1.31089
Walking,2.851,1,115.65,0.63,23.98,0.057,0,0.01309
Bicycle,9.415,1,114.73,0.877,10.63,0.421,1,0.00134
Bus,4.354,1,29.16,0.636,39.04,0.406,1,0.2685
Walking,3.08,1,116.48,0.47,28.27,0.478,1,0.0
Bus,4.473,1,18.73,0.108,23.28,0.56,1,0.41903
Bicycle,9.361,1,127.74,0.71,19.73,0.257,1,0.0
Motorcycle,10.693,1,114.21,0.857,11.68,0.279,1,1.30685
Metro,3.248,1,124.72,0.278,15.7,0.847,0,0.12617
Motorcycle,15.174,1,117.71,0.956,26.15,0.27,1,1.90928
Walking,35.247,1,125.18,0.265,12.0,0.047,1,0.00987
Car,3.211,2,2.0,0.34,39.98,0.668,1,0.34784
Motorcycle,9.412,1,138.62,0.362,35.22,0.5,0,1.04443
Metro,4.609,1,110.83,0.013,18.66,0.85,1,0.20802
Bus,2.87,1,22.19,0.851,26.81,0.832,1,0.26041
Walking,9.542,1,119.86,0.09,26.55,0.812,0,0.00906
Walking,5.807,1,116.19,0.001,17.66,0.307,0,0.0132
Bicycle,18.677,1,131.66,0.306,27.1,0.649,1,0.0
Bicycle,34.014,1,110.02,0.916,21.92,0.35,1,0.0
Walking,20.384,1,116.48,0.133,13.18,0.438,0,0.00565
Metro,8.077,1,112.05,0.924,31.64,0.095,0,0.33066
Metro,9.123,1,139.5,0.319,38.56,0.82,0,0.33069
Bicycle,5.615,1,114.33,0.449,36.14,0.065,1,0.01116
Car,1.222,5,5.0,0.148,32.17,0.128,0,0.04877
Walking,9.159,1,122.03,0.905,28.13,0.701,1,0.00913
Walking,20.295,1,118.14,0.064,24.17,0.541,1,0.0
Car,28.463,1,1.0,0.358,32.06,0.655,1,6.33265
Car,21.305,1,1.0,0.349,25.92,0.528,0,4.45314
Bus,24.829,1,37.92,0.646,31.08,0.244,0,1.2183
Car,18.432,5,5.0,0.696,33.89,0.922,0,0.85656
Metro,6.189,1,111.08,0.841,20.83,0.539,0,0.27217
Metro,4.747,1,112.59,0.24,26.87,0.226,1,0.21443
Walking,17.15,1,115.83,0.649,13.54,0.602,0,0.01138
Bicycle,25.11,1,111.03,0.279,34.59,0.057,0,0.00476
Bicycle,6.176,1,119.41,0.843,11.34,0.671,0,0.01376
Metro,11.714,1,124.92,0.377,19.66,0.893,0,0.45598
Car,8.641,4,4.0,0.982,26.21,0.747,0,0.53653
Walking,19.268,1,108.27,0.782,39.48,0.434,1,0.0
Bicycle,1.626,1,129.92,0.058,10.74,0.671,1,0.00333
Bus,5.218,1,14.97,0.642,14.0,0.881,0,0.66565
Motorcycle,4.845,1,119.93,0.998,10.72,0.493,0,0.61418
Bus,20.369,1,6.64,0.658,30.7,0.638,0,5.47556
Metro,9.268,1,114.77,0.333,38.77,0.721,1,0.40059
Bicycle,12.016,1,111.06,0.378,22.76,0.282,0,0.00333
Motorcycle,5.113,1,115.11,0.665,30.05,0.086,0,0.54989
Car,4.086,2,2.0,0.999,28.09,0.961,1,0.49224
Bus,2.194,1,17.04,0.937,27.11,0.219,1,0.2486
Walking,3.427,1,121.01,0.97,33.36,0.732,0,0.0
Motorcycle,2.167,1,109.66,0.832,20.0,0.602,0,0.27297
Bicycle,5.849,1,112.65,0.079,25.68,0.361,0,0.0
Walking,3.381,1,118.38,0.386,25.87,0.647,1,0.0067
Bicycle,4.696,1,116.02,0.988,33.46,0.267,0,0.0
Motorcycle,10.829,1,113.84,0.601,33.74,0.232,0,1.23105
Walking,9.381,1,113.02,0.896,11.88,0.639,0,0.0
Metro,4.835,1,122.57,0.652,31.56,0.444,0,0.19541
Walking,4.437,1,133.63,0.753,29.58,0.962,1,0.00437
Bicycle,8.878,1,113.23,0.238,14.87,0.057,0,0.0
Bicycle,19.389,1,110.38,0.454,18.3,0.622,1,0.01009
Bicycle,12.063,1,121.99,0.987,25.27,0.164,0,0.0
Motorcycle,9.205,1,129.38,0.92,36.53,0.654,1,1.16024
Bicycle,3.833,1,110.38,0.125,28.0,0.92,0,0.0
Walking,4.788,1,118.04,0.543,28.83,0.125,0,0.0
Bus,3.149,1,24.65,0.375,38.65,0.451,1,0.22645
Walking,22.235,1,113.92,0.298,14.48,0.459,1,0.0
Motorcycle,21.389,1,117.83,0.296,21.65,0.391,1,2.47558
Bicycle,8.413,1,115.71,0.856,23.09,0.392,1,0.0
Metro,9.606,1,106.59,0.074,16.07,0.041,1,0.43473
Motorcycle,5.702,1,111.0,0.646,34.25,0.107,1,0.66645
Bus,9.557,1,30.98,0.712,27.61,0.226,0,0.57355
Car,20.471,5,5.0,0.288,26.51,0.611,1,0.89244
Motorcycle,9.608,1,104.05,0.298,27.79,0.709,1,1.04067
Bicycle,22.566,1,116.13,0.92,28.25,0.559,1,0.03075
Metro,7.716,1,118.52,0.644,17.93,0.14,0,0.32331
Car,4.9,1,1.0,0.636,28.62,0.007,0,1.08615
Metro,0.517,1,111.99,0.773,27.89,0.353,1,0.00861
Walking,10.395,1,120.44,0.546,18.4,0.024,1,0.00394
Walking,6.435,1,115.27,0.589,24.13,0.144,1,0.0137
Bicycle,4.645,1,115.99,0.109,21.53,0.525,1,0.0
Metro,24.55,1,127.54,0.384,17.8,0.304,1,0.94311
Bus,5.557,1,2.0,0.54,23.78,0.065,0,5.15978
Motorcycle,14.729,1,115.39,0.318,11.2,0.078,1,1.74247
Bicycle,15.943,1,110.97,0.188,33.04,0.508,1,0.00419
Bicycle,22.371,1,120.12,0.684,29.82,0.53,0,0.0
Metro,3.104,1,126.0,0.911,36.95,0.043,1,0.1075
Motorcycle,5.69,1,121.74,0.43,21.37,0.949,1,0.68481
Metro,6.872,1,119.35,0.264,28.56,0.816,0,0.27676
Walking,19.344,1,121.36,0.811,24.95,0.93,1,0.0
Bicycle,16.589,1,122.33,0.706,24.84,0.967,1,0.0
Bus,13.132,1,19.12,0.212,20.36,0.181,1,1.13095
Car,14.148,1,1.0,0.745,19.06,0.611,0,3.29058
Bicycle,13.975,1,127.2,0.132,10.64,0.725,0,0.0
Walking,3.618,1,112.16,0.731,38.91,0.6,1,0.00716
Bus,5.573,1,28.84,0.712,19.99,0.544,1,0.36982
Walking,11.453,1,110.08,0.051,10.19,0.321,1,0.02038
Car,30.508,4,4.0,0.331,19.68,0.269,1,1.66162
Walking,4.654,1,115.22,0.762,15.41,0.079,0,0.0
Bus,2.375,1,27.69,0.285,27.91,0.932,0,0.15472
Motorcycle,19.16,1,120.57,0.502,21.96,0.43,0,2.17707
Bicycle,2.729,1,120.95,0.212,34.21,0.915,0,0.0
Motorcycle,14.148,1,136.63,0.188,28.12,0.42,0,1.61848
Bus,7.175,1,15.72,0.355,10.37,0.246,1,0.78024
Car,5.182,3,3.0,0.313,19.63,0.214,0,0.33177
Bus,2.701,1,21.26,0.393,10.59,0.991,1,0.2416
Walking,5.283,1,104.29,0.182,16.39,0.67,0,0.0
Car,5.193,3,3.0,0.74,12.41,0.104,0,0.37869
Bus,7.521,1,19.53,0.317,14.93,0.67,1,0.69143
Walking,17.392,1,113.69,0.487,35.54,0.649,1,0.0
Metro,3.499,1,116.85,0.791,17.09,0.972,0,0.13554
Car,11.769,4,4.0,0.361,36.0,0.922,0,0.63041
Motorcycle,10.242,1,120.53,0.473,28.69,0.568,1,1.18664
Bicycle,15.045,1,118.8,0.811,36.24,0.113,1,0.0
Metro,9.87,1,98.99,0.703,28.32,0.227,0,0.44878
Bus,2.374,1,8.52,0.832,17.49,0.904,1,0.54465
Bus,28.68,1,10.36,0.557,30.64,0.482,0,5.12458
Bicycle,3.314,1,124.06,0.547,23.26,0.808,1,0.0174
Motorcycle,13.904,1,107.74,0.393,22.77,0.337,0,1.49146
Metro,25.732,1,108.74,0.075,22.53,0.669,1,1.22232
Metro,14.561,1,117.6,0.279,31.92,0.752,1,0.61803
Car,4.482,3,3.0,0.788,30.3,0.711,0,0.35505
Metro,23.007,1,112.36,0.196,12.47,0.619,1,1.03332
Walking,18.136,1,115.03,0.802,16.79,0.554,1,0.0
Bicycle,22.248,1,126.3,0.893,19.42,0.068,1,0.00126
Bicycle,11.944,1,110.24,0.909,27.69,0.664,0,0.0
Motorcycle,5.65,1,121.2,0.625,25.37,0.909,0,0.68901
Bus,6.104,1,13.73,0.415,18.65,0.791,1,0.79766
Motorcycle,11.049,1,125.78,0.764,20.46,0.93,0,1.3802
Metro,11.396,1,119.98,0.405,10.92,0.657,1,0.46762
Bicycle,9.703,1,125.05,0.938,26.25,0.325,1,0.00376
Bicycle,13.502,1,118.32,0.257,16.09,0.515,0,0.0
Metro,1.468,1,114.99,0.015,33.71,0.693,1,0.06506
Motorcycle,19.567,1,127.78,0.843,27.45,0.147,1,2.47106
Metro,21.492,1,121.12,0.81,22.06,0.307,1,0.82664
Metro,3.368,1,95.03,0.082,17.45,0.623,1,0.17492
Bus,8.483,1,25.46,0.476,36.31,0.06,1,0.57111
Walking,5.251,1,121.79,0.823,22.98,0.178,1,0.01353
Car,9.503,4,4.0,0.741,26.27,0.856,0,0.55907
Walking,12.604,1,123.08,0.165,26.05,0.093,0,0.0
Metro,0.874,1,117.53,0.489,39.03,0.315,0,0.01774
Walking,14.171,1,111.87,0.731,17.97,0.28,1,0.00418
Bicycle,3.182,1,112.19,0.591,35.72,0.707,1,0.0
Metro,14.943,1,114.17,0.946,13.62,0.394,0,0.65558
Motorcycle,10.069,1,135.12,0.586,34.49,0.845,0,1.24498
Car,17.952,1,1.0,0.297,12.96,0.989,0,3.90921
Bus,12.875,1,17.15,0.455,20.04,0.557,1,1.36803
Motorcycle,12.134,1,115.23,0.912,30.9,0.014,1,1.4473
Bicycle,27.887,1,115.81,0.332,14.77,0.769,0,0.00218
Metro,9.253,1,133.45,0.789,34.95,0.996,0,0.34717
Metro,10.445,1,115.75,0.568,33.55,0.671,1,0.43768
Walking,4.982,1,117.48,0.215,15.77,0.985,0,0.0
Walking,1.979,1,122.46,0.211,10.72,0.807,0,0.00068
Car,8.062,5,5.0,0.252,29.24,0.949,1,0.34172
Bicycle,3.492,1,130.51,0.182,26.19,0.739,1,0.01923
Bus,17.528,1,17.65,0.171,29.26,0.433,0,1.73029
Bus,5.311,1,9.11,0.764,36.54,0.271,0,1.11805
Car,35.254,1,1.0,0.423,17.62,0.081,1,7.57359
Car,5.034,4,4.0,0.85,37.1,0.845,1,0.30859
Car,23.021,3,3.0,0.309,23.42,0.383,1,1.57064
Car,19.121,1,1.0,0.864,34.44,0.106,1,4.17503
Metro,1.787,1,122.6,0.18,34.81,0.415,0,0.07961
Bus,6.518,1,26.87,0.54,30.95,0.928,1,0.48055
Bicycle,11.454,1,113.37,0.806,20.69,0.314,1,0.00885
Walking,18.734,1,129.58,0.766,33.56,0.505,1,0.03891
Bus,8.857,1,31.9,0.452,39.87,0.614,0,0.45871
Bicycle,7.502,1,116.2,0.128,38.91,0.729,0,0.01603
Motorcycle,8.835,1,99.98,0.822,25.27,0.826,1,1.05629
Bicycle,6.362,1,111.09,0.118,15.06,0.663,1,0.02038
Walking,8.867,1,113.82,0.422,25.58,0.054,0,0.01011
Bus,16.406,1,12.74,0.916,20.74,0.493,1,2.54276
Metro,16.095,1,109.49,0.117,33.76,0.863,0,0.72822
Walking,8.269,1,128.96,0.079,35.2,0.765,0,0.00835
Motorcycle,10.159,1,118.28,0.802,28.86,0.213,0,1.22275
Motorcycle,3.288,1,117.43,0.342,31.14,0.86,1,0.37747
Motorcycle,22.597,1,118.26,0.711,11.63,0.399,1,2.80399
Car,15.302,5,5.0,0.122,17.49,0.971,0,0.66626
Motorcycle,2.167,1,119.3,0.482,23.45,0.08,0,0.24531
Bicycle,8.785,1,117.59,0.359,32.77,0.592,0,0.00629
Bicycle,8.807,1,128.26,0.123,10.53,0.587,0,0.0
Bicycle,10.936,1,128.01,0.51,39.82,0.05,0,0.0
Metro,6.618,1,117.85,0.712,13.88,0.547,1,0.28623
Metro,15.737,1,120.03,0.971,36.31,0.186,0,0.65532
Walking,7.93,1,114.69,0.779,37.69,0.038,0,0.0
Walking,5.082,1,137.59,0.427,38.73,0.182,0,0.0
Bus,9.733,1,22.49,0.596,29.56,0.615,0,0.79643
Walking,30.757,1,115.48,0.581,21.32,0.38,1,0.0
Car,11.687,5,5.0,0.043,19.29,0.784,1,0.47473
Car,8.276,4,4.0,0.295,12.78,0.865,1,0.43475
Metro,16.786,1,114.8,0.005,20.88,0.7,1,0.74151
Car,10.355,5,5.0,0.009,26.18,0.207,1,0.39392
Bus,17.624,1,28.39,0.179,11.83,0.769,1,1.08256
Car,9.727,3,3.0,0.494,15.68,0.806,1,0.72663
Walking,4.939,1,134.45,0.56,29.79,0.124,0,0.0
Bus,2.59,1,16.34,0.064,31.26,0.02,0,0.25759
Car,8.367,5,5.0,0.039,38.74,0.641,0,0.344
Walking,17.847,1,119.81,0.09,18.42,0.548,0,0.0
Bicycle,13.295,1,130.66,0.845,16.46,0.892,0,0.0
Motorcycle,11.161,1,108.02,0.518,25.29,0.619,1,1.31407
Car,17.021,4,4.0,0.6,14.01,0.745,0,0.98119
Car,4.959,1,1.0,0.657,12.56,0.347,1,1.08699
Walking,14.123,1,127.62,0.89,38.52,0.235,0,0.0
Walking,11.037,1,125.37,0.01,33.34,0.346,0,0.0
Walking,44.67,1,109.93,0.177,16.12,0.888,0,0.0
Motorcycle,20.368,1,126.96,0.798,32.26,0.588,0,2.49638
Car,6.818,3,3.0,0.465,39.9,0.725,0,0.50172
Bicycle,2.792,1,124.5,0.735,16.07,0.235,1,0.0
Car,1.059,5,5.0,0.926,22.82,0.605,1,0.05233
Walking,3.818,1,119.49,0.189,23.71,0.794,1,0.0
Metro,4.027,1,127.75,0.207,37.28,0.263,1,0.16311
Bicycle,22.996,1,124.88,0.41,17.21,0.491,1,0.00953
Metro,21.891,1,123.12,0.704,20.62,0.54,1,0.86651
Car,21.209,2,2.0,0.93,29.6,0.166,0,2.38621
Bicycle,21.346,1,121.96,0.766,20.96,0.696,0,0.0
Car,2.374,4,4.0,0.356,34.69,0.598,0,0.13818
Metro,6.899,1,113.11,0.24,28.27,0.115,1,0.27933
Car,9.524,3,3.0,0.653,21.1,0.089,1,0.6773
Metro,23.172,1,103.72,0.52,17.37,0.668,0,1.12093
Motorcycle,15.587,1,117.41,0.018,36.89,0.192,0,1.57424
Bus,6.512,1,11.67,0.876,27.12,0.449,1,1.1162
Bicycle,10.965,1,113.29,0.238,23.74,0.257,0,0.0
Walking,9.35,1,116.39,0.022,33.33,0.452,0,0.0
Walking,4.994,1,111.46,0.843,20.96,0.222,1,0.0
Car,6.996,1,1.0,0.383,15.38,0.509,0,1.42965
Metro,2.533,1,122.39,0.437,24.48,0.205,0,0.10775
Motorcycle,7.7,1,115.09,0.631,18.13,0.76,0,0.93264
Car,45.314,3,3.0,0.107,28.61,0.364,0,2.80903
Motorcycle,9.108,1,120.81,0.627,37.53,0.745,1,1.09462
Bicycle,10.076,1,112.46,0.244,19.05,0.047,0,0.00256
Bus,9.413,1,16.52,0.065,34.18,0.124,0,0.95122
Bicycle,6.361,1,129.68,0.566,22.0,0.48,0,0.0
Bus,22.427,1,5.16,0.792,34.18,0.528,0,8.63195
Walking,12.942,1,123.72,0.818,28.88,0.19,0,0.0
Walking,9.508,1,125.49,0.679,10.18,0.3,0,0.0068
Motorcycle,13.388,1,114.47,0.476,18.16,0.178,1,1.56664
Walking,4.545,1,117.32,0.714,25.82,0.385,0,0.0023
Bicycle,29.425,1,104.36,0.958,38.22,0.202,0,0.0
Motorcycle,5.921,1,107.19,0.518,22.73,0.622,1,0.7336
Walking,16.274,1,112.91,0.65,18.49,0.519,1,0.0
Bicycle,6.344,1,113.63,0.948,31.67,0.986,0,0.00913
Motorcycle,19.478,1,117.09,0.598,31.42,0.071,1,2.32205
Car,4.645,3,3.0,0.514,39.9,0.6,1,0.33207
Car,15.29,2,2.0,0.984,10.43,0.547,0,1.914
Metro,8.983,1,116.4,0.93,22.81,0.913,0,0.38247
Walking,16.768,1,134.9,0.543,27.02,0.738,1,0.01123
Metro,23.822,1,123.04,0.62,25.26,0.626,0,0.94427
Bus,17.013,1,27.55,0.504,38.51,0.396,1,1.12182
Metro,16.581,1,109.35,0.2,13.9,0.777,1,0.79451
Car,6.676,1,1.0,0.773,12.21,0.507,0,1.55153
Car,1.933,2,2.0,0.885,20.45,0.208,1,0.2254
Motorcycle,17.621,1,119.13,0.228,37.79,0.914,1,2.05983
Bicycle,6.195,1,126.92,0.895,33.24,0.551,1,0.0
Bus,24.635,1,25.1,0.134,35.01,0.1,1,1.60177
Bicycle,4.291,1,117.88,0.522,26.21,0.64,0,0.00712
Walking,3.566,1,115.28,0.901,33.05,0.534,0,0.00302
Bicycle,13.696,1,106.36,0.917,28.53,0.629,0,0.0
Motorcycle,19.523,1,109.95,0.294,20.88,0.011,0,2.15607
Walking,6.98,1,118.15,0.561,22.52,0.4,0,0.00281
Bus,11.836,1,22.46,0.908,16.82,0.832,1,1.1067
Bus,19.76,1,24.05,0.571,36.83,0.617,1,1.41339
Motorcycle,6.732,1,123.1,0.835,17.27,0.59,0,0.8501
Bicycle,2.89,1,115.02,0.049,30.82,0.072,1,0.0
Motorcycle,6.332,1,123.72,0.27,27.91,0.7,0,0.73125
Walking,15.505,1,127.69,0.361,34.44,0.727,0,0.01119
Motorcycle,13.716,1,128.12,0.421,22.76,0.35,0,1.51272
Car,15.799,4,4.0,0.221,38.39,0.65,1,0.80409
Bicycle,2.845,1,106.01,0.548,36.23,0.066,1,0.0
Bus,5.438,1,17.33,0.008,22.95,0.29,0,0.50559
Bicycle,31.463,1,120.15,0.052,30.93,0.884,1,0.01288
Motorcycle,10.452,1,122.58,0.187,23.11,0.983,1,1.18652
Motorcycle,14.001,1,109.74,0.619,21.85,0.253,1,1.60228
Bus,7.631,1,20.51,0.917,16.83,0.406,0,0.70522
Car,11.544,5,5.0,0.616,18.6,0.821,0,0.52301
Car,3.122,3,3.0,0.192,29.66,0.314,1,0.20943
Motorcycle,9.722,1,119.22,0.589,37.54,0.95,0,1.15986
Metro,23.755,1,109.28,0.373,10.67,0.967,1,1.09092
Bicycle,34.195,1,115.04,0.851,17.43,0.292,0,0.0
Bus,14.367,1,25.67,0.451,19.75,0.814,0,1.01483
Metro,6.835,1,125.09,0.224,28.31,0.714,0,0.27172
Motorcycle,3.377,1,111.58,0.634,11.44,0.569,0,0.39111
Metro,2.343,1,112.45,0.013,21.24,0.417,1,0.10195
Bicycle,2.287,1,110.67,0.604,25.9,0.249,0,0.00317
Motorcycle,22.584,1,119.43,0.475,17.71,0.16,0,2.5746
Bus,13.447,1,26.67,0.467,36.12,0.957,1,0.9099
Car,15.469,3,3.0,0.906,22.29,0.766,1,1.23501
Bus,25.601,1,25.04,0.819,28.74,0.789,0,1.92219
Walking,13.512,1,112.55,0.789,11.91,0.014,1,0.0
Bus,11.278,1,11.65,0.703,10.03,0.374,1,1.78765
Bus,8.523,1,30.05,0.501,14.35,0.234,0,0.50408
Walking,22.522,1,127.32,0.672,34.98,0.055,0,0.01428
Walking,2.93,1,113.65,0.917,29.24,0.867,0,0.0036
Metro,24.147,1,118.72,0.942,35.05,0.243,1,1.0823
Motorcycle,6.583,1,119.73,0.579,34.75,0.915,1,0.78166
Metro,10.927,1,116.65,0.617,14.85,0.232,0,0.45264
Car,6.518,5,5.0,0.397,14.04,0.848,0,0.2914
Motorcycle,3.675,1,116.26,0.86,32.35,0.244,0,0.444
Motorcycle,7.82,1,114.23,0.189,18.2,0.425,1,0.86139
Walking,23.042,1,109.16,0.001,26.96,0.199,1,0.00134
Metro,47.082,1,131.92,0.849,15.95,0.987,0,1.85662
Bus,9.13,1,34.98,0.29,16.09,0.603,1,0.45592
Car,30.066,5,5.0,0.873,30.68,0.717,1,1.44616
Car,23.927,2,2.0,0.8,17.03,0.182,0,2.70266
Walking,11.962,1,129.17,0.561,30.41,0.044,1,0.01795
Bus,4.834,1,19.75,0.861,35.6,0.52,0,0.47912
Bicycle,4.427,1,128.6,0.143,25.26,0.709,1,0.0
Walking,17.295,1,111.5,0.554,34.08,0.7,1,0.0
Bus,9.182,1,20.28,0.151,16.36,0.43,1,0.72534
Metro,18.444,1,124.5,0.139,10.44,0.256,0,0.73219
Metro,4.737,1,136.7,0.791,10.37,0.705,1,0.15618
Metro,3.766,1,124.78,0.942,10.41,0.877,0,0.15269
Metro,7.613,1,124.75,0.248,24.13,0.923,1,0.29895
Bus,5.106,1,11.59,0.549,20.51,0.875,0,0.83672
Bicycle,20.141,1,120.92,0.023,36.68,0.655,0,0.00344
Walking,30.502,1,120.31,0.057,13.09,0.393,0,0.00309
Motorcycle,10.984,1,121.99,0.936,25.68,0.82,1,1.38357
Bicycle,4.503,1,115.68,0.219,36.31,0.105,0,0.01291
Bicycle,9.183,1,118.1,0.09,25.69,0.103,0,0.0
Walking,4.603,1,120.83,0.021,24.43,0.214,0,0.0047
Walking,11.174,1,137.24,0.161,39.96,0.293,1,0.01244
Metro,9.7,1,114.59,0.213,29.03,0.745,0,0.42493
Bus,5.989,1,15.08,0.896,25.99,0.429,1,0.74059
Motorcycle,8.313,1,134.83,0.723,11.28,0.951,1,1.05387
Motorcycle,18.131,1,123.58,0.048,22.24,0.937,1,1.9604
Bus,4.367,1,11.8,0.669,12.98,0.487,1,0.6994
Bicycle,5.055,1,127.58,0.886,35.81,0.917,1,0.0
Bicycle,20.686,1,113.83,0.343,39.0,0.486,1,0.00729
Bicycle,11.724,1,114.57,1.0,14.63,0.682,1,0.0
Bus,6.371,1,14.22,0.414,22.17,0.174,1,0.75948
Walking,4.42,1,113.21,0.613,15.04,0.153,1,0.0
Bus,8.714,1,9.72,0.585,26.66,0.261,0,1.62818
Car,23.05,2,2.0,0.656,33.24,0.064,1,2.42399
Bicycle,10.826,1,108.63,0.161,35.58,0.722,1,0.0
Car,7.525,3,3.0,0.478,17.07,0.154,1,0.55778
Car,9.527,5,5.0,0.17,29.57,0.403,0,0.36372
Bus,2.571,1,20.55,0.722,15.96,0.406,0,0.24032
Metro,15.661,1,126.19,0.571,39.42,0.99,1,0.63465
Bicycle,13.301,1,119.72,0.274,31.66,0.536,1,0.01277
Metro,13.136,1,119.39,0.176,32.6,0.25,1,0.57095
Metro,5.823,1,111.81,0.408,17.33,0.976,0,0.25314
Bus,3.832,1,15.96,0.905,29.9,0.533,0,0.46464
Walking,18.182,1,126.48,0.831,36.81,0.102,1,0.0
Walking,21.943,1,122.98,0.001,19.75,0.468,0,0.0062
Bus,10.335,1,12.26,0.225,28.52,0.477,0,1.3634
Bus,5.762,1,22.05,0.997,38.16,0.15,1,0.50888
Bicycle,4.834,1,130.96,0.078,10.51,0.302,1,0.01499
Walking,12.216,1,117.81,0.236,19.41,0.373,1,0.0
Bicycle,15.115,1,114.7,0.452,33.35,0.478,1,0.0
Motorcycle,1.739,1,125.99,0.743,38.47,0.692,0,0.20628
Bicycle,9.892,1,115.08,0.673,26.77,0.153,1,0.0
Metro,7.62,1,127.07,0.591,20.18,0.566,0,0.29049
Bus,11.215,1,23.29,0.516,12.26,0.063,0,0.88299
Bus,6.616,1,31.38,0.397,10.42,0.614,1,0.34531
Bus,2.628,1,10.06,0.304,35.7,0.89,1,0.47275
Car,5.246,3,3.0,0.154,34.49,0.523,1,0.35418
Motorcycle,13.148,1,121.0,0.134,12.48,0.356,1,1.43058
Motorcycle,4.627,1,119.89,0.966,37.03,0.346,0,0.59743
Bicycle,14.809,1,114.11,0.405,14.88,0.699,1,0.0092
Metro,50.695,1,124.32,0.202,29.87,0.6,1,1.99883
Car,17.225,2,2.0,0.469,38.91,0.865,0,1.80842
Bus,17.141,1,17.16,0.681,31.06,0.104,1,1.81612
Motorcycle,9.738,1,124.28,0.975,33.23,0.733,0,1.20064
Motorcycle,3.479,1,129.1,0.386,22.73,0.964,0,0.38654
Metro,8.819,1,126.82,0.623,17.93,0.098,0,0.34186
Bicycle,6.62,1,123.11,0.851,13.71,0.545,1,0.01759
Bicycle,11.429,1,124.42,0.83,23.28,0.385,0,0.0
Car,8.624,2,2.0,0.897,26.24,0.669,1,1.00123
Walking,4.797,1,126.25,0.226,23.21,0.579,0,0.0
Motorcycle,12.709,1,118.95,0.865,22.59,0.577,1,1.54818
Metro,8.564,1,118.51,0.908,17.58,0.585,0,0.37352
Walking,15.503,1,121.88,0.478,39.78,0.38,0,0.01318
Walking,13.722,1,121.81,0.954,31.2,0.547,0,0.00514
Bus,26.252,1,16.29,0.559,31.83,0.637,1,2.87785
Motorcycle,4.074,1,121.52,0.532,14.16,0.766,0,0.48796
Bicycle,5.599,1,121.81,0.504,32.93,0.427,0,0.0
Bus,9.962,1,39.59,0.013,25.05,0.433,0,0.39048
Car,7.607,1,1.0,0.088,22.01,0.642,0,1.53348
Walking,24.014,1,111.44,0.149,36.5,0.847,1,0.0
Metro,12.831,1,116.59,0.271,33.83,0.879,1,0.51911
Car,22.653,4,4.0,0.004,33.36,0.266,0,1.16456
Car,4.146,1,1.0,0.301,10.24,0.782,0,0.89994
Walking,2.646,1,133.72,0.029,30.27,0.883,0,0.0
Motorcycle,25.265,1,117.4,0.225,37.61,0.711,1,2.73999
Bicycle,8.01,1,121.66,0.495,27.73,0.871,1,0.00317
Car,11.257,4,4.0,0.239,36.51,0.324,0,0.55502
Bus,7.946,1,25.05,0.5,34.43,0.213,1,0.56001
Bus,5.456,1,16.22,0.349,16.52,0.123,0,0.58542
Motorcycle,15.57,1,126.74,0.23,27.21,0.666,1,1.80359
Metro,12.787,1,113.78,0.66,20.03,0.254,1,0.58911
Walking,29.859,1,114.5,0.529,18.1,0.361,0,0.0
Bus,7.817,1,21.27,0.561,20.07,0.031,0,0.69135
Walking,4.104,1,119.18,0.646,17.21,0.663,1,0.02268
Bus,8.447,1,15.56,0.042,28.7,0.317,1,0.89349
Walking,8.237,1,114.31,0.045,32.35,0.762,1,0.01408
Bicycle,11.926,1,119.9,0.05,24.89,0.783,1,0.0
Car,14.698,3,3.0,0.829,10.89,0.782,1,1.19983
Motorcycle,2.746,1,121.81,0.333,25.93,0.349,0,0.29737
Bicycle,10.559,1,125.15,0.493,32.01,0.697,1,0.0
Bus,11.816,1,18.46,0.928,38.64,0.256,1,1.21996
Car,55.904,2,2.0,0.027,31.08,0.421,0,5.6702
Bicycle,15.705,1,108.02,0.342,18.86,0.589,0,0.0
Car,15.766,4,4.0,0.971,29.02,0.694,0,0.9409
Bus,4.942,1,18.9,0.593,36.51,0.776,0,0.48591
Metro,13.716,1,114.37,0.861,38.46,0.365,0,0.61471
Bus,6.149,1,14.59,0.936,25.58,0.245,1,0.84598
Bus,17.161,1,19.48,0.439,13.84,0.517,0,1.49799
Walking,11.251,1,113.73,0.105,28.01,0.538,0,0.0
Motorcycle,17.271,1,115.75,0.747,24.48,0.963,1,2.14938
Bicycle,23.143,1,112.16,0.008,26.76,0.436,0,0.00306
Motorcycle,24.911,1,118.05,0.854,22.83,0.042,0,3.17098
Bicycle,6.57,1,118.62,0.178,18.67,0.746,0,0.0
Motorcycle,12.19,1,100.42,0.344,24.45,0.939,1,1.42471
Car,7.473,3,3.0,0.094,16.19,0.433,1,0.52414
Walking,5.91,1,106.14,0.181,12.12,0.033,1,0.00072
Bicycle,11.913,1,126.71,0.276,19.16,0.604,0,0.0096
Walking,2.133,1,117.38,0.117,14.7,0.579,0,0.01866
Metro,4.742,1,116.42,0.466,16.46,0.71,1,0.18362
Motorcycle,4.583,1,124.1,0.492,17.21,0.674,1,0.53514
Metro,10.872,1,122.03,0.651,39.37,0.519,1,0.42437
Walking,16.249,1,113.78,0.498,36.86,0.356,1,0.0
Bicycle,19.011,1,131.08,0.658,26.58,0.929,0,0.0
Car,5.021,1,1.0,0.317,35.02,0.575,1,1.07001
Car,7.226,1,1.0,0.498,14.01,0.894,0,1.54329
Metro,9.169,1,106.11,0.751,16.36,0.351,1,0.4307
Motorcycle,8.204,1,132.19,0.012,28.25,0.309,1,0.8922
Bus,5.599,1,17.48,0.451,10.16,0.928,1,0.57775
Metro,3.308,1,115.79,0.576,18.32,0.26,0,0.13514
Car,19.433,3,3.0,0.185,22.1,0.248,0,1.1933
Motorcycle,10.902,1,102.25,0.761,19.01,0.646,0,1.31545
Motorcycle,11.791,1,119.48,0.755,39.94,0.26,1,1.42834
Walking,25.969,1,109.41,0.625,12.92,0.742,0,0.0
Bus,7.737,1,23.74,0.092,19.89,0.89,1,0.56168
Car,8.435,5,5.0,0.831,27.36,0.096,0,0.39857
Car,8.051,3,3.0,0.177,14.64,0.369,1,0.56904
Car,6.448,3,3.0,0.519,25.07,0.905,0,0.48134
Bicycle,10.249,1,120.84,0.871,34.76,0.915,1,0.0
Car,22.959,4,4.0,0.986,32.68,0.538,1,1.29462
Bicycle,1.954,1,138.1,0.373,21.02,0.986,1,0.0
Walking,8.281,1,121.63,0.42,30.3,0.884,1,0.0
Bus,16.847,1,14.16,0.715,36.04,0.377,0,2.23519
Metro,1.077,1,115.59,0.229,32.75,0.272,1,0.03211
Bicycle,12.979,1,123.92,0.362,10.72,0.349,1,0.0
Bicycle,29.444,1,107.55,0.913,33.84,0.159,1,0.00661
Car,13.71,1,1.0,0.117,38.23,0.337,0,2.67025
Metro,16.181,1,105.15,0.2,32.59,0.75,1,0.77707
Metro,13.297,1,114.6,0.912,23.98,0.77,1,0.59503
Walking,2.027,1,104.07,0.289,31.36,0.434,1,0.00687
Metro,17.509,1,115.47,0.413,30.3,0.948,0,0.73148
Motorcycle,6.439,1,123.55,0.072,28.14,0.378,1,0.68762
Metro,24.378,1,121.67,0.923,38.95,0.676,1,0.96978
Bus,1.243,1,12.99,0.608,22.03,0.032,1,0.18931
Bicycle,3.933,1,119.72,0.893,10.25,0.678,0,0.01033
Metro,5.493,1,111.11,0.109,16.7,0.845,1,0.23044
Car,18.977,2,2.0,0.285,34.77,0.616,0,1.96737
Car,20.241,4,4.0,0.444,35.43,0.207,0,1.11855
Walking,15.796,1,128.84,0.334,29.66,0.129,0,0.00617
Metro,37.287,1,118.52,0.244,34.27,0.017,1,1.59648
Metro,16.747,1,114.93,0.43,22.79,0.021,1,0.74373
Walking,0.6,1,111.66,0.54,24.39,0.606,0,0.0
Bicycle,17.566,1,127.67,0.604,25.27,0.15,0,0.0083
Bus,28.216,1,15.69,0.789,11.55,0.915,0,3.52344
Metro,1.638,1,119.08,0.466,10.64,0.913,1,0.07347
Bicycle,9.333,1,107.45,0.466,21.12,0.231,0,0.01057
Walking,8.129,1,118.19,0.14,31.06,0.549,0,0.0
Bicycle,13.323,1,138.67,0.859,14.07,0.578,1,0.0
Bus,11.229,1,9.14,0.587,15.35,0.39,1,2.31032
Bus,22.072,1,11.73,0.859,21.67,0.56,0,3.50821
Motorcycle,20.519,1,118.39,0.531,28.41,0.476,0,2.40126
Motorcycle,9.997,1,130.14,0.031,31.41,0.547,0,1.01181
Walking,14.707,1,124.58,0.614,21.47,0.549,1,0.0
Walking,4.558,1,126.78,0.704,37.43,0.241,0,0.0
Walking,5.623,1,115.17,0.583,11.38,0.411,1,0.0
Metro,15.726,1,120.48,0.816,20.85,0.116,0,0.68011
Bicycle,4.829,1,118.59,0.433,30.37,0.015,0,0.0
Metro,16.633,1,114.38,0.565,13.93,0.681,1,0.6956
Bus,26.132,1,10.85,0.877,20.96,0.663,0,4.74476
Bus,18.934,1,28.03,0.301,37.26,0.839,0,1.22217
Metro,21.07,1,122.42,0.283,17.0,0.057,1,0.85297
Metro,16.14,1,98.33,0.373,28.46,0.191,1,0.84288
Motorcycle,12.365,1,125.59,0.325,20.41,0.243,0,1.32163
Car,18.971,2,2.0,0.454,12.68,0.29,0,2.06933
Walking,4.363,1,111.55,0.139,16.07,0.955,1,0.0
Metro,8.342,1,126.64,0.442,15.48,0.547,0,0.32575
Metro,6.123,1,111.31,0.574,21.02,0.942,1,0.26167
Bicycle,5.678,1,117.29,0.016,14.75,0.268,0,0.0
Metro,21.627,1,121.63,0.839,22.47,0.255,0,0.86872
Car,14.659,4,4.0,0.496,21.7,0.903,0,0.84979
Walking,1.915,1,131.51,0.256,23.35,0.41,1,0.01172
Bicycle,6.845,1,125.1,0.236,17.67,0.598,0,0.01521
Bus,2.82,1,27.06,0.748,13.88,0.322,1,0.18436
Walking,13.455,1,123.33,0.142,22.08,0.597,1,0.00153
Metro,9.582,1,120.37,0.479,26.22,0.944,0,0.38109
Walking,5.288,1,119.34,0.769,31.92,0.278,0,0.0104
Bus,2.661,1,29.53,0.929,15.37,0.917,1,0.18149
Walking,12.699,1,124.71,0.491,34.66,0.133,0,0.0
Motorcycle,9.576,1,108.62,0.14,22.25,0.903,0,1.01773
Walking,17.235,1,133.17,0.018,26.0,0.988,1,0.0047
Car,6.14,5,5.0,0.453,16.14,0.669,0,0.27358
Bus,3.878,1,13.97,0.803,28.24,0.515,1,0.53545
Car,9.577,5,5.0,0.718,29.2,0.849,0,0.45561
Metro,11.449,1,112.76,0.427,35.85,0.852,1,0.51027
Bicycle,8.316,1,105.45,0.606,17.04,0.355,0,0.0
Bicycle,4.58,1,118.52,0.481,20.8,0.352,1,0.01638
Bicycle,20.268,1,115.59,0.844,13.18,0.488,0,0.0
Car,10.844,2,2.0,0.492,30.42,0.1,0,1.16603
Metro,10.262,1,116.52,0.691,12.94,0.887,0,0.44742
Walking,15.614,1,116.27,0.41,14.84,0.548,0,0.01093
Car,0.574,5,5.0,0.126,37.78,0.766,1,0.03298
Car,19.607,1,1.0,0.975,20.2,0.125,0,4.45615
Bus,11.324,1,13.75,0.851,19.61,0.487,0,1.54341
Metro,27.623,1,116.51,0.013,21.78,0.408,1,1.08609
Bicycle,17.423,1,123.18,0.325,28.64,0.422,0,0.0
Bus,31.426,1,27.53,0.898,32.18,0.629,1,2.20217
Bus,13.57,1,7.54,0.029,20.7,0.744,0,3.10414
Metro,6.654,1,124.75,0.137,30.48,0.721,0,0.27867
Car,11.263,5,5.0,0.392,36.84,0.705,1,0.48081
Car,8.072,5,5.0,0.851,11.43,0.109,1,0.36141
Bicycle,15.693,1,136.55,0.1,16.42,0.103,1,0.0
Metro,10.794,1,117.42,0.24,12.26,0.021,1,0.4378
Walking,20.717,1,111.3,0.129,38.3,0.647,0,0.0
Walking,7.459,1,109.69,0.261,32.22,0.55,1,0.00608
Bus,5.58,1,23.58,0.281,27.68,0.841,0,0.41128
Bicycle,7.565,1,120.98,0.017,16.77,0.236,1,0.0
Motorcycle,1.885,1,122.68,0.807,31.21,0.175,1,0.23337
Car,18.09,3,3.0,0.963,15.97,0.166,0,1.34314
Bicycle,26.526,1,117.31,0.747,25.31,0.228,0,0.0
Bus,18.657,1,16.07,0.717,32.97,0.985,0,2.22888
Walking,16.973,1,131.04,0.041,38.85,0.703,0,0.0
Walking,4.549,1,127.66,0.709,38.26,0.945,0,1e-05
Walking,9.164,1,126.09,0.459,14.04,0.154,1,0.0
Car,22.911,5,5.0,0.676,25.55,0.954,1,1.0323
Metro,5.484,1,116.03,0.233,34.05,0.035,1,0.24618
Motorcycle,4.933,1,129.63,0.498,38.44,0.511,0,0.60046
Motorcycle,6.449,1,114.59,0.744,28.57,0.639,0,0.7832
Car,6.869,3,3.0,0.396,23.46,0.32,1,0.48599
Walking,9.965,1,103.94,0.693,31.81,0.553,0,0.00576
Bus,9.575,1,4.92,0.844,32.23,0.562,1,3.69288
Bicycle,11.06,1,122.17,0.198,31.17,0.276,0,0.00323
Motorcycle,21.991,1,123.3,0.371,38.21,0.674,1,2.59853
Bus,19.28,1,11.22,0.873,23.16,0.04,1,3.34218
Motorcycle,8.992,1,126.41,0.108,11.7,0.189,1,0.98448
Bus,2.365,1,17.5,0.74,39.66,0.657,1,0.26058
Metro,10.918,1,120.29,0.901,24.61,0.23,1,0.45642
Walking,4.161,1,120.21,0.864,37.29,0.377,1,0.00338
Walking,5.483,1,116.17,0.639,29.44,0.727,0,0.0
Bicycle,3.14,1,126.91,0.554,15.82,0.069,1,0.01013
Bicycle,4.227,1,120.28,0.993,35.45,0.071,1,0.0034
Bus,13.544,1,25.38,0.958,36.07,0.035,1,1.02661
Bicycle,7.567,1,122.67,0.984,13.25,0.198,0,0.01719
Car,18.096,5,5.0,0.777,18.92,0.263,1,0.78853
Walking,10.415,1,119.61,0.497,29.23,0.065,1,2e-05
Car,4.078,5,5.0,0.445,31.55,0.485,0,0.18505
Car,7.456,3,3.0,0.983,14.8,0.965,0,0.61949
Bicycle,12.205,1,126.1,0.51,38.17,0.178,0,0.0062
Bus,16.042,1,27.26,0.196,26.97,0.289,0,1.04492
Bus,9.563,1,15.08,0.977,34.67,0.817,1,1.26605
Walking,1.05,1,123.6,0.956,34.35,0.574,0,0.0
Bicycle,41.569,1,137.97,0.637,20.49,0.287,1,0.0
Motorcycle,14.689,1,112.18,0.225,10.04,0.206,1,1.58739
Bus,30.65,1,17.01,0.659,24.31,0.982,0,3.47681
Bus,19.677,1,2.48,0.274,13.94,0.972,1,14.60019
Walking,19.438,1,125.7,0.065,13.49,0.131,0,0.0065
Car,1.177,5,5.0,0.56,29.35,0.848,1,0.05959
Bicycle,5.23,1,119.71,0.944,15.46,0.375,0,0.0
Bus,5.691,1,31.05,0.439,15.46,0.045,0,0.31329
Motorcycle,8.848,1,117.31,0.524,29.91,0.07,1,1.00034
Car,30.993,3,3.0,0.488,29.91,0.231,0,2.18585
Metro,23.464,1,127.12,0.32,34.81,0.977,0,0.90976
Bicycle,10.301,1,103.48,0.071,22.61,0.197,0,0.0
Walking,13.098,1,129.64,0.948,18.41,0.214,1,0.00861
Walking,10.022,1,108.64,0.803,28.05,0.864,1,0.01583
Metro,4.533,1,135.5,0.043,15.69,0.462,1,0.1654
Motorcycle,17.055,1,123.82,0.958,13.62,0.397,1,2.22502
Bicycle,9.88,1,116.71,0.824,39.55,0.027,0,0.00343
Bus,26.54,1,29.44,0.618,34.08,0.961,0,1.70886
Bus,4.611,1,29.48,0.412,39.21,0.029,1,0.26753
Walking,19.307,1,114.24,0.242,38.01,0.154,1,0.00522
Bicycle,13.147,1,109.8,0.921,16.27,0.074,1,0.0
Car,3.755,5,5.0,0.974,15.2,0.218,0,0.16257
Metro,12.176,1,117.23,0.072,35.11,0.563,0,0.49833
Car,10.759,2,2.0,0.293,32.7,0.33,1,1.07781
Motorcycle,6.209,1,131.34,0.696,34.06,0.795,1,0.76708
Car,38.436,2,2.0,0.52,34.37,0.524,0,4.0941
Bus,20.19,1,18.8,0.59,35.93,0.569,1,2.01433
Metro,2.237,1,112.62,0.434,14.04,0.033,1,0.11243
Bicycle,11.798,1,125.84,0.047,30.07,0.219,1,0.01456
Car,2.851,3,3.0,0.209,11.28,0.393,0,0.18813
Car,12.577,2,2.0,0.841,20.36,0.449,0,1.37488
Motorcycle,27.619,1,111.93,0.301,15.9,0.117,0,3.11099
Bus,19.052,1,25.07,0.051,38.49,0.804,1,1.37585
Car,4.515,2,2.0,0.683,19.79,0.52,1,0.48733
Bicycle,41.197,1,130.23,0.296,13.04,0.666,0,0.00725
Bus,29.142,1,15.01,0.347,30.13,0.946,0,3.34295
Walking,21.302,1,114.97,0.307,39.7,0.296,0,0.00649
Bicycle,2.619,1,123.18,0.38,24.18,0.154,1,0.0078
Metro,4.244,1,115.5,0.797,17.83,0.567,0,0.17639
Motorcycle,42.251,1,112.98,0.838,31.46,0.382,0,5.47203
Bicycle,8.492,1,125.49,0.744,34.23,0.114,1,0.0
Bus,13.449,1,20.36,0.378,23.09,0.068,0,1.09446
Bicycle,12.138,1,103.93,0.625,17.76,0.169,1,0.01073
Metro,53.947,1,123.76,0.658,31.16,0.212,1,2.11193
Bus,7.38,1,18.27,0.753,21.27,0.774,0,0.78661
Motorcycle,3.609,1,132.49,0.074,17.78,0.459,0,0.39788
Metro,22.237,1,112.02,0.184,17.0,0.199,1,0.99438
Metro,15.587,1,119.75,0.007,21.03,0.854,0,0.67286
Walking,6.518,1,118.97,0.579,11.04,0.553,1,0.0
Motorcycle,23.623,1,131.62,0.286,33.54,0.985,0,2.67904
Bicycle,10.387,1,123.28,0.826,37.47,0.116,0,0.0
Car,3.665,2,2.0,0.365,10.51,0.052,0,0.37727
Bus,3.017,1,23.16,0.411,36.18,0.383,0,0.22129
Metro,5.834,1,125.54,0.424,14.49,0.026,0,0.22098
Metro,8.788,1,116.19,0.726,25.23,0.377,1,0.37942
Metro,7.724,1,122.49,0.875,18.14,0.934,1,0.31369
Bus,18.239,1,15.3,0.498,10.75,0.768,1,2.22048
Motorcycle,8.916,1,120.14,0.181,32.3,0.151,1,0.92184
Car,9.074,2,2.0,0.43,32.48,0.966,1,1.0205
Motorcycle,15.285,1,128.15,0.835,18.0,0.068,0,1.87158
Bus,2.419,1,13.1,0.122,25.65,0.711,0,0.30978
Metro,14.488,1,119.17,0.695,15.49,0.266,0,0.56325
Walking,7.574,1,107.87,0.964,35.78,0.861,0,0.00933
Metro,13.45,1,110.24,0.105,30.75,0.076,0,0.52826
Walking,1.763,1,114.17,0.293,15.88,0.751,1,0.0
Car,10.234,5,5.0,0.423,36.68,0.712,1,0.44979
Car,18.397,4,4.0,0.544,13.37,0.609,1,0.97281
Bicycle,12.843,1,117.47,0.5,32.37,0.11,0,0.0
Car,10.342,4,4.0,0.501,27.56,0.55,0,0.57563
Metro,19.757,1,114.34,0.534,35.76,0.786,1,0.85509
Metro,27.802,1,124.73,0.016,29.09,0.745,0,1.07634
Car,17.001,1,1.0,0.178,24.88,0.188,0,3.33746
Bus,11.491,1,21.28,0.389,39.36,0.664,0,0.95742
Metro,6.24,1,115.91,0.133,26.73,0.371,1,0.25986
Bus,17.16,1,21.0,0.243,19.18,0.047,1,1.4551
Bicycle,18.604,1,129.95,0.638,15.98,0.171,1,0.0
Motorcycle,5.15,1,111.52,0.874,11.48,0.797,0,0.65059
Motorcycle,8.419,1,124.91,0.794,26.64,0.777,0,1.03987
Motorcycle,14.757,1,121.6,0.643,25.85,0.751,0,1.87263
Car,20.339,5,5.0,0.998,29.76,0.482,1,0.92501
Walking,16.762,1,124.98,0.368,39.33,0.759,1,0.00703
Walking,11.418,1,123.0,0.55,14.83,0.881,1,0.0
Metro,21.341,1,120.71,0.519,30.76,0.196,1,0.87601
Bus,13.337,1,7.57,0.93,18.08,0.581,0,3.62305
Bus,5.336,1,12.36,0.396,15.78,0.628,0,0.78042
Car,10.862,5,5.0,0.673,11.37,0.917,0,0.49044
Bus,20.234,1,27.84,0.073,22.68,0.138,0,1.17709
Car,6.181,5,5.0,0.323,37.06,0.904,0,0.26329
Bus,12.036,1,2.0,0.69,29.05,0.645,1,10.90848
Bus,5.921,1,16.41,0.746,14.54,0.552,1,0.70679
Motorcycle,14.814,1,116.0,0.892,13.22,0.497,0,1.82996
Bus,10.115,1,22.18,0.164,13.79,0.824,0,0.82264
Car,8.199,3,3.0,0.464,35.74,0.116,1,0.59206
Metro,19.743,1,127.13,0.793,26.67,0.358,0,0.72586
Walking,28.852,1,104.03,0.966,17.67,0.858,0,0.0
Walking,23.521,1,105.66,0.406,39.97,0.532,1,0.0
Metro,9.465,1,119.21,0.747,25.92,0.726,1,0.39796
Bicycle,6.917,1,118.01,0.01,37.64,0.399,0,0.01107
Bus,13.662,1,26.51,0.528,18.58,0.842,1,0.94899
Car,3.622,2,2.0,0.862,14.09,0.872,0,0.43016
Bus,9.606,1,13.68,0.661,15.1,0.295,0,1.31332
Walking,23.692,1,112.91,0.053,31.04,0.057,1,0.0
Metro,8.435,1,109.01,0.891,31.82,0.323,0,0.37803
Car,26.206,1,1.0,0.662,18.57,0.722,1,6.24603
Bicycle,3.176,1,114.83,0.152,10.63,0.845,1,0.0
Bicycle,15.418,1,111.58,0.506,22.75,0.216,0,0.0
Bus,1.041,1,15.39,0.413,33.63,0.746,1,0.1092
Bicycle,1.903,1,128.33,0.45,14.08,0.773,0,0.02601
Bicycle,6.658,1,108.25,0.643,33.78,0.291,1,0.00773
Bicycle,9.07,1,116.23,0.951,39.9,0.694,0,0.0
Motorcycle,46.875,1,124.96,0.709,15.76,0.103,1,5.6076
Car,14.823,3,3.0,0.256,27.59,0.085,0,0.97646
Bicycle,9.829,1,133.09,0.4,27.33,0.902,0,0.00839
Bicycle,9.465,1,119.43,0.735,26.07,0.949,0,0.00458
Metro,36.461,1,115.52,0.15,30.16,0.178,0,1.53947
Car,9.147,5,5.0,0.419,29.42,0.435,1,0.3986
Walking,16.015,1,142.56,0.089,14.86,0.53,0,0.0
Bicycle,14.08,1,114.73,0.928,18.61,0.964,0,0.005
Bus,24.445,1,11.11,0.229,36.54,0.886,1,4.08993
Walking,6.835,1,101.94,0.64,33.04,0.341,0,0.0
Car,9.945,1,1.0,0.148,10.33,0.427,0,2.21675
Bicycle,20.036,1,106.24,0.597,34.46,0.924,0,0.0
Bicycle,15.448,1,123.15,0.174,14.61,0.465,1,0.01433
Metro,13.077,1,114.52,0.984,22.39,0.88,1,0.58219
Bicycle,9.35,1,127.67,0.136,37.45,0.207,0,0.0
Metro,3.721,1,114.55,0.391,15.68,0.671,0,0.17635
Bus,5.463,1,16.16,0.651,22.27,0.028,1,0.60427
Bicycle,7.709,1,128.28,0.299,29.53,0.189,1,0.00752
Motorcycle,16.765,1,107.97,0.541,39.95,0.523,1,2.00647
Walking,10.043,1,114.37,0.635,10.26,0.044,0,0.0
Walking,18.317,1,120.68,0.052,32.87,0.259,1,0.0
Bicycle,15.028,1,118.05,0.807,33.94,0.539,0,0.0
Bicycle,12.538,1,118.89,0.375,13.49,0.881,1,0.00171
Metro,6.104,1,120.18,0.116,10.3,0.827,0,0.24891
Walking,15.762,1,118.45,0.021,14.05,0.939,0,0.00283
Motorcycle,4.122,1,113.44,0.904,27.01,0.265,1,0.50306
Walking,19.341,1,110.88,0.721,38.78,0.895,1,0.01015
Walking,7.328,1,118.47,0.583,30.74,0.357,0,0.00599
Motorcycle,7.133,1,118.23,0.29,15.55,0.232,0,0.76062
Metro,8.342,1,130.54,0.102,32.62,0.079,0,0.30192
Motorcycle,3.425,1,111.51,0.528,20.07,0.481,1,0.39625
Bus,14.498,1,19.95,0.45,12.89,0.141,0,1.24355
Metro,14.628,1,109.19,0.556,39.92,0.047,1,0.62571
Metro,21.097,1,118.96,0.808,32.61,0.111,0,0.81763
Metro,0.936,1,119.66,0.47,14.26,0.353,0,0.04068
Bus,29.135,1,15.16,0.824,19.72,0.506,0,3.87884
Bicycle,5.689,1,118.47,0.533,17.28,0.149,0,0.0
Bicycle,7.954,1,111.37,0.531,38.55,0.906,0,0.0
Bicycle,9.988,1,111.27,0.473,22.38,0.598,0,0.00974
Walking,10.975,1,132.4,0.87,33.0,0.404,0,0.0
Metro,23.632,1,116.61,0.612,34.96,0.345,1,0.99521
Car,34.666,5,5.0,0.606,38.62,0.559,1,1.51063
Motorcycle,8.27,1,119.8,0.973,38.27,0.803,1,1.08009
Metro,24.742,1,120.54,0.572,10.81,0.829,0,1.06299
Walking,11.976,1,103.85,0.731,17.86,0.025,0,0.00019
Car,5.487,3,3.0,0.484,34.37,0.347,1,0.41204
Car,15.614,2,2.0,0.708,35.99,0.674,1,1.82113
Metro,9.612,1,117.86,0.952,10.71,0.704,1,0.43073
Metro,23.003,1,134.61,0.702,16.56,0.238,1,0.85662
Bus,9.148,1,2.0,0.341,35.73,0.668,0,8.40433
Metro,2.365,1,114.63,0.316,37.01,0.969,1,0.10492
Car,18.445,5,5.0,0.474,24.54,0.206,1,0.772
Bus,15.796,1,30.64,0.495,25.76,0.184,1,0.95082
Car,7.55,3,3.0,0.989,28.54,0.723,0,0.62203
Bus,18.687,1,11.67,0.254,17.79,0.349,1,2.71399
Bicycle,7.183,1,124.26,0.384,24.32,0.688,0,0.00566
Motorcycle,7.862,1,115.63,0.816,21.52,0.553,0,1.03721
Car,4.911,3,3.0,0.551,35.46,0.335,1,0.34954
Motorcycle,5.296,1,119.65,0.85,16.33,0.665,1,0.67702
Bus,1.424,1,16.45,0.6,29.89,0.934,1,0.17541
Bicycle,7.872,1,118.68,0.951,13.36,0.828,1,0.0
Bicycle,20.017,1,128.94,0.742,19.6,0.894,1,0.00443
Bus,7.101,1,30.92,0.64,39.86,0.844,1,0.45573
Motorcycle,10.679,1,120.77,0.289,39.71,0.455,0,1.17008
Bicycle,10.05,1,114.51,0.261,15.87,0.486,0,0.01612
Walking,16.967,1,128.43,0.783,21.32,0.439,0,0.00277
Car,5.915,1,1.0,0.779,16.04,0.453,1,1.38975
Metro,3.773,1,120.5,0.53,34.28,0.237,0,0.15052
Walking,2.51,1,113.02,0.016,15.79,0.314,0,0.0
Bus,9.607,1,14.88,0.074,10.21,0.963,0,1.14346
Motorcycle,10.813,1,127.08,0.98,38.08,0.965,1,1.34947
Walking,2.779,1,116.59,0.408,35.48,0.816,1,0.0
Bicycle,11.701,1,131.33,0.496,31.51,0.974,0,0.0
Bus,17.081,1,10.28,0.996,36.19,0.967,0,3.32376
Bicycle,7.08,1,108.61,0.783,11.4,0.607,0,0.00115
Motorcycle,6.491,1,108.23,0.019,19.83,0.94,0,0.75713
Motorcycle,25.613,1,123.26,0.843,38.42,0.534,1,3.31012
Car,13.972,4,4.0,0.14,11.46,0.119,1,0.67716
Metro,16.765,1,119.86,0.609,18.72,0.242,1,0.68432
Car,11.68,3,3.0,0.611,31.54,0.083,1,0.8294
Car,12.017,2,2.0,0.638,21.86,0.386,1,1.3219
Metro,6.612,1,124.66,0.053,21.2,0.378,1,0.26612
Metro,12.496,1,126.93,0.61,10.57,0.512,1,0.52204
Walking,12.96,1,110.62,0.318,35.57,0.276,0,0.02698
Bus,3.586,1,26.36,0.976,29.6,0.55,0,0.26245
Car,4.851,3,3.0,0.737,36.11,0.007,1,0.36421
Bicycle,1.902,1,109.09,0.065,29.35,0.613,0,0.01468
Walking,7.69,1,123.78,0.832,31.26,0.225,0,0.0
Car,22.345,3,3.0,0.512,23.12,0.016,0,1.59355
Bicycle,8.084,1,128.78,0.955,19.94,0.334,0,0.0
Bicycle,9.04,1,114.21,0.973,13.93,0.936,1,0.00849
Metro,5.766,1,127.66,0.76,34.06,0.426,1,0.22867
Metro,25.541,1,122.12,0.494,15.57,0.857,1,1.01574
Motorcycle,10.82,1,120.3,0.502,13.6,0.934,1,1.28054
Bus,30.455,1,5.59,0.436,21.53,0.263,1,9.37794
Walking,25.859,1,126.32,0.931,14.79,0.411,0,0.0
Metro,9.527,1,129.45,0.393,37.84,0.589,1,0.34889
Bicycle,14.331,1,120.91,0.953,12.97,0.209,0,0.00162
Car,18.439,1,1.0,0.7,38.79,0.101,0,4.00562
Motorcycle,30.084,1,112.1,0.381,34.39,0.752,0,3.53281
Metro,4.494,1,120.73,0.509,11.28,0.548,0,0.19252
Walking,16.555,1,120.7,0.121,18.13,0.387,0,0.00317
Walking,43.492,1,123.69,0.078,30.99,0.668,1,0.01187
Bicycle,18.161,1,125.65,0.737,37.24,0.891,1,0.0
Metro,3.089,1,118.05,0.513,35.39,0.145,1,0.11519
Car,5.699,5,5.0,0.561,10.49,0.454,0,0.22788
Metro,10.129,1,117.04,0.049,36.75,0.96,1,0.42147
Metro,7.988,1,107.16,0.971,34.4,0.983,1,0.3538
Bus,12.98,1,9.25,0.608,36.99,0.815,0,2.66155
Bus,3.567,1,22.15,0.113,19.35,0.141,1,0.26407
Car,7.732,2,2.0,0.73,24.32,0.619,1,0.9057
Metro,9.0,1,124.33,0.807,22.48,0.327,1,0.37062
Car,3.77,5,5.0,0.693,35.23,0.765,1,0.17334
Motorcycle,4.381,1,115.83,0.273,38.94,0.576,0,0.48531
Bicycle,10.999,1,121.08,0.319,35.59,0.019,0,0.0
Bicycle,10.143,1,120.95,0.605,22.53,0.914,0,0.0
Walking,15.595,1,123.48,0.849,18.9,0.487,1,0.01246
Car,20.927,1,1.0,0.972,16.76,0.343,1,4.72823
Bicycle,11.174,1,118.96,0.176,26.9,0.054,1,0.01394
Bus,15.814,1,3.39,0.081,19.57,0.71,0,7.37367
Car,26.766,2,2.0,0.012,26.85,0.99,0,2.84723
Metro,23.112,1,127.49,0.447,15.2,0.647,0,0.93944
Walking,9.406,1,121.13,0.459,33.36,0.562,0,0.0
Metro,12.982,1,106.93,0.139,36.39,0.979,1,0.5685
Bicycle,23.984,1,107.12,0.24,27.28,0.906,0,0.01583
Walking,16.578,1,122.39,0.838,28.35,0.566,0,0.00195
Walking,50.693,1,126.52,0.019,22.43,0.858,0,0.0
Metro,5.909,1,130.18,0.231,37.63,0.084,0,0.23721
Bicycle,9.785,1,131.17,0.081,38.61,0.859,1,0.0
Walking,15.087,1,129.03,0.043,25.44,0.082,1,0.0
Walking,20.535,1,120.58,0.268,34.94,0.58,0,0.00062
Metro,25.767,1,104.46,0.774,14.02,0.459,0,1.22898
Bicycle,18.392,1,116.73,0.033,34.36,0.994,0,0.00519
Motorcycle,6.831,1,117.51,0.96,13.26,0.727,0,0.87948
Motorcycle,7.64,1,111.27,0.944,22.53,0.077,1,0.90704
Bus,13.794,1,17.81,0.778,21.26,0.031,1,1.49919
Bicycle,16.344,1,118.21,0.867,15.34,0.749,1,0.0
Walking,15.863,1,122.15,0.038,32.85,0.998,0,0.0
Car,6.283,1,1.0,0.339,27.63,0.279,0,1.29562
Bus,10.949,1,32.94,0.04,31.77,0.888,0,0.54539
Motorcycle,20.467,1,124.16,0.912,18.17,0.946,0,2.6939
Motorcycle,5.348,1,126.6,0.057,15.17,0.477,1,0.56703
Walking,10.692,1,113.26,0.654,26.48,0.723,1,0.0
Bicycle,4.354,1,116.92,0.666,27.81,0.534,0,0.00109
Bicycle,12.936,1,130.06,0.938,34.04,0.063,1,0.00201
Bus,10.581,1,25.67,0.187,27.7,0.088,1,0.69409
Metro,8.676,1,122.25,0.18,13.84,0.004,0,0.33626
Motorcycle,7.489,1,123.8,0.44,34.21,0.51,1,0.9189
Walking,3.153,1,145.55,0.988,37.43,0.243,0,0.0
Bus,27.4,1,3.07,0.921,36.4,0.67,1,17.95701
Bus,2.431,1,21.08,0.526,27.45,0.836,1,0.22469
Motorcycle,11.904,1,114.08,0.647,29.65,0.82,0,1.46794
Bicycle,22.552,1,114.03,0.598,11.46,0.353,1,0.00703
Car,2.414,5,5.0,0.786,26.57,0.396,0,0.10392
Bicycle,31.024,1,107.94,0.708,16.47,0.009,0,0.0
Metro,3.188,1,116.4,0.404,19.34,0.864,1,0.12908
Motorcycle,9.45,1,133.73,0.047,11.68,0.491,0,1.00602
Walking,7.275,1,121.01,0.495,24.92,0.311,0,0.00295
Bus,3.721,1,21.98,0.777,29.45,0.003,0,0.30708
Metro,11.405,1,113.61,0.9,27.92,0.833,0,0.46454
Motorcycle,7.096,1,117.86,0.095,29.41,0.896,0,0.75305
Motorcycle,29.857,1,140.52,0.972,19.62,0.185,1,3.73619
Walking,2.505,1,142.84,0.809,20.67,0.396,1,0.01313
Metro,7.787,1,122.7,0.815,18.29,0.375,0,0.29376
Motorcycle,6.946,1,116.24,0.665,39.62,0.1,0,0.8368
Walking,6.911,1,116.76,0.417,13.26,0.002,0,0.0
Walking,23.635,1,123.67,0.297,36.84,0.992,1,0.0
Bus,16.588,1,15.53,0.342,27.06,0.063,0,1.86264
Car,27.888,4,4.0,0.169,13.04,0.42,0,1.46109
Car,49.555,4,4.0,0.368,13.11,0.041,0,2.60167
Bicycle,1.051,1,122.27,0.158,16.9,0.572,0,0.0012
Metro,3.892,1,135.88,0.529,34.7,0.63,1,0.1375
Car,3.789,5,5.0,0.074,25.89,0.559,0,0.14663
Bicycle,8.387,1,133.46,0.814,23.24,0.863,1,0.00957
Walking,5.856,1,135.97,0.68,28.69,0.106,1,0.0
Walking,4.091,1,118.51,0.273,16.99,0.836,0,0.01591
Bus,6.0,1,27.5,0.739,35.47,0.375,1,0.41428
Motorcycle,24.312,1,119.34,0.321,33.96,0.839,1,2.84535
Motorcycle,23.706,1,119.43,0.339,18.19,0.316,1,2.79043
Walking,23.485,1,117.96,0.773,26.52,0.682,0,0.0
Bicycle,12.87,1,107.39,0.984,32.14,0.428,1,0.0
Bus,12.671,1,9.34,0.226,39.7,0.572,1,2.46131
Walking,17.403,1,132.26,0.685,17.0,0.983,0,0.0
Metro,27.01,1,113.36,0.755,36.61,0.499,0,1.16161
Walking,5.235,1,128.13,0.219,37.88,0.191,1,0.01523
Metro,17.175,1,118.08,0.629,20.98,0.569,0,0.71649
Car,10.672,5,5.0,0.471,12.98,0.222,0,0.46317
Motorcycle,11.12,1,125.34,0.859,33.16,0.145,1,1.37571
Motorcycle,4.37,1,115.4,0.484,20.45,0.357,1,0.50628
Metro,19.581,1,127.72,0.574,24.8,0.785,0,0.76158
Motorcycle,14.977,1,114.11,0.632,38.25,0.552,1,1.81398
Bus,21.876,1,13.38,0.087,22.59,0.241,0,2.63794
Motorcycle,2.109,1,119.87,0.617,31.12,0.715,1,0.26733
Metro,5.719,1,100.17,0.508,36.01,0.486,1,0.28916
Motorcycle,14.795,1,127.17,0.898,38.35,0.445,0,1.87089
Bus,12.363,1,25.66,0.294,21.23,0.074,0,0.85008
Metro,7.577,1,127.3,0.13,27.36,0.191,0,0.29694
Metro,11.283,1,117.83,0.482,30.19,0.257,0,0.48358
Bicycle,4.312,1,123.38,0.184,17.98,0.752,0,0.00361
Motorcycle,12.359,1,126.71,0.696,21.68,0.386,1,1.44709
Bicycle,0.641,1,105.01,0.902,10.35,0.803,0,0.01038
Bus,21.318,1,25.73,0.973,13.24,0.885,1,1.64257
Metro,6.788,1,120.81,0.573,34.53,0.3,0,0.28178
Walking,5.05,1,115.14,0.06,23.62,0.192,1,0.0
Metro,6.197,1,124.52,0.859,29.66,0.176,1,0.22939
Bicycle,13.256,1,141.32,0.661,30.52,0.634,1,0.00856
Bicycle,2.16,1,118.69,0.362,17.5,0.967,1,0.00345
Car,20.659,1,1.0,0.902,11.99,0.264,0,4.64211
Car,10.457,2,2.0,0.115,20.19,0.318,1,1.07745
Motorcycle,7.852,1,128.35,0.161,29.42,0.889,1,0.8729
Walking,9.749,1,106.77,0.03,20.93,0.307,0,0.02594
Bicycle,4.134,1,115.77,0.72,18.16,0.279,1,0.0
Bus,16.878,1,2.0,0.069,30.21,0.671,1,13.80012
Walking,4.828,1,118.4,0.547,27.06,0.343,1,0.00455
Walking,24.327,1,116.02,0.536,31.17,0.087,0,0.0
Walking,9.858,1,100.37,0.378,24.72,0.054,1,0.0
Bus,5.845,1,39.07,0.883,31.04,0.977,0,0.30572
Motorcycle,21.827,1,133.05,0.652,15.77,0.218,1,2.53345
Motorcycle,4.139,1,114.46,0.319,32.36,0.368,0,0.45532
Car,8.534,3,3.0,0.431,34.0,0.073,0,0.61654
Walking,7.234,1,112.82,0.6,23.59,0.833,0,0.0
Walking,17.879,1,119.34,0.794,33.63,0.008,1,0.01198
Metro,13.507,1,115.8,0.036,19.83,0.062,0,0.57959
Car,5.305,1,1.0,0.09,23.45,0.16,0,1.03112
Metro,4.874,1,118.21,0.035,32.02,0.212,1,0.20357
Motorcycle,11.491,1,127.8,0.104,39.95,0.055,1,1.21894
Motorcycle,7.531,1,118.1,0.531,17.16,0.62,0,0.84897
Bus,11.462,1,17.39,0.582,34.83,0.493,0,1.17076
Walking,13.243,1,117.51,0.078,28.36,0.77,1,0.00161
Car,10.635,1,1.0,0.868,11.97,0.736,0,2.5609
Motorcycle,6.464,1,117.53,0.512,11.74,0.81,0,0.75958
Bus,6.477,1,23.66,0.603,37.5,0.478,0,0.50179
Car,8.337,1,1.0,0.591,39.42,0.758,1,1.83048
Bus,11.98,1,25.6,0.593,18.03,0.71,1,0.85611
Motorcycle,7.692,1,118.0,0.587,34.76,0.59,0,0.91513
Metro,20.793,1,129.13,0.363,12.09,0.367,1,0.74395
Bicycle,3.82,1,116.29,0.949,26.6,0.98,0,0.00304
Bus,19.201,1,14.44,0.437,33.57,0.331,0,2.351
Bus,5.778,1,13.12,0.951,29.86,0.963,1,0.88666
Bicycle,10.789,1,122.61,0.562,38.71,0.386,0,0.00173
Bus,21.841,1,8.74,0.754,21.05,0.37,0,4.59442
Motorcycle,21.516,1,120.97,0.538,28.75,0.865,0,2.49743
Car,11.401,3,3.0,0.877,39.8,0.655,0,0.88765
Walking,11.81,1,124.6,0.016,13.65,0.293,1,0.0
Bus,20.282,1,26.16,0.794,31.17,0.754,0,1.56588
Walking,6.277,1,120.56,0.123,25.05,0.211,0,0.0
Motorcycle,11.984,1,126.79,0.532,31.43,0.638,1,1.39942
Bicycle,7.241,1,119.74,0.298,18.25,0.916,0,0.0
Bus,19.12,1,23.64,0.048,12.35,0.394,0,1.39537
Walking,5.255,1,115.77,0.007,25.93,0.123,0,0.0
Metro,23.813,1,122.78,0.748,15.07,0.877,1,0.94663
Walking,26.281,1,121.49,0.346,10.68,0.006,1,0.00635
Bus,8.94,1,26.77,0.449,16.3,0.418,1,0.60293
Metro,10.077,1,106.91,0.786,15.73,0.461,0,0.47005
Bus,9.395,1,7.07,0.589,35.19,0.244,1,2.39514
Walking,9.72,1,129.86,0.451,17.7,0.357,1,0.00662
Bus,31.858,1,21.46,0.645,33.08,0.228,0,2.64968
Car,4.032,5,5.0,0.804,18.46,0.054,1,0.183
Bicycle,22.601,1,110.24,0.395,11.31,0.937,1,0.0016
Walking,2.17,1,129.51,0.544,25.36,0.618,0,0.01598
Motorcycle,7.276,1,135.68,0.946,34.25,0.646,1,0.91882
Walking,28.495,1,130.92,0.775,18.09,0.349,0,0.0
Bicycle,2.29,1,116.6,0.026,34.29,0.48,1,0.0
Metro,7.934,1,119.54,0.163,33.64,0.915,0,0.3168
Bicycle,5.628,1,126.42,0.784,22.13,0.825,0,0.0
Metro,27.333,1,127.52,0.415,22.98,0.917,1,1.02598
Motorcycle,11.37,1,114.64,0.898,33.14,0.109,0,1.38427
Metro,3.433,1,129.04,0.972,10.61,0.036,1,0.14308
Car,10.886,3,3.0,0.372,35.57,0.788,0,0.78013
Car,7.887,1,1.0,0.893,10.9,0.869,0,1.84572
Bus,7.889,1,23.05,0.007,29.44,0.554,0,0.55971
Walking,10.678,1,118.61,0.014,32.48,0.683,1,0.01735
Walking,6.615,1,103.95,0.191,26.62,0.505,0,0.00875
Bus,2.672,1,31.27,0.662,39.15,0.931,0,0.16339
Walking,7.502,1,115.6,0.188,32.71,0.616,1,0.0
Bicycle,14.291,1,125.25,0.256,24.02,0.939,0,0.00142
Walking,32.104,1,123.22,0.854,17.6,0.067,1,0.00418
Car,5.108,4,4.0,0.409,27.53,0.599,1,0.27328
Car,21.871,2,2.0,0.012,30.59,0.54,0,2.11336
Metro,8.053,1,118.84,0.424,28.63,0.149,1,0.32349
Walking,20.756,1,106.76,0.902,11.69,0.778,1,0.0
Motorcycle,14.813,1,125.2,0.897,10.17,0.601,1,1.90904
Bicycle,3.334,1,124.91,0.851,30.5,0.795,0,0.0
Car,24.656,2,2.0,0.468,34.62,0.886,1,2.5366
Bus,3.209,1,28.08,0.894,39.56,0.71,0,0.2131
Bicycle,13.414,1,126.34,0.676,15.71,0.082,0,0.02909
Bus,1.349,1,11.95,0.615,11.08,0.589,1,0.22044
Bicycle,27.034,1,126.51,0.052,38.91,0.52,1,0.0
Car,29.96,4,4.0,0.188,31.36,0.078,1,1.51926
Motorcycle,25.724,1,109.37,0.269,31.48,0.243,1,2.85844
Motorcycle,6.284,1,128.14,0.565,11.43,0.483,1,0.7749
Walking,18.945,1,132.53,0.518,26.87,0.91,1,0.0
Bus,1.191,1,11.29,0.709,37.4,0.704,1,0.20781
Bicycle,19.77,1,122.05,0.038,23.82,0.224,0,0.00683
Motorcycle,13.256,1,139.29,0.606,32.96,0.158,1,1.51483
Car,8.303,2,2.0,0.416,24.99,0.325,0,0.86397
Metro,20.942,1,125.66,0.548,32.67,0.617,1,0.82905
Metro,2.701,1,106.17,0.337,14.62,0.801,1,0.11885
Bicycle,22.212,1,113.06,0.624,16.83,0.133,0,0.0
Metro,13.735,1,109.52,0.016,10.28,0.406,0,0.58664
Motorcycle,6.965,1,120.56,0.422,33.68,0.961,0,0.80683
Bicycle,7.996,1,113.33,0.274,30.24,0.419,1,0.0
Car,12.527,5,5.0,0.564,27.74,0.28,0,0.53094
Car,5.9,4,4.0,0.337,28.86,0.565,1,0.33343
Metro,9.99,1,122.47,0.888,19.72,0.611,1,0.41848
Motorcycle,8.829,1,122.45,0.809,34.12,0.659,1,1.11511
Motorcycle,8.774,1,102.2,0.083,38.9,0.965,1,0.94142
Metro,6.125,1,127.03,0.431,34.06,0.024,0,0.25114
Car,2.866,4,4.0,0.11,16.08,0.612,1,0.15215
Metro,11.14,1,113.01,0.09,25.25,0.93,0,0.48851
Bus,7.569,1,20.15,0.376,10.67,0.92,0,0.71263
Walking,16.996,1,110.73,0.088,10.12,0.653,0,0.01734
Bus,18.401,1,20.43,0.409,38.07,0.962,0,1.65436
Bicycle,21.975,1,119.77,0.259,30.67,0.704,1,0.0
Metro,8.876,1,125.48,0.242,22.46,0.053,0,0.3543
Walking,2.125,1,131.77,0.839,19.7,0.998,1,0.0
Motorcycle,5.063,1,126.53,0.735,28.25,0.533,1,0.63183
Metro,17.549,1,121.94,0.271,11.42,0.333,0,0.68735
Metro,14.491,1,120.01,0.922,25.89,0.888,0,0.57775
Bus,16.665,1,16.58,0.269,11.55,0.746,0,1.83048
Walking,14.393,1,120.54,0.443,38.31,0.908,1,0.00568
Walking,4.772,1,129.68,0.616,25.19,0.569,1,0.0
Bus,11.758,1,15.83,0.935,38.62,0.145,1,1.47107
Metro,2.582,1,130.11,0.969,27.33,0.392,1,0.09337
Bus,14.105,1,17.45,0.062,38.82,0.318,1,1.34155
Bus,8.11,1,19.15,0.428,16.01,0.931,1,0.78911
Car,18.766,5,5.0,0.516,28.11,0.191,1,0.8307
Motorcycle,8.015,1,119.02,0.283,25.31,0.079,1,0.90572
Walking,22.963,1,115.82,0.559,25.91,0.975,0,0.00212
Bicycle,12.494,1,109.22,0.147,31.42,0.013,1,0.0
Bicycle,15.926,1,119.86,0.153,29.3,0.521,1,0.00379
Bus,16.115,1,9.33,0.607,11.98,0.501,0,3.18336
Bus,28.365,1,21.87,0.264,38.78,0.035,1,2.1883
Metro,15.57,1,120.36,0.941,18.12,0.859,1,0.62629
Bus,14.826,1,29.01,0.985,21.87,0.038,1,0.98784
Car,2.145,2,2.0,0.78,29.0,0.245,1,0.24371
Motorcycle,17.035,1,105.66,0.963,36.55,0.423,1,2.15134
Metro,2.252,1,131.86,0.311,13.33,0.556,0,0.09357
Car,18.789,1,1.0,0.742,18.78,0.424,0,4.07269
Bicycle,11.928,1,134.6,0.94,21.24,0.052,0,0.0
Car,30.639,4,4.0,0.599,33.91,0.759,0,1.70794
Bicycle,35.015,1,107.72,0.857,25.87,0.57,0,0.01613
Metro,3.373,1,125.97,0.512,38.37,0.183,1,0.11607
Walking,17.535,1,119.09,0.717,20.6,0.383,0,0.00956
Motorcycle,9.791,1,127.8,0.622,39.22,0.419,0,1.1625
Car,17.955,3,3.0,0.68,24.5,0.505,1,1.36988
Motorcycle,17.308,1,109.36,0.283,16.03,0.976,0,1.98086
Walking,6.631,1,110.66,0.061,27.22,0.43,0,0.0
Metro,8.803,1,124.01,0.697,25.41,0.005,1,0.33481
Bus,16.84,1,15.96,0.595,36.65,0.625,0,1.94831
Car,6.028,4,4.0,0.106,22.73,0.98,1,0.32346
Bicycle,16.333,1,121.67,0.405,38.75,0.567,1,0.0
Car,13.92,1,1.0,0.973,38.23,0.471,0,3.18401
Metro,20.123,1,119.23,0.765,39.87,0.788,0,0.81069
Walking,6.792,1,126.93,0.499,24.34,0.754,1,0.00885
Metro,19.025,1,110.12,0.739,16.57,0.062,0,0.81253
Motorcycle,4.596,1,120.43,0.552,29.83,0.085,0,0.5284
Car,34.496,5,5.0,0.606,37.74,0.107,0,1.50892
Car,14.496,2,2.0,0.02,33.69,0.403,1,1.43606
Metro,21.148,1,135.46,0.517,21.91,0.533,0,0.74691
Metro,8.409,1,110.8,0.192,13.66,0.55,0,0.36784
Bus,7.239,1,19.2,0.19,20.51,0.499,1,0.63056
Walking,3.754,1,111.67,0.258,33.71,0.965,0,0.00247
Motorcycle,7.108,1,137.09,0.316,25.19,0.335,1,0.82596
Bus,8.512,1,2.0,0.632,23.99,0.308,1,8.20842
Motorcycle,33.328,1,131.55,0.955,22.14,0.207,1,4.18513
Bus,8.852,1,26.39,0.774,17.89,0.251,0,0.64323
Car,4.001,3,3.0,0.661,39.37,0.965,0,0.29848
Motorcycle,2.831,1,128.46,0.13,18.95,0.268,0,0.297
Bicycle,27.337,1,118.56,0.032,21.92,0.092,0,0.0
Car,7.783,2,2.0,0.581,17.88,0.663,1,0.87536
Bicycle,2.15,1,128.2,0.096,22.76,0.576,0,0.01387
Walking,9.684,1,114.53,0.872,21.4,0.281,0,0.0
Bus,9.261,1,21.97,0.674,21.1,0.757,0,0.8028
Motorcycle,8.396,1,120.0,0.855,35.75,0.48,1,1.05068
Car,26.427,3,3.0,0.977,29.13,0.427,1,2.06663
Metro,11.898,1,124.99,0.055,21.27,0.208,0,0.49854
Bicycle,4.767,1,117.03,0.93,28.62,0.274,1,0.0
Metro,17.745,1,140.7,0.088,37.43,0.801,1,0.61711
Walking,1.117,1,119.99,0.198,33.92,0.086,0,0.00334
Car,24.529,4,4.0,0.603,10.62,0.442,1,1.34959
Bicycle,9.852,1,122.6,0.794,24.82,0.487,1,0.0
Motorcycle,27.397,1,122.02,0.445,38.23,0.225,0,3.21106
Motorcycle,5.021,1,123.74,0.331,19.09,0.383,0,0.55648
Walking,5.234,1,116.7,0.572,18.3,0.969,0,0.0
Bicycle,4.231,1,123.12,0.293,28.22,0.43,1,0.01872
Bus,16.203,1,34.53,0.421,25.07,0.627,1,0.84426
Car,6.631,3,3.0,0.449,26.25,0.274,0,0.46919
Car,15.71,1,1.0,0.437,28.87,0.426,0,3.31257
Motorcycle,17.237,1,131.13,0.578,36.23,0.878,1,2.12916
Bicycle,25.241,1,117.31,0.56,12.03,0.848,1,0.00796
Metro,12.68,1,136.04,0.498,37.03,0.388,0,0.47835
Bicycle,6.356,1,129.25,0.617,16.51,0.277,1,0.00716
Motorcycle,30.215,1,112.24,0.437,26.18,0.54,1,3.45965
Motorcycle,3.938,1,124.22,0.48,15.68,0.409,1,0.43308
Bus,19.954,1,23.63,0.595,30.52,0.539,0,1.44437
Car,11.784,3,3.0,0.454,21.4,0.538,1,0.83687
Car,3.052,1,1.0,0.332,14.21,0.665,0,0.63471
Bicycle,8.087,1,112.56,0.716,32.7,0.832,0,0.0
Bicycle,17.297,1,107.21,0.13,27.14,0.749,0,0.0
Car,3.823,1,1.0,0.783,14.65,0.685,0,0.8655
Car,11.878,2,2.0,0.696,11.12,0.767,1,1.35354
Bus,26.833,1,16.98,0.919,31.03,0.913,0,3.24696
Bicycle,10.642,1,112.53,0.566,11.06,0.688,0,0.00822
Walking,35.006,1,127.46,0.898,32.93,0.537,1,0.00396
Bicycle,13.769,1,126.86,0.446,18.73,0.336,0,0.00276
Bus,2.321,1,11.59,0.857,19.39,0.977,1,0.4122
Motorcycle,12.237,1,127.72,0.174,20.39,0.303,1,1.36867
Bicycle,3.408,1,116.15,0.861,15.39,0.952,0,0.0
Metro,11.237,1,122.16,0.981,31.61,0.534,0,0.44225
Bicycle,18.252,1,122.91,0.19,18.26,0.749,1,0.0
Car,15.912,4,4.0,0.254,34.18,0.354,1,0.84346
Car,13.176,4,4.0,0.48,17.54,0.102,0,0.73832
Walking,10.478,1,121.37,0.131,25.21,0.333,0,0.0
Walking,19.009,1,130.37,0.763,38.95,0.562,0,0.01393
Walking,4.072,1,128.62,0.501,21.04,0.208,1,0.0
Bus,7.339,1,10.83,0.798,28.43,0.824,0,1.37406
Walking,9.992,1,115.44,0.06,25.45,0.027,0,0.01217
Bus,13.532,1,17.25,0.53,33.81,0.942,0,1.46769
Car,6.229,1,1.0,0.32,28.71,0.696,1,1.31153
Bus,8.767,1,18.55,0.919,39.9,0.046,1,0.92443
Motorcycle,0.572,1,127.3,0.788,22.32,0.214,1,0.05648
Motorcycle,19.257,1,122.28,0.004,19.73,0.546,1,2.01603
Bicycle,15.652,1,133.35,0.861,26.17,0.463,1,0.0
Bus,16.014,1,12.48,0.804,38.34,0.929,0,2.50775
Motorcycle,12.058,1,115.41,0.899,14.08,0.005,0,1.48703
Motorcycle,15.632,1,121.37,0.578,22.6,0.781,0,1.84916
Bicycle,4.545,1,118.06,0.082,27.82,0.479,0,0.0
Metro,15.292,1,130.69,0.091,12.31,0.184,0,0.57913
Bicycle,18.011,1,114.24,0.291,15.56,0.939,1,0.0
Motorcycle,4.755,1,116.35,0.518,39.0,0.462,1,0.5387
Walking,2.939,1,107.08,0.444,21.4,0.374,0,0.00588
Bicycle,5.032,1,106.93,0.292,10.19,0.004,1,0.00812
Bus,6.947,1,12.75,0.539,23.47,0.207,0,0.98801
Motorcycle,3.554,1,125.11,0.047,20.22,0.83,0,0.39403
Bus,21.262,1,11.12,0.972,12.8,0.936,0,3.9159
Car,6.253,3,3.0,0.091,10.57,0.391,0,0.40593
Walking,9.393,1,106.54,0.042,11.04,0.298,1,0.0
Bicycle,19.464,1,122.68,0.725,15.61,0.338,1,0.01013
Metro,11.259,1,129.71,0.355,25.24,0.879,1,0.43299
Car,17.27,5,5.0,0.814,25.93,0.305,1,0.76678
Bus,9.637,1,15.9,0.163,17.01,0.543,1,0.98075
Car,3.517,2,2.0,0.943,28.31,0.622,0,0.41466
Metro,20.135,1,130.07,0.774,17.28,0.161,1,0.75225
Walking,18.649,1,115.27,0.885,24.95,0.544,1,0.01834
Car,27.869,5,5.0,0.898,22.49,0.587,1,1.30129
Motorcycle,22.333,1,131.4,0.992,13.33,0.644,0,2.91514
Walking,8.155,1,108.44,0.816,13.05,0.488,0,0.01304
Motorcycle,11.939,1,122.26,0.805,37.56,0.885,0,1.51665
Metro,14.611,1,113.51,0.568,31.54,0.196,1,0.6415
Motorcycle,20.128,1,128.33,0.257,30.83,0.9,0,2.3653
Motorcycle,16.493,1,114.95,0.129,31.82,0.048,1,1.72543
Metro,1.85,1,141.29,0.925,31.61,0.29,1,0.07265
Walking,3.184,1,120.59,0.672,10.01,0.573,1,0.02019
Car,20.394,4,4.0,0.671,27.28,0.428,1,1.14265
Motorcycle,10.663,1,111.9,0.77,32.86,0.409,0,1.3327
Walking,11.657,1,118.0,0.162,10.45,0.654,1,0.0
Motorcycle,20.231,1,134.21,0.816,31.6,0.396,0,2.31719
Bicycle,11.032,1,107.88,0.263,21.38,0.399,1,0.0023
Motorcycle,15.17,1,120.5,0.655,39.37,0.427,0,1.89097
Motorcycle,14.512,1,114.95,0.655,30.07,0.286,1,1.69311
Metro,4.413,1,120.51,0.701,37.23,0.866,1,0.1874
Car,12.264,4,4.0,0.487,38.64,0.374,1,0.64449
Metro,3.797,1,112.67,0.348,29.93,0.395,1,0.15324
Metro,0.752,1,129.27,0.398,10.27,0.704,0,0.05286
Metro,30.486,1,104.78,0.194,30.44,0.426,0,1.5281
Car,11.423,1,1.0,0.938,33.87,0.481,1,2.5757
Car,2.557,3,3.0,0.478,18.15,0.94,0,0.20115
Motorcycle,24.287,1,130.54,0.762,17.03,0.548,0,2.92856
Metro,10.859,1,122.35,0.203,24.78,0.569,0,0.43269
Bus,5.696,1,14.09,0.438,36.75,0.449,0,0.72139
Walking,20.723,1,100.94,0.33,34.68,0.337,1,0.0
Walking,8.767,1,106.32,0.687,36.3,0.962,0,0.0
Bicycle,5.49,1,119.84,0.526,29.61,0.759,0,0.0
Motorcycle,1.4,1,112.24,0.595,25.96,0.848,0,0.17853
Metro,3.933,1,112.7,0.424,20.07,0.582,1,0.16492
Bus,5.479,1,18.98,0.741,21.58,0.041,0,0.526
Metro,5.774,1,116.16,0.962,37.9,0.834,1,0.25158
Bus,27.729,1,12.9,0.426,28.06,0.609,1,3.72973
Metro,13.486,1,122.67,0.552,26.61,0.698,0,0.56332
Bus,2.275,1,11.66,0.079,25.28,0.606,0,0.31446
Metro,5.668,1,128.41,0.374,27.11,0.689,0,0.20084
Metro,8.832,1,123.85,0.639,33.68,0.814,0,0.36333
Metro,3.693,1,109.28,0.7,27.82,0.766,0,0.15852
Bus,4.342,1,24.34,0.418,17.63,0.225,0,0.31215
Metro,7.667,1,106.73,0.998,28.83,0.629,0,0.35129
Metro,22.439,1,119.69,0.427,26.06,0.355,0,0.91351
Motorcycle,0.798,1,107.01,0.686,20.2,0.737,1,0.09342
Car,14.628,3,3.0,0.428,19.16,0.743,1,1.07334
Car,9.061,5,5.0,0.721,33.42,0.43,0,0.42704
Car,5.255,5,5.0,0.369,22.59,0.621,0,0.21992
Walking,5.24,1,126.47,0.377,27.5,0.361,0,0.00488
Car,22.24,1,1.0,0.765,37.29,0.531,0,5.01158
Car,2.084,3,3.0,0.667,28.67,0.152,1,0.15044
Walking,18.091,1,121.56,0.027,24.5,0.949,0,0.0
Motorcycle,10.01,1,109.06,0.555,39.09,0.894,0,1.21161
Walking,26.535,1,113.34,0.769,22.92,0.857,1,0.00489
Car,21.169,4,4.0,0.687,31.72,0.368,0,1.19981
Motorcycle,27.179,1,115.43,0.168,21.27,0.979,0,3.17452
Metro,14.342,1,120.39,0.908,28.33,0.867,0,0.53428
Bicycle,9.576,1,120.19,0.994,26.03,0.943,0,0.00502
Bus,10.072,1,32.58,0.875,24.89,0.659,1,0.58445
Metro,5.677,1,111.64,0.952,35.86,0.044,1,0.23975
Walking,14.53,1,115.98,0.667,37.18,0.991,1,0.0
Motorcycle,4.699,1,116.23,0.768,13.67,0.729,1,0.55303
Walking,11.433,1,126.41,0.603,39.17,0.178,1,0.00282
Car,4.377,3,3.0,0.107,28.64,0.124,1,0.28565
Car,5.59,3,3.0,0.097,15.97,0.384,1,0.36699
Bicycle,20.808,1,104.55,0.44,17.01,0.208,0,0.01239
Walking,9.093,1,136.8,0.814,38.4,0.566,0,0.00257
Motorcycle,9.306,1,109.28,0.559,16.7,0.388,0,1.09719
Bus,13.369,1,30.0,0.21,34.29,0.004,1,0.77616
Bus,6.555,1,17.04,0.055,16.94,0.261,1,0.61682
Bus,7.106,1,4.76,0.221,12.32,0.123,1,2.52316
Car,39.326,2,2.0,0.901,37.15,0.184,0,4.35258
Metro,7.684,1,118.98,0.823,23.17,0.247,1,0.3075
Walking,11.39,1,116.2,0.5,18.49,0.315,1,0.00727
Car,5.654,2,2.0,0.17,23.57,0.35,0,0.57903
Motorcycle,22.175,1,118.54,0.423,18.68,0.624,1,2.52757
Metro,10.953,1,122.78,0.513,19.57,0.131,0,0.4526
Motorcycle,4.901,1,128.69,0.155,37.99,0.839,1,0.56173
Motorcycle,7.92,1,104.71,0.843,24.71,0.457,0,0.93458
Bicycle,5.62,1,113.55,0.626,11.72,0.89,0,0.0
Car,5.01,2,2.0,0.409,17.45,0.922,0,0.56917
Motorcycle,5.647,1,120.33,0.864,22.92,0.725,0,0.70714
Metro,9.878,1,107.23,0.199,15.61,0.71,1,0.46795
Car,19.999,4,4.0,0.878,25.75,0.588,0,1.15788
Motorcycle,19.271,1,130.38,0.111,13.02,0.083,0,2.04589
Walking,5.751,1,102.36,0.36,17.9,0.968,0,0.0001
Motorcycle,4.77,1,133.7,0.807,31.59,0.795,0,0.60138
Motorcycle,10.278,1,117.74,0.965,34.62,0.984,0,1.32698
Motorcycle,6.92,1,129.59,0.041,38.72,0.742,1,0.77498
Walking,13.516,1,117.68,0.917,13.84,0.672,1,0.00957
Bus,12.603,1,16.51,0.352,38.2,0.074,0,1.28497
Car,12.587,2,2.0,0.767,36.09,0.173,1,1.45287
Walking,9.803,1,123.59,0.648,22.37,0.397,1,0.0
Car,25.721,4,4.0,0.099,33.87,0.923,1,1.30699
Car,6.769,3,3.0,0.989,27.54,0.421,1,0.53609
Walking,17.115,1,118.71,0.479,18.68,0.852,0,0.0
Bicycle,7.12,1,114.25,0.487,28.06,0.914,1,0.0
Bicycle,3.924,1,124.35,0.919,14.35,0.246,1,0.0061
Bus,7.822,1,21.3,0.958,14.52,0.204,0,0.68447
Walking,0.82,1,115.3,0.685,25.33,0.613,1,0.0
Metro,7.715,1,121.34,0.69,32.98,0.541,1,0.33129
Bicycle,15.013,1,104.82,0.762,38.29,0.803,0,0.0
Motorcycle,3.961,1,116.09,0.931,12.73,0.343,0,0.45963
Walking,5.514,1,121.6,0.967,39.55,0.474,0,0.00257
Bicycle,14.107,1,122.31,0.032,32.89,0.559,0,0.0
Walking,5.158,1,113.16,0.273,33.45,0.135,0,0.00611
Walking,1.808,1,119.52,0.651,29.36,0.469,1,0.00954
Metro,22.265,1,119.84,0.696,32.88,0.859,0,0.90961
Bus,27.856,1,10.48,0.907,28.01,0.694,1,5.11932
Metro,18.022,1,104.04,0.999,17.95,0.706,0,0.82013
Walking,9.746,1,127.33,0.346,18.76,0.838,0,0.0
Motorcycle,15.087,1,126.66,0.887,14.73,0.717,0,1.8968
Bus,9.243,1,33.72,0.326,29.47,0.15,0,0.47193
Metro,11.152,1,106.13,0.277,12.57,0.21,1,0.5423
Motorcycle,23.917,1,101.85,0.906,34.46,0.078,0,2.95768
Metro,2.547,1,125.96,0.266,38.54,0.933,1,0.10941
Car,13.872,1,1.0,0.23,29.55,0.096,0,2.61088
Walking,3.684,1,119.44,0.336,29.37,0.859,0,0.0
Bicycle,6.722,1,120.33,0.608,34.33,0.661,1,0.0
Car,9.394,2,2.0,0.294,17.51,0.072,1,0.99797
Car,25.013,2,2.0,0.207,12.67,0.432,0,2.66176
Bicycle,2.48,1,118.76,0.835,14.41,0.666,0,0.00575
Car,25.717,1,1.0,0.988,17.03,0.552,1,6.09995
Bicycle,5.419,1,123.68,0.917,36.14,0.248,1,0.01505
Car,5.676,2,2.0,0.481,29.39,0.321,1,0.60041
Car,3.978,1,1.0,0.203,11.8,0.5,0,0.83891
Car,1.562,4,4.0,0.465,26.09,0.24,0,0.07215
Bicycle,12.308,1,114.8,0.911,14.88,0.073,1,0.01666
Car,37.557,4,4.0,0.889,13.58,0.328,0,2.04358
Metro,7.484,1,119.81,0.541,23.16,0.98,1,0.30411
Bus,9.632,1,11.26,0.745,20.53,0.661,1,1.6019
Bus,4.33,1,19.75,0.582,33.27,0.833,1,0.41114
Metro,3.94,1,128.89,0.632,17.68,0.892,1,0.14934
Walking,10.215,1,132.94,0.168,30.65,0.604,1,0.00977
Bus,3.623,1,21.98,0.502,23.63,0.048,0,0.30432
Metro,14.388,1,105.24,0.595,19.29,0.164,0,0.67418
Walking,2.395,1,134.95,0.325,13.86,0.853,0,0.0021
Motorcycle,9.131,1,122.24,0.273,30.19,0.808,1,1.0029
Bicycle,11.073,1,107.87,0.41,16.53,0.053,0,0.0
Bicycle,0.572,1,114.21,0.017,24.19,0.567,0,0.00334
Car,24.376,2,2.0,0.031,39.73,0.945,0,2.57261
Bus,10.539,1,28.16,0.175,31.8,0.245,1,0.64313
Walking,4.187,1,114.41,0.811,22.7,0.745,0,0.0
Metro,4.245,1,120.81,0.798,24.87,0.522,0,0.17117
Walking,9.962,1,119.96,0.925,17.56,0.318,1,0.00393
Motorcycle,15.265,1,108.2,0.828,17.83,0.763,0,1.92679
Metro,7.121,1,122.78,0.056,30.05,0.79,1,0.2949
Metro,9.632,1,108.5,0.966,24.82,0.963,1,0.44994
Bus,23.243,1,11.28,0.994,11.17,0.05,1,3.85302
Car,11.941,4,4.0,0.784,28.4,0.414,0,0.66146
Motorcycle,11.046,1,130.72,0.367,15.73,0.484,0,1.32411
Bicycle,0.824,1,112.53,0.532,10.65,0.667,0,0.0
Car,3.342,5,5.0,0.263,32.4,0.658,1,0.13681
Walking,11.31,1,115.79,0.361,34.7,0.61,0,0.0
Bus,8.905,1,21.29,0.085,38.95,0.978,1,0.69229
Metro,12.996,1,110.25,0.323,31.35,0.154,1,0.60909
Bicycle,4.455,1,119.12,0.562,23.58,0.939,0,0.0
Metro,13.902,1,122.65,0.875,19.33,0.292,0,0.54747
Walking,14.503,1,117.65,0.356,23.84,0.903,1,0.0
Metro,9.646,1,130.94,0.494,32.62,0.978,0,0.3549
Bus,9.515,1,13.5,0.465,19.06,0.7,0,1.29315
Motorcycle,8.638,1,116.85,0.537,12.31,0.068,1,1.00115
Bus,6.289,1,27.18,0.799,29.77,0.125,0,0.42671
Motorcycle,6.983,1,144.48,0.929,20.65,0.074,0,0.84887
Bicycle,18.243,1,122.52,0.025,25.12,0.629,1,0.0
Metro,5.146,1,128.17,0.729,10.76,0.187,1,0.1953
Bicycle,6.045,1,113.19,0.34,38.74,0.556,0,0.0
Car,8.704,3,3.0,0.404,28.65,0.107,1,0.61692
Bus,31.681,1,27.27,0.823,32.52,0.946,1,2.36096
Car,14.36,4,4.0,0.119,35.17,0.118,0,0.71913
Bus,26.853,1,5.4,0.34,25.29,0.262,0,8.54795
Bus,3.714,1,17.97,0.681,18.5,0.757,0,0.38736
Walking,27.178,1,113.8,0.589,18.39,0.261,1,0.0
Bus,7.38,1,14.51,0.071,15.47,0.528,0,0.87883
Motorcycle,26.395,1,120.47,0.005,12.03,0.409,1,2.87267
Bus,1.121,1,30.79,0.328,26.08,0.801,1,0.05447
Walking,2.055,1,113.55,0.872,34.17,0.457,0,0.0
Bicycle,14.616,1,128.11,0.726,20.12,0.084,0,0.0
Car,14.731,3,3.0,0.886,15.2,0.118,0,1.10154
Bus,7.912,1,15.21,0.153,32.23,0.121,1,0.88978
Bicycle,5.778,1,105.4,0.971,24.61,0.15,1,0.0
Walking,8.859,1,138.59,0.778,29.49,0.116,1,0.0
Car,21.051,3,3.0,0.791,26.23,0.224,0,1.5443
Metro,5.751,1,119.38,0.331,18.14,0.414,1,0.23557
Bicycle,4.052,1,117.83,0.797,34.05,0.563,1,0.0
Motorcycle,13.053,1,106.44,0.489,10.19,0.781,0,1.65644
Bus,12.404,1,17.57,0.08,22.17,0.182,1,1.21269
Metro,6.799,1,122.85,0.773,38.22,0.321,0,0.2699
Bus,16.68,1,18.71,0.873,12.67,0.42,0,1.74748
Car,8.624,5,5.0,0.408,32.7,0.089,0,0.36302
Bus,18.744,1,20.64,0.531,27.02,0.112,0,1.70245
Bus,14.935,1,23.18,0.974,26.17,0.026,0,1.28279
Bus,27.682,1,22.25,0.406,23.23,0.321,1,2.17784
Motorcycle,19.68,1,126.31,0.502,16.0,0.682,0,2.37067
Walking,1.587,1,111.18,0.416,30.44,0.677,1,0.0
Bus,4.284,1,24.2,0.135,25.34,0.488,0,0.29104
Bus,8.303,1,20.38,0.467,26.01,0.483,0,0.78339
Metro,22.99,1,110.77,0.207,24.01,0.032,0,1.0218
Walking,0.5,1,129.19,0.366,31.21,0.522,0,0.0
Walking,10.138,1,115.53,0.443,13.99,0.42,1,0.0
Walking,19.124,1,117.37,0.078,16.45,0.541,0,0.01643
Walking,11.946,1,92.47,0.939,29.55,0.016,1,0.0
Bicycle,7.576,1,112.61,0.983,23.12,0.029,0,0.00205
Walking,10.422,1,122.57,0.843,10.14,0.678,0,0.0
Motorcycle,4.823,1,117.03,0.473,29.13,0.551,0,0.54623
Bus,6.226,1,19.57,0.776,10.37,0.77,0,0.59955
Motorcycle,13.443,1,121.72,0.892,39.99,0.165,1,1.64568
Car,13.141,2,2.0,0.936,21.95,0.841,1,1.58787
Walking,7.836,1,127.79,0.956,18.54,0.48,1,0.01161
Bus,13.152,1,19.17,0.268,30.17,0.612,0,1.20978
Motorcycle,21.581,1,137.47,0.832,35.03,0.218,1,2.70912
Bus,10.406,1,19.07,0.336,18.76,0.214,1,0.92415
Car,8.093,1,1.0,0.28,23.32,0.084,0,1.61731
Motorcycle,5.036,1,130.38,0.185,35.1,0.924,1,0.56023
Motorcycle,6.22,1,117.63,0.686,34.0,0.254,0,0.74725
Metro,11.712,1,124.4,0.337,27.4,0.354,0,0.42567
Car,15.477,3,3.0,0.765,30.33,0.46,1,1.14084
Walking,8.488,1,122.52,0.745,16.69,0.768,0,0.0
Bicycle,11.335,1,121.52,0.92,34.52,0.728,1,0.00074
Metro,8.353,1,113.98,0.88,14.57,0.24,0,0.38349
Car,11.9,4,4.0,0.701,23.51,0.989,0,0.7259
Metro,6.135,1,109.84,0.392,18.93,0.256,0,0.25461
Bicycle,42.022,1,108.48,0.231,15.17,0.503,0,0.0
Walking,12.783,1,107.21,0.53,31.5,0.228,1,0.0
Bicycle,1.913,1,134.66,0.586,18.29,0.916,1,0.0
Walking,1.896,1,120.31,0.112,25.55,0.189,1,0.0
Motorcycle,11.03,1,116.48,0.931,14.47,0.823,1,1.45586
Car,24.0,5,5.0,0.536,34.86,0.076,1,1.04804
Metro,25.537,1,131.91,0.695,17.17,0.663,0,0.96924
Walking,7.923,1,115.77,0.398,25.57,0.428,1,0.0
Car,6.001,2,2.0,0.664,23.71,0.021,0,0.63475
Metro,5.061,1,105.37,0.882,23.59,0.987,0,0.23288
Car,2.06,5,5.0,0.486,29.56,0.624,1,0.07249
Bus,7.34,1,13.27,0.653,27.99,0.504,1,1.02988
Bus,18.272,1,30.48,0.114,33.11,0.419,0,1.00498
Bicycle,23.434,1,130.11,0.017,10.92,0.96,1,0.00393
Walking,6.857,1,117.29,0.172,16.38,0.514,0,0.00058
Car,37.317,5,5.0,0.769,37.06,0.483,0,1.7669
Bicycle,29.012,1,125.29,0.251,36.23,0.954,0,0.0
Bicycle,4.118,1,122.3,0.172,24.62,0.031,1,0.0
Bus,1.197,1,22.64,0.122,23.24,0.045,0,0.08017
Car,38.617,5,5.0,0.849,23.77,0.203,0,1.78609
Walking,31.009,1,118.13,0.252,13.15,0.503,0,0.0
Metro,14.272,1,111.73,0.944,19.77,0.637,1,0.62452
Bicycle,9.17,1,112.3,0.603,26.76,0.339,0,0.0
Car,6.475,2,2.0,0.656,20.92,0.79,1,0.76972
Car,4.684,5,5.0,0.03,31.92,0.422,0,0.18758
Bicycle,17.813,1,108.27,0.967,14.09,0.351,1,0.00337
Bus,17.847,1,16.82,0.224,28.23,0.28,1,1.74715
Motorcycle,12.238,1,112.51,0.527,37.28,0.371,0,1.46709
Motorcycle,4.89,1,123.82,0.594,19.06,0.238,0,0.54916
Metro,7.206,1,117.54,0.216,25.86,0.462,1,0.28736
Bicycle,10.692,1,118.66,0.718,30.22,0.648,0,0.0
Car,4.204,5,5.0,0.266,13.98,0.141,0,0.1734
Car,13.48,3,3.0,0.364,19.54,0.206,0,0.97032
Car,7.1,2,2.0,0.368,24.75,0.659,1,0.75132
Bicycle,10.128,1,106.93,0.072,14.8,0.592,0,0.0
Bus,9.011,1,13.91,0.332,23.49,0.756,0,1.14016
Motorcycle,1.056,1,115.09,0.396,28.57,0.403,0,0.12484
Walking,11.63,1,113.39,0.242,19.61,0.459,1,0.0
Bus,26.579,1,26.46,0.493,12.13,0.052,1,1.74526
Bus,14.455,1,14.5,0.623,18.26,0.879,1,1.96824
Bus,21.317,1,13.67,0.298,33.12,0.688,0,2.57699
Metro,4.881,1,123.46,0.129,17.55,0.361,0,0.1895
Walking,4.915,1,117.0,0.84,28.44,0.567,0,0.0016
Car,5.985,3,3.0,0.953,10.66,0.335,0,0.45619
Walking,18.14,1,123.09,0.551,38.03,0.789,1,0.0
Metro,25.47,1,119.47,0.742,25.72,0.843,0,1.02667
Bus,8.408,1,10.35,0.182,16.85,0.141,1,1.30926
Metro,41.311,1,124.01,0.334,24.28,0.825,0,1.59151
Metro,13.19,1,124.34,0.574,25.33,0.451,0,0.49894
Motorcycle,7.312,1,116.03,0.501,32.53,0.96,0,0.87566
Car,24.345,3,3.0,0.137,34.46,0.514,0,1.57331
Car,13.288,5,5.0,0.202,20.65,0.693,1,0.57834
Motorcycle,24.357,1,113.15,0.9,21.57,0.482,0,3.18314
Motorcycle,7.499,1,113.27,0.64,19.34,0.901,0,0.86441
Bicycle,8.645,1,121.95,0.139,20.96,0.599,1,0.0
Motorcycle,10.541,1,114.55,0.27,10.28,0.067,0,1.17767
Car,8.519,5,5.0,0.783,36.72,0.027,1,0.40788
Bicycle,9.923,1,132.94,0.404,21.0,0.164,1,0.0
Bicycle,12.199,1,110.18,0.973,20.82,0.964,1,0.0
Motorcycle,10.842,1,112.83,0.274,10.22,0.82,0,1.30806
Car,13.87,2,2.0,0.372,16.83,0.967,1,1.4843
Bicycle,7.624,1,123.34,0.674,13.88,0.441,0,0.01774
Metro,13.213,1,113.65,0.959,21.02,0.915,0,0.5491
Car,6.523,4,4.0,0.805,22.65,0.633,0,0.38555
Bicycle,6.322,1,119.81,0.451,27.13,0.78,0,0.00294
Metro,10.255,1,118.3,0.903,11.28,0.498,1,0.42385
Car,11.301,4,4.0,0.852,11.8,0.198,0,0.66106
Bicycle,12.851,1,132.82,0.664,25.53,0.769,0,0.0
Bus,23.212,1,28.92,0.865,10.66,0.545,1,1.52553
Bus,16.084,1,28.1,0.594,30.34,0.833,0,1.07892
Walking,14.436,1,114.94,0.895,22.47,0.142,0,0.00211
Bicycle,35.194,1,125.95,0.129,18.44,0.283,0,0.0
Car,2.995,2,2.0,0.596,17.4,0.995,0,0.36187
Walking,8.422,1,123.45,0.292,19.12,0.192,1,0.0
Walking,8.574,1,129.07,0.914,38.08,0.566,0,0.0
Metro,2.827,1,113.05,0.166,28.8,0.235,1,0.11518
Motorcycle,13.258,1,118.85,0.038,24.45,0.301,0,1.51028
Metro,7.29,1,116.06,0.792,29.03,0.88,0,0.30786
Motorcycle,9.85,1,120.79,0.516,17.09,0.45,0,1.17547
Bus,8.499,1,28.69,0.488,35.45,0.962,1,0.53971
Bus,25.934,1,34.83,0.318,34.26,0.576,0,1.32081
Bicycle,3.767,1,107.62,0.721,21.48,0.406,1,0.0
Walking,2.72,1,126.21,0.246,17.31,0.191,1,0.01166
Car,3.126,2,2.0,0.628,33.85,0.433,0,0.33598
Car,21.603,2,2.0,0.012,16.71,0.651,1,2.15889
Bus,8.403,1,24.29,0.966,10.81,0.948,0,0.73794
Walking,20.353,1,129.91,0.153,31.51,0.903,1,0.0
Motorcycle,10.721,1,106.84,0.277,25.48,0.264,0,1.19179
Walking,9.232,1,125.77,0.641,37.15,0.206,0,0.0107
Bicycle,7.364,1,136.77,0.868,11.95,0.994,1,0.0
Bicycle,16.303,1,106.32,0.015,26.78,0.271,1,0.00118
Car,10.614,4,4.0,0.347,31.5,0.537,1,0.56271
Metro,9.622,1,130.33,0.602,18.89,0.0,1,0.36402
Car,3.284,2,2.0,0.271,39.96,0.608,0,0.35142
Metro,9.361,1,118.58,0.243,34.95,0.469,0,0.38886
Car,32.246,3,3.0,0.379,37.8,0.837,1,2.20195
Motorcycle,15.017,1,129.82,0.407,33.33,0.95,0,1.75437
Car,14.876,1,1.0,0.291,24.31,0.827,1,3.0761
Walking,5.114,1,108.87,0.253,28.82,0.929,0,0.0009
Bicycle,18.328,1,133.45,0.533,28.84,0.303,0,0.0097
Motorcycle,11.424,1,106.28,0.429,18.75,0.671,0,1.29411
Bicycle,1.402,1,123.74,0.009,19.7,0.665,0,0.0
Walking,2.747,1,126.25,0.06,20.01,0.457,0,0.0
Bus,11.027,1,32.35,0.569,16.54,0.206,0,0.62087
Bicycle,13.058,1,118.18,0.596,35.91,0.598,1,0.0
Bus,8.259,1,19.15,0.379,24.13,0.742,0,0.7694
Car,29.88,5,5.0,0.415,16.3,0.55,1,1.26819
Car,7.702,3,3.0,0.99,10.84,0.868,0,0.61789
Bus,12.304,1,12.08,0.973,12.43,0.566,1,2.06976
Bicycle,37.682,1,114.61,0.761,11.98,0.839,1,4e-05
Car,23.837,5,5.0,0.009,37.64,0.543,1,1.0069
Car,15.052,1,1.0,0.517,30.28,0.3,0,3.17209
Bus,5.45,1,10.32,0.729,32.1,0.557,1,1.00919
Walking,7.405,1,116.44,0.607,34.09,0.205,1,0.00652
Motorcycle,12.345,1,113.23,0.658,15.55,0.501,1,1.47715
Walking,31.513,1,118.41,0.477,17.96,0.773,1,0.00038
Bus,16.513,1,28.36,0.438,23.14,0.849,1,1.05787
Bus,9.2,1,7.96,0.499,26.55,0.047,1,2.05135
Motorcycle,2.106,1,115.07,0.792,28.78,0.532,1,0.24147
Bicycle,4.787,1,112.37,0.283,22.72,0.081,1,0.0
Bicycle,9.455,1,126.44,0.542,39.48,0.467,1,0.0
Bus,10.507,1,15.71,0.738,22.52,0.182,1,1.19838
Metro,19.39,1,99.35,0.635,24.74,0.849,0,0.97935
Bicycle,4.694,1,132.64,0.469,32.75,0.48,0,0.0
Walking,27.593,1,118.34,0.275,39.95,0.041,1,0.00928
Walking,46.625,1,133.54,0.088,10.98,0.157,0,0.00845
Metro,1.582,1,108.89,0.853,16.47,0.227,0,0.05171
Walking,8.558,1,123.37,0.79,17.67,0.199,1,0.0
Bus,14.689,1,9.58,0.687,36.05,0.852,1,2.9916
Walking,23.216,1,111.81,0.928,13.37,0.184,1,0.01144
Car,5.184,4,4.0,0.309,37.72,0.062,0,0.28176
Metro,6.678,1,131.86,0.573,31.81,0.8,0,0.23992
Metro,20.722,1,114.92,0.258,38.51,0.567,1,0.9675
Bicycle,14.984,1,112.19,0.648,25.5,0.771,0,0.0
Walking,18.7,1,113.1,0.897,27.49,0.039,0,0.012
Bus,15.655,1,12.42,0.247,16.11,0.694,1,2.2069
Bicycle,18.723,1,122.65,0.738,32.04,0.74,0,0.02425
Motorcycle,2.916,1,133.18,0.279,37.26,0.077,0,0.32215
Motorcycle,3.319,1,127.58,0.769,36.51,0.506,1,0.40661
Bus,19.328,1,33.4,0.936,39.43,0.663,0,1.16768
Metro,3.786,1,119.11,0.76,18.97,0.509,0,0.13049
Metro,32.133,1,126.17,0.977,12.36,0.869,0,1.3347
Bus,11.562,1,12.78,0.923,32.56,0.291,1,1.70068
Bus,10.167,1,2.0,0.583,18.65,0.263,1,8.97614
Bicycle,5.409,1,120.02,0.818,12.48,0.556,0,0.0
Walking,7.637,1,135.23,0.509,15.27,0.178,0,0.00392
Motorcycle,2.694,1,129.29,0.519,28.31,0.858,1,0.32565
Motorcycle,0.5,1,96.64,0.929,26.49,0.58,0,0.08646
Motorcycle,7.027,1,136.82,0.035,35.24,0.958,0,0.74961
Walking,9.216,1,116.05,0.077,14.29,0.536,1,0.0
Bicycle,9.473,1,115.89,0.438,26.72,0.972,0,0.01164
Motorcycle,21.117,1,119.28,0.352,31.11,0.187,1,2.4376
Metro,4.48,1,107.43,0.028,38.56,0.58,0,0.2118
Bicycle,6.56,1,116.37,0.157,12.62,0.92,0,0.02114
Bus,22.301,1,27.12,0.929,35.43,0.592,1,1.56571
Bus,15.195,1,17.55,0.405,25.96,0.57,1,1.4806
Car,14.508,3,3.0,0.567,27.19,0.532,1,1.07365
Walking,16.163,1,116.36,0.209,14.46,0.317,0,0.0
Car,5.122,5,5.0,0.271,28.3,0.954,1,0.22273
Bicycle,28.023,1,128.3,0.678,39.51,0.558,0,0.0
Motorcycle,5.158,1,117.23,0.961,33.64,0.634,1,0.67
Bicycle,26.5,1,115.08,0.969,27.17,0.009,0,0.0
Car,6.295,1,1.0,0.561,16.99,0.929,1,1.42188
Motorcycle,8.455,1,127.68,0.561,11.24,0.42,0,0.9584
Bicycle,61.289,1,121.23,0.035,17.68,0.311,0,0.00556
Walking,13.396,1,127.97,0.085,14.46,0.297,1,0.00827
Bicycle,0.5,1,127.45,0.266,26.59,0.001,0,0.0016
Bicycle,3.663,1,111.71,0.68,27.01,0.939,0,0.0
Motorcycle,5.645,1,129.5,0.802,12.76,0.465,0,0.70758
Bus,12.508,1,10.83,0.064,36.8,0.707,1,1.95987
Bus,11.604,1,25.26,0.507,26.06,0.684,1,0.87474
Motorcycle,27.598,1,121.02,0.757,15.09,0.471,1,3.55986
Car,22.724,2,2.0,0.072,12.28,0.175,1,2.18796
Bus,7.622,1,4.88,0.828,21.76,0.509,1,2.93981
Walking,17.367,1,121.31,0.558,11.21,0.49,1,0.00759
Walking,3.917,1,121.07,0.188,30.6,0.99,0,0.0
Metro,3.332,1,122.19,0.746,19.18,0.481,1,0.1257
Motorcycle,3.225,1,126.73,0.966,38.33,0.109,0,0.38784
Motorcycle,37.582,1,119.86,0.649,20.58,0.47,1,4.465
Bicycle,9.547,1,124.14,0.943,38.61,0.75,1,0.00065
Metro,6.493,1,110.17,0.908,10.41,0.603,0,0.2944
Walking,5.826,1,123.5,0.704,22.47,0.444,0,0.0
Car,1.167,5,5.0,0.164,13.42,0.97,1,0.05954
Walking,5.909,1,125.71,0.747,25.87,0.835,1,0.0
Metro,13.885,1,110.22,0.491,21.56,0.909,1,0.60489
Metro,19.402,1,132.28,0.779,16.5,0.094,1,0.7598
Car,2.835,2,2.0,0.641,31.76,0.504,0,0.30666
Bus,25.509,1,19.04,0.574,23.13,0.543,1,2.42424
Bus,4.8,1,4.1,0.998,39.38,0.461,1,2.27191
Bus,7.804,1,20.65,0.735,33.04,0.344,0,0.69471
Bicycle,2.708,1,125.43,0.113,29.33,0.113,1,0.00511
Bicycle,9.788,1,129.8,0.123,17.3,0.424,0,0.00602
Bus,6.088,1,30.51,0.199,18.5,0.449,0,0.34107
Walking,3.103,1,122.56,0.643,15.29,0.8,0,0.0
Bus,11.175,1,18.73,0.544,29.84,0.102,1,1.0463
Car,7.371,5,5.0,0.187,22.07,0.116,1,0.30713
Motorcycle,7.445,1,118.0,0.619,10.57,0.344,1,0.85344
Walking,3.13,1,114.19,0.739,27.79,0.769,0,0.00281
Walking,9.46,1,127.7,0.115,23.14,0.543,0,0.0
Bus,19.443,1,24.43,0.366,27.08,0.825,0,1.42386
Car,14.649,3,3.0,0.886,12.4,0.973,0,1.14783
Bicycle,2.791,1,123.73,0.942,15.6,0.963,0,0.0
Car,8.166,3,3.0,0.043,33.73,0.92,0,0.57254
Bus,9.398,1,9.45,0.857,26.68,0.916,1,1.99665
Car,4.151,2,2.0,0.001,22.81,0.637,1,0.41615
Bus,9.07,1,4.86,0.75,17.3,0.802,0,3.38904
Metro,24.261,1,127.37,0.921,13.81,0.456,0,0.93258
Metro,6.18,1,127.31,0.305,33.8,0.182,0,0.23537
Walking,7.092,1,115.22,0.763,16.23,0.312,0,0.00957
Bus,12.751,1,19.68,0.966,26.07,0.711,0,1.36786
Motorcycle,5.016,1,100.1,0.208,23.51,0.331,1,0.57156
Walking,4.424,1,101.02,0.672,10.1,0.542,1,0.00496
Motorcycle,42.27,1,124.98,0.144,16.54,0.712,0,4.68839
Car,4.873,1,1.0,0.811,20.88,0.691,0,1.16886
Bicycle,7.873,1,125.13,0.742,23.36,0.694,1,0.0
Bicycle,10.638,1,112.22,0.244,14.49,0.48,0,0.0
Bicycle,11.32,1,115.36,0.166,10.6,0.606,1,0.0
Motorcycle,30.398,1,139.68,0.022,31.13,0.813,1,3.34815
Car,4.611,2,2.0,0.252,18.4,0.457,1,0.45067
Walking,3.818,1,119.63,0.935,23.01,0.901,0,0.0
Walking,4.402,1,113.91,0.719,23.26,0.211,1,0.0
Bus,10.72,1,7.36,0.727,39.68,0.779,1,2.87061
Walking,16.735,1,128.77,0.353,14.34,0.069,0,0.0
Bus,10.798,1,20.37,0.184,38.54,0.149,1,0.95147
Metro,3.979,1,109.4,0.403,17.83,0.313,1,0.16056
Walking,23.156,1,127.54,0.973,14.04,0.558,1,0.0
Metro,21.379,1,122.63,0.731,29.62,0.984,1,0.82762
Metro,19.313,1,117.11,0.982,27.98,0.283,0,0.86162
Bus,33.725,1,12.48,0.549,36.09,0.889,0,5.00374
Motorcycle,11.133,1,129.76,0.728,14.56,0.217,1,1.32156
Bus,10.086,1,24.2,0.634,21.77,0.563,1,0.79786
Walking,2.739,1,115.13,0.957,30.69,0.672,0,0.0
Bicycle,12.548,1,138.49,0.897,25.97,0.268,0,0.01097
Bus,4.456,1,8.57,0.371,30.3,0.944,1,0.89428
Bus,5.211,1,19.13,0.96,19.66,0.444,0,0.53305
Car,10.226,4,4.0,0.68,13.71,0.599,1,0.59911
Bicycle,14.711,1,113.45,0.154,16.91,0.641,1,0.00471
Bus,18.764,1,9.02,0.737,10.9,0.207,1,3.79251
Bicycle,16.087,1,111.2,0.376,11.75,0.504,1,0.00089
Bicycle,3.189,1,112.56,0.323,26.96,0.971,1,0.0
Car,2.703,1,1.0,0.252,28.91,0.353,0,0.56106
Bus,8.181,1,20.02,0.423,34.8,0.214,1,0.69516
Metro,8.473,1,121.5,0.957,18.85,0.655,0,0.34101
Car,17.199,5,5.0,0.167,18.4,0.382,1,0.70258
Walking,14.242,1,116.76,0.543,25.7,0.508,0,0.0
Bicycle,6.024,1,132.59,0.097,21.83,0.49,1,0.0
Metro,11.234,1,112.29,0.496,19.78,0.072,0,0.47882
Walking,19.401,1,109.32,0.04,21.72,0.244,1,0.0
Motorcycle,18.123,1,113.74,0.067,16.54,0.626,0,1.95106
Walking,7.438,1,130.05,0.805,38.97,0.294,0,0.0078
Bicycle,9.765,1,120.21,0.903,16.97,0.864,0,0.00317
Metro,6.471,1,117.31,0.284,12.88,0.384,1,0.25787
Metro,3.193,1,116.71,0.064,11.35,0.81,0,0.1244
Walking,14.826,1,134.75,0.526,24.8,0.67,0,0.0
Motorcycle,5.843,1,109.39,0.903,30.26,0.74,0,0.78254
Bus,7.483,1,18.48,0.608,26.84,0.451,0,0.76444
Bicycle,8.474,1,114.77,0.181,15.88,0.477,0,0.0041
Bicycle,18.844,1,128.18,0.546,37.17,0.323,0,0.0
Motorcycle,6.644,1,114.58,0.176,30.21,0.807,1,0.76127
Motorcycle,4.843,1,113.01,0.425,34.7,0.555,0,0.56098
Walking,28.722,1,125.86,0.867,26.86,0.03,1,0.0
Car,9.698,2,2.0,0.957,32.17,0.248,0,1.08718
Car,21.374,1,1.0,0.731,19.41,0.765,0,4.96796
Metro,6.13,1,110.4,0.024,34.46,0.456,0,0.26051
Metro,4.309,1,120.49,0.127,37.84,0.876,1,0.18548
Car,1.09,3,3.0,0.016,29.79,0.775,1,0.07779
Bicycle,16.425,1,133.82,0.482,27.1,0.315,0,0.00129
Metro,15.664,1,124.69,0.244,25.93,0.018,0,0.63206
Motorcycle,20.673,1,119.72,0.164,13.64,0.118,0,2.24577
Walking,50.378,1,138.31,0.241,38.47,0.923,0,0.00733
Motorcycle,5.745,1,133.38,0.082,27.92,0.6,0,0.61007
Motorcycle,8.325,1,120.06,0.473,25.19,0.788,0,1.03184
Metro,10.524,1,111.54,0.516,15.63,0.565,0,0.45351
Car,6.872,4,4.0,0.622,24.8,0.433,0,0.38982
Metro,4.613,1,118.46,0.554,13.38,0.674,0,0.18457
Bicycle,2.397,1,130.1,0.371,20.96,0.439,0,0.0
Car,6.994,5,5.0,0.445,27.16,0.552,0,0.29397
Walking,8.113,1,124.65,0.191,38.28,0.353,0,0.0
Bus,13.632,1,20.09,0.169,18.64,0.008,0,1.13424
Metro,0.5,1,126.4,0.928,10.76,0.707,0,0.0207
Metro,3.074,1,123.98,0.704,23.6,0.18,1,0.12665
Motorcycle,2.412,1,107.19,0.053,21.12,0.112,0,0.24438
Car,26.766,5,5.0,0.094,11.94,0.017,0,1.0872
Bicycle,11.631,1,121.26,0.645,21.39,0.619,1,0.0
Bicycle,24.768,1,126.16,0.348,26.9,0.617,1,0.0
Bus,5.413,1,30.36,0.364,28.48,0.431,1,0.30252
Motorcycle,1.795,1,116.15,0.76,11.06,0.834,1,0.20582
Bus,8.802,1,20.53,0.723,39.76,0.321,1,0.8233
Motorcycle,3.067,1,103.2,0.066,36.23,0.052,1,0.3198
Car,19.642,2,2.0,0.288,20.54,0.745,1,2.01633
Car,5.891,4,4.0,0.695,33.71,0.299,0,0.34391
Bicycle,16.121,1,116.24,0.594,35.83,0.657,0,0.00118
Metro,9.305,1,113.48,0.409,32.65,0.172,1,0.42673
Motorcycle,3.453,1,123.6,0.612,27.34,0.914,1,0.41016
Walking,6.532,1,124.64,0.992,27.88,0.36,1,0.00265
Car,36.344,4,4.0,0.505,31.37,0.984,0,2.04208
Bicycle,31.488,1,120.53,0.986,29.77,0.047,0,0.00359
Motorcycle,6.948,1,118.1,0.169,35.14,0.916,1,0.77664
Walking,23.843,1,117.82,0.515,17.23,0.348,0,0.0
Bus,5.397,1,5.67,0.692,23.87,0.107,0,1.73299
Metro,10.527,1,136.79,0.936,10.74,0.189,0,0.36607
Bicycle,12.304,1,110.79,0.943,22.78,0.581,1,0.00019
Bus,13.102,1,17.47,0.164,27.46,0.741,1,1.2913
Motorcycle,13.135,1,120.79,0.088,28.16,0.468,0,1.49854
Walking,15.73,1,122.05,0.746,27.93,0.452,1,0.0
Car,10.252,5,5.0,0.925,11.71,0.432,1,0.46881
Bus,8.177,1,8.57,0.154,29.24,0.801,0,1.63871
Walking,2.394,1,110.81,0.45,31.95,0.117,0,0.00466
Car,12.255,5,5.0,0.643,29.08,0.246,1,0.53095
Walking,14.096,1,119.01,0.605,25.09,0.758,1,0.00585
Bus,26.402,1,14.47,0.091,15.02,0.15,0,2.99558
Bicycle,9.557,1,121.35,0.252,33.45,0.852,0,0.01756
Bus,3.748,1,26.87,0.838,31.47,0.409,1,0.26361
Metro,10.359,1,130.55,0.832,12.48,0.527,0,0.39264
Motorcycle,12.915,1,126.35,0.923,11.37,0.92,1,1.66633
Bicycle,12.198,1,115.18,0.016,25.07,0.503,1,0.01158
Bicycle,12.582,1,116.04,0.506,13.01,0.799,0,0.00474
Bus,6.949,1,20.76,0.721,28.5,0.963,1,0.63282
Car,11.013,4,4.0,0.093,10.62,0.722,1,0.57335
Bus,4.609,1,7.61,0.566,17.89,0.834,0,1.10975
Walking,4.559,1,132.11,0.829,29.06,0.499,1,0.0
Metro,2.758,1,111.47,0.773,12.31,0.858,1,0.10703
Car,29.584,4,4.0,0.481,12.37,0.967,0,1.61127
Walking,16.261,1,102.04,0.014,24.07,0.338,1,0.0
Bus,10.518,1,16.51,0.502,38.19,0.296,1,1.12742
Motorcycle,16.33,1,124.11,0.379,21.95,0.743,1,2.00419
Motorcycle,6.057,1,123.18,0.143,17.72,0.142,0,0.59958
Walking,16.693,1,115.92,0.266,25.2,0.234,0,0.00238
Bus,15.163,1,12.0,0.74,26.4,0.345,0,2.42421
Walking,8.475,1,134.07,0.47,36.36,0.303,1,0.0
Motorcycle,10.997,1,128.42,0.3,19.75,0.601,1,1.19338
Bicycle,9.566,1,122.71,0.676,31.55,0.83,0,0.00386
Motorcycle,6.838,1,132.4,0.253,12.27,0.443,0,0.77522
Metro,12.283,1,127.05,0.485,12.32,0.975,0,0.45642
Walking,9.476,1,119.65,0.249,21.11,0.273,0,0.0
Bus,11.912,1,23.97,0.35,31.83,0.356,0,0.90364
Bicycle,7.766,1,127.34,0.864,10.85,0.971,0,0.0
Walking,19.388,1,125.79,0.775,37.13,0.5,1,0.0
Motorcycle,21.489,1,117.13,0.11,30.75,0.265,0,2.31476
Walking,10.414,1,125.35,0.905,38.1,0.484,0,0.00285
Bus,12.711,1,15.95,0.838,11.46,0.546,1,1.56398
Walking,4.647,1,120.41,0.226,34.07,0.627,1,0.00421
Bicycle,6.741,1,123.5,0.487,38.76,0.649,1,0.0099
Metro,2.884,1,119.94,0.546,39.0,0.193,1,0.1156
Bus,7.683,1,36.3,0.387,31.82,0.914,0,0.39144
Metro,9.383,1,121.9,0.394,32.74,0.6,1,0.40183
Motorcycle,15.318,1,127.29,0.684,18.52,0.882,1,1.8505
Car,10.913,2,2.0,0.023,18.06,0.337,0,1.15393
Motorcycle,9.498,1,126.68,0.876,11.62,0.434,1,1.24162
Motorcycle,11.294,1,120.21,0.901,31.19,0.293,0,1.34492
Car,12.022,1,1.0,0.384,22.01,0.915,0,2.55612
Bus,3.723,1,24.74,0.784,27.17,0.21,0,0.28104
Motorcycle,2.389,1,115.79,0.685,37.1,0.907,1,0.29625
Walking,2.396,1,111.7,0.936,18.56,0.154,0,0.0
Car,6.359,1,1.0,0.839,27.64,0.289,0,1.42001
Bicycle,11.819,1,121.64,0.89,32.72,0.344,0,0.0
Motorcycle,4.475,1,117.22,0.781,33.28,0.709,0,0.57339
Bus,21.643,1,21.93,0.123,24.19,0.254,0,1.57084
Bicycle,18.916,1,113.28,0.252,18.37,0.197,0,0.0
Metro,13.369,1,124.58,0.751,21.56,0.517,0,0.52215
Motorcycle,8.606,1,125.79,0.155,17.47,0.564,0,0.94748
Motorcycle,3.229,1,118.45,0.424,23.5,0.965,1,0.39512
Bus,20.214,1,17.56,0.603,34.24,0.084,1,2.07383
Metro,29.126,1,112.02,0.375,35.63,0.931,1,1.20996
Metro,5.678,1,125.98,0.902,37.86,0.442,0,0.22929
Bus,35.67,1,20.6,0.28,27.49,0.712,0,3.13784
Car,44.594,1,1.0,0.042,33.76,0.426,1,9.05932
Metro,1.045,1,121.8,0.119,27.36,0.976,0,0.02898
Motorcycle,48.057,1,113.02,0.111,10.68,0.283,0,4.78601
Bicycle,7.737,1,111.97,0.312,29.78,0.756,0,0.00211
Car,3.797,5,5.0,0.093,23.37,0.177,1,0.14822
Car,2.097,5,5.0,0.505,20.13,0.929,0,0.08225
Bus,2.216,1,21.54,0.019,34.49,0.892,1,0.16779
Metro,20.417,1,118.94,0.863,32.92,0.015,0,0.85154
Bicycle,15.224,1,128.94,0.655,39.73,0.177,0,0.0
Bicycle,17.314,1,126.49,0.02,20.81,0.44,0,0.01216
Bus,28.328,1,32.29,0.52,23.25,0.131,0,1.57377
Walking,6.385,1,116.04,0.404,28.45,0.223,1,0.0
Walking,3.044,1,119.72,0.68,12.98,0.428,0,0.0
Motorcycle,16.976,1,124.21,0.441,15.22,0.945,1,2.07839
Motorcycle,11.541,1,127.34,0.817,21.35,0.459,1,1.42482
Bicycle,2.71,1,117.04,0.503,39.35,0.108,1,9e-05
Walking,18.235,1,119.33,0.11,11.57,0.465,0,0.0
Car,19.438,4,4.0,0.295,37.73,0.055,1,1.0091
Bus,19.556,1,26.87,0.53,30.56,0.268,1,1.35064
Motorcycle,7.768,1,110.95,0.747,19.44,0.741,1,0.94055
Metro,8.135,1,100.27,0.984,19.31,0.474,1,0.39887
Bicycle,5.766,1,121.95,0.492,10.53,0.645,1,0.0
Car,33.324,5,5.0,0.06,19.83,0.651,0,1.40843
Walking,8.229,1,115.0,0.79,21.29,0.858,1,0.02444
Car,9.25,2,2.0,0.198,24.78,0.604,0,0.94872
Car,3.363,5,5.0,0.85,37.43,0.245,0,0.16163
Walking,17.654,1,122.96,0.692,30.99,0.721,0,0.00257
Bicycle,16.315,1,121.93,0.814,35.06,0.091,1,0.01275
Bus,10.173,1,25.46,0.81,36.06,0.106,1,0.79152
Walking,3.267,1,124.52,0.728,31.16,0.941,0,0.02312
Walking,4.98,1,125.63,0.53,24.37,0.807,1,0.00939
Walking,7.312,1,124.95,0.501,30.88,0.625,0,0.00803
Metro,7.014,1,123.3,0.382,23.5,0.427,0,0.275
Bicycle,4.441,1,114.86,0.065,38.49,0.379,1,0.0
Walking,9.414,1,124.96,0.206,26.85,0.536,1,0.0
Walking,2.228,1,126.18,0.363,28.34,0.776,0,0.03226
Bicycle,12.28,1,129.17,0.631,10.17,0.496,0,0.0
Walking,14.865,1,112.31,0.075,35.09,0.308,0,0.00357
Motorcycle,9.596,1,127.66,0.796,36.18,0.257,0,1.1388
Walking,1.978,1,120.34,0.672,10.22,0.612,0,0.01536
Walking,6.121,1,108.94,0.617,14.37,0.625,1,0.0142
Motorcycle,11.688,1,119.61,0.776,11.93,0.269,1,1.4718
Bus,2.003,1,13.98,0.968,13.47,0.006,0,0.27817
Metro,7.392,1,120.08,0.337,30.68,0.592,0,0.31792
Motorcycle,9.768,1,116.6,0.677,11.35,0.971,0,1.19583
Metro,20.785,1,115.65,0.107,33.44,0.947,1,0.84464
Bus,18.567,1,22.1,0.901,36.38,0.003,0,1.62701
Walking,5.072,1,122.95,0.345,30.38,0.332,0,0.0
Metro,9.643,1,121.83,0.222,22.28,0.894,0,0.39134
Walking,7.096,1,127.02,0.949,28.92,0.413,1,0.0
Walking,13.812,1,122.76,0.67,11.66,0.082,1,0.00759
Walking,11.2,1,123.71,0.707,19.47,0.906,0,0.0
Car,14.202,3,3.0,0.014,26.69,0.508,1,0.92614
Motorcycle,5.965,1,106.35,0.965,29.5,0.552,0,0.79187
Motorcycle,10.298,1,131.21,0.116,30.95,0.746,0,1.14113
Metro,7.957,1,115.1,0.586,35.54,0.587,0,0.34687
Bicycle,18.117,1,122.41,0.465,10.17,0.244,0,0.01752
Bus,16.722,1,21.58,0.346,31.05,0.986,0,1.35204
Metro,11.39,1,119.99,0.151,37.58,0.449,0,0.47744
Metro,11.251,1,134.73,0.222,17.55,0.336,0,0.4131
Bicycle,25.347,1,110.43,0.592,30.67,0.46,1,0.0
Bicycle,22.143,1,121.94,0.205,21.19,0.494,0,0.00562
Car,11.317,2,2.0,0.371,38.33,0.185,0,1.1668
Car,19.567,4,4.0,0.404,15.76,0.699,0,1.05254
Car,23.246,4,4.0,0.807,25.95,0.386,1,1.3022
Bus,12.784,1,26.09,0.203,28.4,0.257,0,0.87083
Metro,10.075,1,110.33,0.764,19.91,0.773,1,0.45735
Walking,9.47,1,111.97,0.13,10.46,0.266,1,0.0
Metro,4.204,1,134.22,0.229,28.92,0.272,1,0.16147
Walking,11.125,1,116.15,0.545,34.12,0.87,1,0.0
Metro,7.615,1,120.7,0.023,31.85,0.208,0,0.30192
Bicycle,5.309,1,120.43,0.823,30.85,0.835,0,0.0
Bicycle,8.235,1,126.89,0.179,16.77,0.096,1,0.0
Bus,0.5,1,14.6,0.099,23.72,0.216,0,0.0496
Car,2.651,4,4.0,0.227,17.76,0.221,0,0.13999
Metro,9.311,1,125.16,0.333,24.2,0.6,1,0.37264
Metro,11.85,1,121.78,0.58,22.38,0.792,0,0.46576
Bicycle,8.149,1,113.9,0.09,35.16,0.668,1,0.0
Walking,8.418,1,117.42,0.078,10.53,0.876,1,0.00229
Bus,4.887,1,13.3,0.351,28.71,0.638,0,0.66604
Walking,33.687,1,121.63,0.981,38.72,0.232,1,0.0
Car,26.588,2,2.0,0.942,36.89,0.816,0,3.16755
Car,12.189,2,2.0,0.13,23.75,0.934,0,1.2999
Bicycle,9.194,1,131.57,0.91,23.12,0.251,1,0.00024
Bicycle,6.284,1,131.83,0.48,12.36,0.58,0,0.0
Car,37.222,2,2.0,0.246,28.46,0.662,0,3.89943
Bus,12.15,1,22.91,0.482,27.3,0.466,1,1.01239
Metro,9.428,1,115.44,0.951,39.41,0.458,1,0.40479
Walking,11.738,1,127.67,0.577,36.71,0.527,1,0.00765
Metro,5.762,1,118.55,0.874,28.73,0.545,0,0.23944
Walking,22.725,1,122.43,0.79,24.71,0.821,0,0.01462
Walking,5.128,1,104.71,0.908,24.44,0.224,1,0.0
Car,8.691,4,4.0,0.454,10.04,0.474,1,0.46986
Motorcycle,18.711,1,109.99,0.64,18.0,0.541,1,2.13569
Car,11.527,2,2.0,0.686,15.47,0.02,1,1.23802
Bicycle,18.997,1,118.47,0.365,23.4,0.522,1,0.0
Bicycle,16.668,1,112.83,0.063,12.49,0.022,1,0.0
Walking,7.141,1,110.91,0.996,20.85,0.381,1,0.0
Walking,10.034,1,124.47,0.136,32.06,0.318,1,0.00101
Bicycle,11.405,1,114.18,0.486,38.79,0.758,1,0.00941
Car,1.256,1,1.0,0.495,26.3,0.248,1,0.25352
Bus,11.567,1,3.12,0.074,24.9,0.23,0,5.74535
Bicycle,3.308,1,120.44,0.312,10.86,0.593,1,0.0
Car,18.116,3,3.0,0.261,23.16,0.054,0,1.19462
Motorcycle,3.539,1,118.52,0.979,33.43,0.265,1,0.44354
Motorcycle,8.382,1,99.84,0.838,31.24,0.727,1,1.0644
Motorcycle,3.419,1,115.41,0.674,29.5,0.55,1,0.43718
Metro,5.477,1,113.32,0.437,19.29,0.548,1,0.24741
Bicycle,8.377,1,117.05,0.533,20.83,0.188,0,0.0
Car,13.096,5,5.0,0.642,39.43,0.924,1,0.56246
Metro,5.553,1,118.2,0.414,39.84,0.997,0,0.23126
Bicycle,4.512,1,127.06,0.375,23.14,0.16,1,0.0
Bus,11.828,1,18.71,0.373,17.17,0.106,1,1.11022
Walking,10.375,1,128.15,0.75,32.01,0.418,1,0.0
Car,8.164,3,3.0,0.931,13.86,0.055,1,0.61445
Metro,6.164,1,124.24,0.362,33.43,0.287,0,0.26678
Walking,14.449,1,133.5,0.663,39.51,0.043,1,0.0
Car,26.193,3,3.0,0.226,20.96,0.004,0,1.76639
Motorcycle,15.34,1,127.05,0.678,38.07,0.742,1,1.82089
Car,34.233,5,5.0,0.904,38.22,0.57,1,1.67669
Motorcycle,12.334,1,116.64,0.848,23.01,0.623,0,1.54853
Walking,18.758,1,123.1,0.907,25.89,0.158,1,0.0058
Bicycle,29.223,1,118.27,0.373,14.71,0.905,0,0.00394
Car,15.432,4,4.0,0.024,17.89,0.837,1,0.76537
Walking,13.831,1,120.73,0.376,39.16,0.153,0,0.0
Motorcycle,6.6,1,119.85,0.14,24.7,0.177,0,0.70438
Walking,9.934,1,127.85,0.489,27.7,0.023,1,0.00374
Motorcycle,16.13,1,113.48,0.688,14.36,0.31,1,1.95643
Walking,8.446,1,122.78,0.282,25.52,0.731,0,0.01504
Walking,12.398,1,114.01,0.334,15.77,0.325,1,0.0
Motorcycle,18.96,1,119.99,0.176,15.89,0.644,0,2.14162
Walking,11.002,1,115.45,0.887,16.58,0.893,0,0.0
Metro,24.704,1,107.35,0.064,25.59,0.102,1,1.16002
Bicycle,24.334,1,135.3,0.463,26.89,0.789,1,0.0019
Car,14.673,1,1.0,0.75,27.81,0.062,1,3.17926
Bicycle,21.44,1,134.36,0.341,15.67,0.179,1,0.01828
Car,4.069,1,1.0,0.283,20.26,0.884,1,0.92463
Bicycle,23.156,1,116.63,0.2,10.76,0.301,1,0.0
Walking,16.384,1,113.18,0.626,36.33,0.451,0,0.00374
Motorcycle,15.992,1,110.9,0.995,21.69,0.05,0,1.97658
Metro,16.86,1,122.88,0.641,38.86,0.44,1,0.66523
Motorcycle,35.338,1,128.9,0.234,19.57,0.352,1,3.54385
Car,8.164,4,4.0,0.684,36.79,0.231,1,0.48846
Bicycle,7.367,1,127.19,0.267,39.76,0.334,1,0.00611
Walking,10.509,1,104.37,0.446,34.72,0.669,1,0.00251
Metro,21.011,1,117.62,0.822,11.59,0.316,1,0.7858
Walking,0.92,1,128.96,0.243,14.35,0.76,0,0.00253
Motorcycle,8.88,1,119.59,0.566,25.49,0.468,0,1.06587
Walking,17.76,1,117.9,0.678,14.66,0.157,0,0.0
Car,2.678,2,2.0,0.475,28.74,0.916,0,0.28469
Car,5.652,1,1.0,0.242,35.47,0.559,0,1.1176
Bus,21.194,1,30.79,0.422,37.1,0.719,0,1.32875
Walking,18.107,1,126.75,0.795,31.28,0.924,0,0.0
Bicycle,1.646,1,129.98,0.751,17.66,0.549,0,0.00896
Walking,12.939,1,126.57,0.946,22.76,0.472,1,0.00848
Bus,10.734,1,27.2,0.775,23.15,0.889,1,0.79495
Walking,2.301,1,103.81,0.525,24.62,0.513,1,0.0
Motorcycle,7.335,1,125.49,0.081,18.02,0.397,1,0.79608
Car,3.281,3,3.0,0.731,30.33,0.54,0,0.25448
Bus,12.536,1,14.96,0.37,32.48,0.67,0,1.51343
Car,6.399,1,1.0,0.182,28.39,0.967,0,1.47519
Metro,9.231,1,126.13,0.241,30.5,0.567,1,0.373
Walking,16.753,1,117.72,0.471,11.3,0.614,0,0.0
Motorcycle,10.618,1,124.85,0.687,24.98,0.001,1,1.29948
Bicycle,10.745,1,113.81,0.813,33.07,0.186,1,0.01292
Bicycle,14.622,1,128.12,0.578,28.52,0.748,1,0.0
Motorcycle,31.016,1,115.36,0.078,18.35,0.522,1,3.34479
Motorcycle,1.83,1,109.6,0.052,35.68,0.232,0,0.16137
Walking,30.233,1,107.53,0.333,37.27,0.594,0,0.0
Bicycle,15.613,1,114.87,0.988,34.02,0.268,0,0.00147
Bicycle,10.328,1,122.3,0.305,29.47,0.707,0,0.0
Car,24.006,4,4.0,0.36,16.51,0.909,0,1.31937
Bicycle,10.5,1,126.53,0.582,28.74,0.976,0,0.0
Bicycle,1.107,1,118.2,0.479,23.63,0.792,0,0.00979
Motorcycle,14.241,1,115.55,0.02,33.35,0.735,1,1.55608
Car,11.988,1,1.0,0.797,16.64,0.483,0,2.75039
Motorcycle,24.103,1,113.48,0.211,26.6,0.175,0,2.55547
Metro,14.396,1,98.47,0.838,20.9,0.352,1,0.7483
Car,8.644,2,2.0,0.841,24.54,0.251,1,1.02947
Bicycle,2.772,1,113.74,0.032,32.26,0.664,1,0.0
Walking,7.854,1,113.42,0.557,28.21,0.038,0,0.01392
Bus,23.391,1,21.24,0.608,34.53,0.768,1,2.18478
Bus,8.961,1,18.67,0.71,31.7,0.718,1,0.86668
Bus,18.173,1,38.26,0.324,20.45,0.048,1,0.80145
Walking,28.515,1,127.49,0.459,22.01,0.586,1,0.00865
Car,13.045,1,1.0,0.73,18.17,0.564,1,2.99951
Bus,21.707,1,20.34,0.624,32.13,0.712,0,2.04777
Bicycle,1.208,1,115.52,0.907,18.54,0.398,0,0.0072
Metro,26.761,1,129.81,0.243,29.02,0.841,0,1.02082
Car,19.269,2,2.0,0.041,36.91,0.817,0,2.03391
Walking,20.097,1,125.01,0.775,12.19,0.348,1,0.00209
Bicycle,9.168,1,119.15,0.428,12.44,0.901,1,0.0
Bicycle,32.089,1,118.77,0.205,24.98,0.104,1,0.00625
Motorcycle,9.01,1,115.14,0.935,38.2,0.38,1,1.1036
Metro,12.842,1,117.23,0.49,12.63,0.503,0,0.55476
Walking,16.876,1,109.6,0.958,21.71,0.796,0,0.00277
Walking,7.034,1,109.33,0.344,14.01,0.481,1,0.0
Walking,3.671,1,141.8,0.181,12.9,0.874,1,0.0
Bus,14.689,1,18.14,0.148,16.23,0.04,1,1.23095
Walking,12.072,1,126.52,0.092,14.07,0.874,1,0.00534
Bus,7.165,1,27.03,0.55,28.46,0.839,1,0.48611
Bus,5.311,1,5.41,0.386,13.5,0.303,1,1.7779
Car,10.12,3,3.0,0.996,38.21,0.602,1,0.82864
Walking,19.622,1,126.47,0.342,25.77,0.514,1,0.0
Metro,2.978,1,113.93,0.323,18.58,0.884,1,0.13482
Motorcycle,8.101,1,119.17,0.196,17.67,0.558,1,0.96064
Bicycle,23.112,1,107.24,0.598,17.66,0.464,1,0.0
Bus,9.458,1,2.0,0.547,31.27,0.357,1,8.65594
Metro,18.733,1,105.02,0.435,37.91,0.26,0,0.86129
Motorcycle,9.737,1,116.89,0.349,34.15,0.479,0,1.10293
Bicycle,14.585,1,118.45,0.488,37.37,0.222,0,0.00348
Bus,14.145,1,31.16,0.3,35.47,0.043,0,0.76692
Metro,11.133,1,133.94,0.082,36.57,0.192,0,0.40918
Bicycle,26.233,1,112.35,0.026,23.09,0.07,1,0.00409
Bus,8.705,1,20.01,0.374,25.91,0.677,1,0.83751
Bicycle,5.112,1,126.37,0.321,16.3,0.278,0,0.0
Motorcycle,8.248,1,129.79,0.907,28.34,0.331,1,1.05722
Bicycle,17.623,1,122.13,0.077,39.71,0.424,0,0.0
Bus,11.566,1,25.45,0.738,38.17,0.732,1,0.88183
Walking,18.14,1,128.45,0.702,33.16,0.051,1,0.0
Motorcycle,14.443,1,115.52,0.38,34.78,0.579,1,1.55801
Walking,12.501,1,127.64,0.033,32.46,0.761,0,0.00996
Motorcycle,20.278,1,124.39,0.442,30.7,0.361,1,2.42989
Metro,30.189,1,122.34,0.789,28.83,0.183,1,1.23143
Metro,5.963,1,117.19,0.398,20.17,0.135,0,0.24112
Bicycle,18.372,1,118.37,0.145,33.32,0.458,0,0.00925
Car,3.211,1,1.0,0.149,11.46,0.673,1,0.70761
Car,15.051,5,5.0,0.669,26.36,0.685,0,0.6674
Metro,19.212,1,113.44,0.2,39.4,0.15,1,0.82616
Metro,13.733,1,110.53,0.954,14.44,0.114,1,0.6
Motorcycle,11.365,1,119.59,0.07,38.95,0.719,0,1.30709
Motorcycle,1.059,1,119.34,0.567,23.58,0.637,0,0.12589
Bus,33.201,1,28.2,0.53,33.2,0.182,0,2.18924
Bicycle,9.014,1,121.02,0.675,35.86,0.233,1,0.0
Bicycle,7.302,1,120.09,0.273,21.35,0.647,0,0.0
Metro,4.854,1,99.28,0.852,15.9,0.674,0,0.21547
Bus,5.072,1,21.1,0.241,15.21,0.504,0,0.41746
Bicycle,10.954,1,121.61,0.758,39.46,0.244,0,0.0109
Metro,2.72,1,122.56,0.223,39.43,0.225,0,0.1082
Motorcycle,23.429,1,125.56,0.857,30.42,0.387,0,3.03143
Bicycle,2.423,1,119.43,0.38,35.24,0.682,1,0.0
Motorcycle,15.644,1,124.03,0.829,32.71,0.496,0,1.90826
Motorcycle,10.487,1,134.45,0.783,25.1,0.054,1,1.33539
Bicycle,14.054,1,111.82,0.402,12.73,0.891,1,0.00994
Walking,11.209,1,121.68,0.834,39.81,0.562,0,0.0
Bus,7.103,1,25.99,0.224,17.49,0.836,0,0.48702
Bus,0.894,1,25.44,0.029,39.14,0.547,0,0.052
Bicycle,6.54,1,119.31,0.727,26.87,0.306,1,0.0
Car,11.047,5,5.0,0.338,30.98,0.475,1,0.44974
Metro,21.431,1,119.31,0.693,31.44,0.629,0,0.87169
Metro,33.268,1,120.15,0.92,16.97,0.134,0,1.39743
Car,21.113,3,3.0,0.654,14.46,0.419,0,1.48308
Bicycle,6.076,1,119.28,0.836,14.57,0.715,1,0.0
Metro,10.114,1,122.31,0.479,30.13,0.008,0,0.39657
Motorcycle,19.573,1,125.3,0.67,14.06,0.724,1,2.32826
Bicycle,7.669,1,117.62,0.689,11.98,0.249,0,0.0
Bicycle,11.791,1,122.23,0.463,24.6,0.294,1,0.0
Bicycle,1.653,1,113.83,0.44,19.11,0.986,1,0.0
Motorcycle,3.539,1,120.45,0.802,39.12,0.513,1,0.43907
Walking,6.13,1,125.04,0.826,29.64,0.26,0,0.0
Walking,16.081,1,114.73,0.719,30.05,0.088,1,0.01066
Bicycle,11.303,1,117.63,0.713,22.54,0.682,1,0.0
Walking,10.107,1,117.29,0.156,31.84,0.744,0,0.00731
Car,10.302,5,5.0,0.881,32.79,0.375,1,0.4637
Metro,10.74,1,123.97,0.622,37.21,0.274,1,0.42648
Car,17.325,4,4.0,0.19,27.81,0.989,0,0.94839
Car,14.885,3,3.0,0.702,29.87,0.823,1,1.16858
Metro,2.267,1,112.29,0.661,33.93,0.21,1,0.08486
Bicycle,6.976,1,119.61,0.871,21.92,0.863,0,0.0
Car,7.356,5,5.0,0.036,22.04,0.231,0,0.28485
Bicycle,3.207,1,123.85,0.034,17.62,0.61,1,0.00551
Motorcycle,30.872,1,117.3,0.071,13.22,0.13,1,3.29818
Walking,11.879,1,107.59,0.265,27.02,0.11,0,0.0
Bicycle,2.001,1,96.76,0.164,36.7,0.964,1,0.0
Motorcycle,9.157,1,129.05,0.849,23.22,0.822,1,1.13214
Bus,19.397,1,16.77,0.288,22.73,0.767,0,2.01825
Car,4.157,2,2.0,0.768,33.3,0.166,1,0.4744
Car,4.094,5,5.0,0.969,10.1,0.593,1,0.19128
Bicycle,22.187,1,132.17,0.573,33.83,0.169,0,0.0
Bus,16.648,1,17.66,0.751,13.39,0.346,1,1.79527
Bicycle,2.489,1,115.43,0.665,26.39,0.387,1,0.00601
Car,1.282,5,5.0,0.639,39.44,0.095,0,0.05911
Motorcycle,12.276,1,131.29,0.104,39.46,0.145,0,1.32733
Metro,12.887,1,105.84,0.194,38.68,0.839,1,0.59639
Motorcycle,3.43,1,116.14,0.398,39.15,0.233,1,0.38177
Car,11.68,3,3.0,0.782,19.95,0.668,0,0.91437
Metro,6.228,1,120.93,0.102,10.26,0.8,0,0.25566
Motorcycle,7.073,1,127.59,0.671,30.82,0.218,1,0.80911
Motorcycle,2.659,1,112.08,0.217,31.71,0.459,0,0.29897
Bus,15.615,1,28.12,0.5,37.38,0.082,1,0.93373
Metro,14.51,1,122.34,0.683,34.61,0.556,1,0.54183
Motorcycle,9.271,1,110.91,0.956,16.01,0.925,0,1.23945
Metro,6.003,1,126.72,0.9,19.8,0.538,1,0.22933
Metro,25.217,1,125.91,0.503,25.93,0.979,0,0.97387
Metro,12.021,1,130.01,0.805,17.66,0.217,0,0.44878
Walking,8.423,1,113.95,0.049,27.79,0.369,1,0.0
Bus,0.893,1,10.42,0.836,14.1,0.974,0,0.17024
Motorcycle,21.086,1,128.69,0.965,21.37,0.903,0,2.70262
Motorcycle,24.93,1,110.24,0.021,34.63,0.171,0,2.44147
Bus,3.348,1,21.76,0.424,15.9,0.402,0,0.27443
Bicycle,8.466,1,113.54,0.248,15.95,0.822,0,0.00421
Walking,11.228,1,116.71,0.639,23.89,0.207,0,0.0
Car,8.753,4,4.0,0.65,26.3,0.617,1,0.48465
Bicycle,14.506,1,131.7,0.865,23.21,0.267,1,0.00629
Car,8.594,2,2.0,0.976,28.17,0.766,1,1.04897
Car,11.871,2,2.0,0.251,32.45,0.694,0,1.26372
Car,9.321,5,5.0,0.85,31.19,0.526,1,0.42433
Car,5.529,5,5.0,0.391,15.21,0.56,0,0.23714
Bus,7.815,1,28.59,0.3,37.86,0.591,0,0.48433
Car,14.394,4,4.0,0.604,29.0,0.214,0,0.80523
Bicycle,0.811,1,124.55,0.971,31.59,0.332,1,0.0
Car,11.144,2,2.0,0.578,37.62,0.631,0,1.24016
Metro,0.528,1,110.11,0.569,37.0,0.985,0,0.03854
Walking,12.486,1,123.84,0.416,34.37,0.067,0,0.00223
Bicycle,19.058,1,121.18,0.323,22.71,0.107,1,0.00959
Metro,13.418,1,128.31,0.968,33.83,0.142,1,0.52801
Walking,14.438,1,113.45,0.274,36.28,0.69,1,0.0
Metro,1.88,1,115.53,0.927,28.58,0.852,1,0.09357
Bicycle,13.257,1,136.74,0.587,17.67,0.015,0,0.00436
Motorcycle,21.124,1,130.19,0.258,31.52,0.204,1,2.22057
Walking,18.797,1,109.73,0.077,15.37,0.657,0,0.0
Bus,7.982,1,15.87,0.223,39.28,0.804,0,0.94145
Walking,8.31,1,108.35,0.223,22.24,0.425,1,0.00392
Metro,4.678,1,120.04,0.905,32.27,0.442,0,0.21409
Walking,19.146,1,111.7,0.44,16.62,0.17,1,0.0
Walking,14.98,1,122.41,0.811,19.06,0.859,0,0.0
Motorcycle,8.686,1,121.64,0.9,30.2,0.502,0,1.1178
Bus,10.0,1,30.69,0.578,25.78,0.805,1,0.60751
Walking,19.067,1,109.83,0.662,33.66,0.827,1,0.00902
Motorcycle,8.504,1,121.61,0.691,32.9,0.453,1,1.03675
Metro,12.054,1,112.46,0.501,24.32,0.522,0,0.54682
Bus,1.64,1,5.02,0.692,13.42,0.129,1,0.58655
Bicycle,18.271,1,119.77,0.138,26.1,0.909,1,0.0
Bicycle,12.705,1,123.23,0.527,21.55,0.548,0,0.01102
Car,21.055,2,2.0,0.594,13.61,0.886,1,2.46292
Motorcycle,32.018,1,108.96,0.664,17.86,0.655,0,4.00518
Bus,4.893,1,17.03,0.418,15.87,0.073,1,0.50944
Bus,18.422,1,19.48,0.489,33.09,0.787,0,1.73347
Metro,5.495,1,112.32,0.379,15.9,0.227,0,0.24667
Car,9.841,5,5.0,0.818,38.67,0.281,1,0.4469
Car,9.181,4,4.0,0.707,39.8,0.226,1,0.48346
Metro,17.31,1,125.37,0.253,36.18,0.66,1,0.68704
Walking,13.645,1,127.41,0.222,20.17,0.397,1,0.01226
Walking,8.906,1,121.94,0.005,35.71,0.138,0,0.00347
Metro,9.882,1,118.42,0.314,13.97,0.548,1,0.40409
Walking,15.809,1,122.84,0.492,17.6,0.691,0,0.0
Walking,6.443,1,119.29,0.594,35.15,0.69,1,0.0
Motorcycle,27.983,1,112.22,0.68,24.0,0.575,1,3.35671
Bicycle,17.185,1,117.79,0.893,37.21,0.618,1,0.0
Car,10.146,2,2.0,0.939,16.74,0.137,1,1.16208
Car,5.682,3,3.0,0.617,32.99,0.953,0,0.41684
Bicycle,15.239,1,114.6,0.979,22.37,0.507,1,0.0
Motorcycle,23.163,1,140.93,0.329,22.07,0.87,1,2.68598
Bicycle,6.9,1,121.28,0.972,11.77,0.553,1,0.0021
Bus,13.153,1,3.03,0.04,27.08,0.254,1,7.17679
Walking,26.465,1,124.79,0.167,37.93,0.326,1,0.0
Bicycle,13.303,1,120.55,0.435,37.26,0.316,0,0.0
Metro,7.597,1,115.88,0.618,32.29,0.721,0,0.30948
Car,8.571,2,2.0,0.621,18.77,0.363,1,0.9453
Bus,9.89,1,12.43,0.875,15.2,0.445,1,1.47847
Walking,4.964,1,129.11,0.827,22.51,0.567,0,0.00233
Motorcycle,41.985,1,123.77,0.682,21.12,0.055,0,5.1779
Bus,9.381,1,32.72,0.266,10.92,0.989,0,0.4877
Car,12.856,3,3.0,0.638,11.03,0.291,0,0.91363
Car,13.54,4,4.0,0.978,23.28,0.185,0,0.84042
Bus,7.18,1,25.82,0.644,28.86,0.948,0,0.53458
Metro,8.94,1,117.5,0.267,10.46,0.256,1,0.36461
Bicycle,7.758,1,133.17,0.273,29.53,0.74,1,0.0
Metro,7.64,1,116.03,0.549,13.24,0.074,1,0.32195
Bus,5.106,1,23.65,0.381,39.09,0.158,0,0.35706
Metro,38.629,1,119.45,0.676,18.25,0.308,1,1.54488
Car,11.444,5,5.0,0.79,31.9,0.138,1,0.53211
Bus,9.054,1,19.27,0.784,28.14,0.044,1,0.86335
Motorcycle,15.884,1,112.06,0.308,16.51,0.584,0,1.70659
Car,18.169,1,1.0,0.814,19.51,0.248,0,3.96428
Bicycle,5.497,1,128.44,0.657,11.51,0.525,0,0.0
Bicycle,10.768,1,123.27,0.648,38.69,0.952,1,0.0
Metro,2.772,1,117.75,0.51,27.17,0.626,1,0.10938
Metro,8.594,1,106.48,0.924,31.43,0.556,1,0.37397
Car,17.895,5,5.0,0.229,33.48,0.635,0,0.78145
Walking,32.82,1,112.07,0.446,22.88,0.717,1,0.00238
Car,21.716,2,2.0,0.171,35.69,0.51,0,2.1989
Motorcycle,32.744,1,119.67,0.66,38.61,0.549,0,3.86016
Walking,8.372,1,132.36,0.869,19.3,0.553,1,0.0085
Metro,7.639,1,132.2,0.949,38.68,0.823,1,0.27938
Car,12.232,2,2.0,0.607,25.81,0.965,1,1.47677
Car,8.14,2,2.0,0.37,11.44,0.579,0,0.8618
Bicycle,14.312,1,119.15,0.204,15.51,0.658,0,0.0
Motorcycle,4.556,1,118.04,0.908,29.43,0.125,1,0.56613
Bicycle,9.791,1,119.92,0.642,10.7,0.527,0,0.00186
Car,17.09,3,3.0,0.638,19.44,0.915,0,1.24276
Bicycle,35.279,1,120.79,0.632,30.47,0.898,0,0.01353
Car,4.758,1,1.0,0.651,22.42,0.243,0,1.02342
Car,4.933,3,3.0,0.473,22.57,0.72,0,0.37436
Walking,8.319,1,108.62,0.708,24.64,0.382,1,0.01448
Bicycle,9.818,1,117.37,0.223,28.29,0.971,0,0.00422
Walking,31.437,1,119.16,0.969,22.86,0.749,1,0.0
Car,13.077,5,5.0,0.259,18.53,0.67,1,0.54903
Car,20.937,2,2.0,0.317,37.75,0.747,1,2.19626
Motorcycle,16.954,1,140.05,0.77,24.22,0.293,0,2.06483
Metro,10.829,1,123.36,0.764,29.91,0.543,1,0.42425
Motorcycle,12.4,1,116.04,0.099,10.89,0.226,1,1.31583
Walking,17.463,1,113.3,0.419,29.0,0.081,1,0.00906
Car,9.659,3,3.0,0.3,27.94,0.024,1,0.66354
Walking,8.909,1,113.73,0.762,26.29,0.29,1,0.0
Motorcycle,12.358,1,126.19,0.358,21.38,0.341,1,1.39592
Bicycle,23.132,1,129.34,0.516,14.89,0.099,0,0.00994
Bus,25.972,1,25.45,0.939,30.48,0.747,1,2.02221
Motorcycle,10.38,1,130.01,0.907,18.24,0.989,0,1.39192
Motorcycle,8.636,1,122.92,0.584,32.16,0.189,1,1.02468
Bus,2.251,1,25.45,0.566,10.2,0.866,0,0.16913
Metro,24.46,1,137.65,0.954,31.35,0.255,0,0.9141
Walking,7.511,1,111.29,0.613,21.37,0.267,0,0.0
Motorcycle,5.082,1,117.34,0.608,31.55,0.218,1,0.60385
Metro,4.198,1,135.04,0.426,19.33,0.294,1,0.1376
Bicycle,0.916,1,124.83,0.712,24.7,0.058,0,0.00327
Car,11.76,3,3.0,0.673,38.41,0.064,1,0.85335
Bicycle,10.877,1,128.18,0.307,23.81,0.588,0,0.0
Metro,2.486,1,111.53,0.822,29.91,0.6,0,0.1253
Car,23.391,4,4.0,0.437,14.7,0.444,0,1.23799
Bicycle,23.013,1,129.27,0.186,23.91,0.188,0,0.0
Walking,3.535,1,122.07,0.45,20.78,0.383,0,0.00016
Bus,6.424,1,7.55,0.219,13.95,0.676,0,1.45941
Motorcycle,32.19,1,112.76,0.183,26.26,0.042,0,3.48013
Bicycle,8.836,1,123.51,0.55,33.79,0.195,1,0.0
Metro,31.927,1,130.84,0.097,29.77,0.513,0,1.17385
Car,2.5,1,1.0,0.618,35.85,0.63,0,0.56269
Metro,10.165,1,134.76,0.185,23.64,0.343,0,0.35692
Motorcycle,16.933,1,103.95,0.985,30.98,0.223,0,2.12456
Car,1.705,1,1.0,0.268,33.27,0.645,0,0.37482
Car,1.413,2,2.0,0.724,18.94,0.99,1,0.18335
Bicycle,14.042,1,108.55,0.375,34.3,0.433,1,0.02267
Metro,16.458,1,122.28,0.779,11.8,0.346,1,0.62474
Walking,7.705,1,133.84,0.368,34.85,0.004,1,0.0
Car,9.521,5,5.0,0.134,28.84,0.746,1,0.38928
Metro,9.79,1,117.75,0.244,20.09,0.585,0,0.41083
Bus,7.766,1,24.71,0.268,27.83,0.679,1,0.56216
Bicycle,19.464,1,127.57,0.199,29.96,0.049,1,0.0
Bus,7.523,1,30.78,0.504,31.34,0.697,0,0.45057
Bus,7.737,1,23.11,0.012,26.23,0.399,0,0.56164
Metro,41.328,1,121.17,0.746,32.52,0.421,1,1.73391
Bicycle,13.314,1,113.29,0.637,28.72,0.53,0,0.00064
Walking,8.834,1,120.46,0.126,21.51,0.504,0,0.00502
Motorcycle,13.022,1,100.68,0.798,13.56,0.753,0,1.62594
Metro,13.903,1,113.94,0.242,35.85,0.642,1,0.59935
Motorcycle,6.825,1,127.35,0.921,19.77,0.301,1,0.86457
Bus,16.613,1,26.2,0.198,35.48,0.935,1,1.08397
Motorcycle,0.874,1,103.71,0.883,35.97,0.205,1,0.11275
Car,5.375,3,3.0,0.225,24.73,0.579,1,0.36665
Walking,0.8,1,125.27,0.308,26.21,0.452,0,0.0
Car,25.056,3,3.0,0.005,23.88,0.935,1,1.80252
Metro,10.39,1,120.01,0.91,27.35,0.135,1,0.43335
Metro,8.868,1,131.23,0.22,39.93,0.009,1,0.31295
Bus,6.761,1,13.35,0.617,37.77,0.962,1,0.95
Car,18.812,4,4.0,0.637,21.37,0.788,0,1.01928
Bus,16.716,1,27.81,0.184,31.84,0.397,1,1.085
Walking,21.601,1,123.67,0.038,29.38,0.978,1,0.00193
Car,5.841,3,3.0,0.136,32.31,0.782,0,0.42089
Bicycle,11.91,1,116.81,0.423,13.17,0.847,1,0.00488
Bicycle,19.41,1,127.11,0.245,32.3,0.241,1,0.0
Bicycle,8.326,1,102.02,0.445,29.64,0.404,1,0.00463
Motorcycle,9.931,1,117.53,0.237,27.19,0.539,0,1.05722
Motorcycle,7.042,1,119.91,0.405,12.71,0.267,1,0.80329
Metro,6.42,1,118.8,0.042,19.22,0.23,1,0.27012
Metro,7.3,1,105.87,0.617,19.93,0.293,1,0.34991
Metro,6.908,1,124.14,0.977,24.83,0.314,0,0.28107
Bus,31.267,1,13.71,0.111,13.99,0.717,0,3.80697
Bus,22.825,1,12.13,0.265,20.34,0.976,0,3.55411
Bus,15.416,1,22.89,0.273,36.54,0.143,1,1.12901
Metro,2.063,1,128.85,0.304,33.91,0.168,1,0.08179
Metro,5.354,1,116.67,0.805,29.94,0.474,1,0.23314
Car,11.738,3,3.0,0.731,38.65,0.746,1,0.90251
Metro,3.867,1,105.01,0.272,15.09,0.259,1,0.19906
Walking,7.97,1,118.69,0.242,27.72,0.726,1,0.0
Walking,11.563,1,124.44,0.124,14.05,0.812,1,0.00815
Bicycle,6.826,1,121.71,0.419,34.51,0.078,0,0.00485
Metro,10.21,1,117.73,0.763,21.86,0.777,0,0.45485
Car,16.193,3,3.0,0.881,11.92,0.437,1,1.27407
Bus,15.389,1,23.92,0.658,35.8,0.939,0,1.23674
Car,2.109,1,1.0,0.661,16.87,0.758,1,0.47316
Motorcycle,18.892,1,118.19,0.824,18.44,0.401,0,2.2981
Motorcycle,8.915,1,127.59,0.328,22.37,0.328,1,0.96685
Metro,9.432,1,127.1,0.416,37.03,0.053,1,0.3449
Metro,6.931,1,126.9,0.882,22.18,0.463,1,0.27822
Motorcycle,8.068,1,139.25,0.638,39.14,0.29,1,0.89676
Bicycle,22.784,1,132.91,0.956,32.92,0.19,1,0.00419
Bicycle,5.48,1,110.97,0.891,29.51,0.242,1,0.0
Motorcycle,6.171,1,126.52,0.776,24.98,0.558,0,0.74149
Metro,0.796,1,109.53,0.602,17.29,0.086,1,0.03875
Bus,2.513,1,7.15,0.159,24.75,0.914,1,0.59483
Walking,5.933,1,112.92,0.279,17.92,0.039,1,0.0
Metro,13.834,1,126.65,0.263,10.83,0.012,1,0.52139
Metro,19.892,1,123.95,0.83,30.28,0.409,1,0.74562
Motorcycle,11.788,1,114.76,0.681,12.17,0.494,0,1.47357
Car,16.018,2,2.0,0.96,18.44,0.497,0,1.93148
Car,30.608,3,3.0,0.173,38.61,0.581,0,2.12726
Walking,5.239,1,137.53,0.802,10.47,0.708,0,0.0
Metro,9.356,1,117.7,0.556,25.54,0.873,1,0.40163
Car,6.472,5,5.0,0.003,11.76,0.226,0,0.24776
Car,24.557,3,3.0,0.406,29.02,0.261,0,1.6868
Car,23.895,3,3.0,0.282,20.47,0.811,0,1.7116
Metro,11.653,1,111.1,0.005,24.91,0.662,1,0.51682
Motorcycle,10.104,1,122.62,0.896,19.69,0.714,1,1.32528
Bicycle,24.95,1,113.7,0.79,27.7,0.504,1,0.0
Car,19.213,3,3.0,0.493,14.02,0.245,0,1.3857
Bicycle,33.441,1,127.08,0.915,31.01,0.378,1,0.0
Bus,12.781,1,20.83,0.572,29.14,0.138,1,1.09588
Bicycle,33.385,1,114.91,0.92,11.05,0.092,1,0.0
Metro,18.94,1,125.86,0.707,23.01,0.336,0,0.73771
Metro,16.635,1,97.39,0.095,12.63,0.7,0,0.78499
Metro,32.828,1,117.93,0.23,19.56,0.122,0,1.4447
Bus,14.377,1,26.28,0.106,21.76,0.316,1,0.88799
Walking,13.331,1,104.83,0.139,13.51,0.613,1,0.0
Metro,5.855,1,120.8,0.042,29.65,0.122,0,0.23239
Bus,13.506,1,14.33,0.175,19.67,0.995,0,1.57886
Walking,4.933,1,129.4,0.728,36.87,0.115,0,0.00719
Bicycle,20.501,1,126.03,0.745,18.51,0.669,0,0.0
Bicycle,6.159,1,119.13,0.014,25.82,0.277,0,0.01181
Walking,13.843,1,130.88,0.6,20.74,0.883,1,0.0
Motorcycle,7.06,1,128.67,0.555,14.17,0.856,0,0.85243
Walking,19.259,1,107.16,0.055,20.62,0.179,0,0.01553
Metro,6.386,1,129.02,0.726,10.19,0.497,0,0.24527
Metro,17.327,1,128.3,0.421,34.1,0.836,0,0.67185
Metro,7.657,1,107.28,0.122,29.94,0.093,1,0.33818
Walking,9.08,1,120.31,0.718,18.03,0.54,1,0.00717
Bicycle,29.771,1,125.66,0.615,14.22,0.926,0,0.0
Motorcycle,10.237,1,127.52,0.719,14.5,0.934,0,1.27123
Metro,10.232,1,127.92,0.138,24.47,0.037,0,0.38915
Car,15.016,1,1.0,0.684,12.27,0.199,1,3.1666
Walking,9.931,1,119.51,0.065,15.29,0.629,1,0.00249
Walking,5.905,1,132.88,0.966,34.42,0.835,0,0.00483
Motorcycle,1.926,1,113.64,0.102,19.82,0.128,1,0.20401
Motorcycle,9.951,1,120.84,0.189,34.84,0.818,0,1.13631
Car,14.308,3,3.0,0.954,31.03,0.864,0,1.17623
Bicycle,25.677,1,129.6,0.753,19.03,0.704,1,0.00781
Motorcycle,11.183,1,127.17,0.535,13.99,0.011,1,1.18926
Car,16.173,1,1.0,0.531,15.53,0.498,0,3.69957
Car,19.448,5,5.0,0.953,37.15,0.278,1,0.90375
Motorcycle,5.439,1,130.55,0.12,23.66,0.552,1,0.58032
Bus,4.951,1,18.14,0.706,37.1,0.053,0,0.49662
Walking,2.758,1,113.81,0.155,13.77,0.047,1,0.00208
Motorcycle,10.509,1,112.98,0.161,16.65,0.225,1,1.11345
Bicycle,18.926,1,118.81,0.932,38.85,0.822,1,0.0
Bus,11.262,1,17.13,0.629,12.69,0.792,0,1.21979
Metro,24.641,1,127.88,0.121,23.67,0.272,1,0.95182
Metro,4.927,1,98.15,0.279,32.42,0.992,1,0.25518
Bus,8.114,1,9.39,0.406,27.73,0.1,1,1.53233
Walking,18.764,1,113.66,0.066,26.8,0.665,1,0.00691
Bus,24.053,1,12.94,0.701,36.55,0.184,1,3.49639
Bus,13.519,1,17.62,0.114,15.44,0.642,1,1.28749
Motorcycle,5.091,1,129.94,0.506,12.01,0.233,0,0.577
Metro,4.184,1,115.01,0.708,35.98,0.083,1,0.15957
Metro,25.832,1,106.15,0.099,34.1,0.148,1,1.11836
Metro,30.793,1,126.94,0.388,38.01,0.199,0,1.22201
Car,5.394,3,3.0,0.978,23.6,0.313,1,0.42313
Metro,41.002,1,107.48,0.547,36.38,0.709,0,1.87604
Car,29.032,4,4.0,0.717,36.01,0.751,1,1.71189
Bicycle,19.317,1,130.77,0.203,30.84,0.754,0,0.0
Car,7.42,4,4.0,0.229,35.9,0.557,0,0.3908
Bus,19.372,1,35.48,0.839,27.69,0.625,1,1.08953
Metro,9.294,1,118.67,0.174,38.2,0.264,0,0.3728
Car,11.996,2,2.0,0.882,17.37,0.772,0,1.40301
Walking,30.55,1,114.65,0.092,28.12,0.352,1,0.0
Motorcycle,30.391,1,134.78,0.621,29.22,0.805,0,3.61513
Bus,6.631,1,38.34,0.337,22.7,0.857,1,0.29971
Bus,19.919,1,27.53,0.867,18.26,0.487,0,1.34805
Bus,10.236,1,2.0,0.174,12.63,0.164,0,9.16243
Car,11.537,1,1.0,0.487,17.68,0.838,0,2.39117
Bus,8.463,1,24.32,0.863,12.76,0.609,1,0.67886
Metro,1.753,1,116.5,0.517,19.37,0.058,0,0.06578
Motorcycle,27.694,1,119.13,0.936,16.37,0.445,1,3.41706
Car,4.083,1,1.0,0.432,13.03,0.837,1,0.90642
Car,3.268,1,1.0,0.694,21.65,0.801,1,0.76264
Car,10.084,4,4.0,0.913,20.14,0.19,0,0.5717
Car,29.177,4,4.0,0.963,29.43,0.96,1,1.80694
Metro,11.721,1,115.72,0.495,20.83,0.653,1,0.49559
Motorcycle,16.203,1,112.25,0.949,29.23,0.712,0,2.14039
Bus,17.32,1,20.77,0.699,16.36,0.118,1,1.55711
Bus,5.763,1,19.53,0.239,34.87,0.02,0,0.47152
Bicycle,14.985,1,125.43,0.213,12.47,0.701,1,0.00156
Bicycle,10.035,1,110.03,0.065,26.33,0.692,1,0.0
Metro,20.643,1,125.63,0.944,27.45,0.848,1,0.8259
Car,20.059,3,3.0,0.37,17.93,0.941,1,1.50554
Metro,5.99,1,133.42,0.515,35.97,0.105,0,0.21139
Bicycle,12.909,1,131.19,0.941,14.91,0.006,1,0.03008
Car,14.324,1,1.0,0.306,28.24,0.149,0,2.94493
Metro,33.681,1,128.86,0.962,12.78,0.478,0,1.30116
Metro,5.585,1,118.87,0.171,25.81,0.938,1,0.22788
Car,2.17,1,1.0,0.999,15.44,0.291,1,0.50491
Walking,13.428,1,115.32,0.711,13.29,0.573,1,0.00871
Bus,8.561,1,22.35,0.153,15.73,0.241,1,0.65644
Bicycle,5.282,1,118.89,0.38,27.53,0.466,1,0.0
Metro,14.547,1,122.3,0.063,24.61,0.066,0,0.58649
Walking,5.463,1,129.89,0.513,23.2,0.627,0,0.0
Bus,10.183,1,19.71,0.795,25.07,0.198,1,0.9493
Bus,2.122,1,13.53,0.431,24.04,0.652,0,0.27389
Bicycle,13.12,1,122.47,0.771,10.99,0.237,1,0.0
Walking,17.463,1,136.97,0.75,24.03,0.471,0,0.00421
Car,1.741,5,5.0,0.608,25.81,0.959,0,0.07435
Bicycle,9.193,1,100.19,0.738,25.2,0.72,0,0.0083
Bus,21.179,1,4.39,0.675,17.42,0.666,1,8.56143
Bicycle,6.726,1,104.64,0.227,20.83,0.026,0,0.01278
Car,17.827,5,5.0,0.572,39.25,0.291,1,0.77963
Walking,16.431,1,137.11,0.94,23.54,0.909,0,0.0
Bicycle,11.889,1,117.48,0.894,11.12,0.27,0,0.01228
Bicycle,21.073,1,130.03,0.06,26.13,0.185,0,0.0
Car,8.018,4,4.0,0.619,33.12,0.85,0,0.44162
Metro,3.592,1,97.28,0.738,18.36,0.666,1,0.18802
Walking,11.973,1,131.62,0.838,35.19,0.243,0,0.0
Motorcycle,1.519,1,111.73,0.281,35.65,0.059,1,0.16948
Bicycle,12.592,1,106.54,0.89,35.66,0.997,1,0.0
Metro,6.274,1,113.34,0.131,15.31,0.001,1,0.2724
Bicycle,5.379,1,122.74,0.52,38.26,0.181,0,0.00991
Bus,24.743,1,16.8,0.053,20.95,0.095,0,2.21861
Metro,4.162,1,111.11,0.273,38.64,0.97,0,0.17272
Bicycle,16.127,1,104.29,0.738,32.25,0.459,0,0.00372
Motorcycle,17.253,1,112.13,0.619,15.34,0.366,1,2.09329
Motorcycle,20.081,1,122.68,0.381,16.04,0.769,1,2.41172
Bicycle,5.376,1,115.6,0.636,32.11,0.838,0,0.00519
Walking,7.415,1,120.66,0.056,31.26,0.365,0,0.00119
Metro,19.302,1,115.87,0.709,38.46,0.348,0,0.82042
Bicycle,15.195,1,125.38,0.491,12.66,0.299,1,0.00883
Motorcycle,10.345,1,125.81,0.214,13.68,0.203,1,1.14549
Metro,6.016,1,121.96,0.86,12.74,0.569,1,0.26227
Metro,11.574,1,120.58,0.808,39.97,0.208,0,0.47042
Bus,4.74,1,23.46,0.577,18.72,0.863,1,0.38919
Metro,8.03,1,108.85,0.318,29.22,0.465,0,0.36478
Bicycle,28.628,1,134.09,0.109,27.87,0.932,1,0.0
Walking,3.343,1,107.57,0.842,37.77,0.804,1,0.0
Motorcycle,19.308,1,127.52,0.336,20.59,0.647,0,2.14339
Motorcycle,8.558,1,120.6,0.859,21.44,0.28,1,1.03649
Bus,1.785,1,19.57,0.506,15.55,0.55,0,0.16527
Metro,7.588,1,132.12,0.473,23.23,0.358,0,0.28316
Bus,22.869,1,20.03,0.747,34.52,0.022,1,2.08269
Motorcycle,22.552,1,122.8,0.929,30.79,0.646,0,2.82243
Car,12.226,5,5.0,0.89,28.76,0.668,0,0.58239
Walking,13.312,1,124.63,0.837,18.64,0.116,0,0.0
Bicycle,10.054,1,124.14,0.663,15.91,0.948,0,0.00619
Metro,8.377,1,111.32,0.42,14.91,0.019,0,0.35575
Walking,17.399,1,123.97,0.646,21.93,0.323,1,0.0
Walking,5.831,1,118.03,0.799,39.26,0.83,1,0.0
Metro,13.446,1,113.53,0.59,23.41,0.631,0,0.58768
Bus,6.52,1,11.3,0.924,19.24,0.977,0,1.16478
Car,20.785,5,5.0,0.593,30.61,0.525,1,0.94482
Car,14.733,3,3.0,0.122,18.04,0.188,1,0.95106
Walking,10.134,1,118.09,0.011,12.41,0.554,0,0.00054
Motorcycle,1.991,1,106.96,0.214,29.23,0.892,1,0.22062
Metro,3.263,1,123.66,0.205,33.55,0.093,0,0.11708
Bus,17.367,1,10.41,0.323,30.04,0.375,1,2.97563
Bus,1.161,1,34.59,0.505,22.06,0.63,0,0.06313
Motorcycle,36.707,1,113.51,0.296,33.53,0.76,1,4.26047
Bus,2.72,1,2.0,0.261,25.64,0.443,0,2.43253
Bus,8.771,1,24.17,0.128,29.19,0.919,1,0.68377
Car,2.745,5,5.0,0.99,16.12,0.963,1,0.15084
Motorcycle,2.322,1,114.05,0.977,32.97,0.99,1,0.27972
Walking,19.399,1,135.13,0.554,35.01,0.009,0,0.00158
Bus,8.177,1,23.03,0.711,10.27,0.571,1,0.7067
Bus,9.807,1,24.66,0.558,17.52,0.441,0,0.70024
Car,18.821,1,1.0,0.58,37.11,0.399,0,4.11459
Bicycle,4.151,1,105.5,0.581,37.08,0.309,0,0.00538
Motorcycle,13.947,1,116.51,0.643,28.75,0.699,0,1.67371
Car,19.972,1,1.0,0.756,26.28,0.632,1,4.58929
Motorcycle,9.112,1,113.72,0.002,33.07,0.887,1,0.92984
Metro,3.016,1,111.63,0.806,20.71,0.339,0,0.13182
Bus,19.677,1,3.64,0.979,18.64,0.944,1,11.11489
Car,13.723,3,3.0,0.217,35.18,0.282,1,0.88369
Walking,12.035,1,121.32,0.852,18.51,0.494,1,0.00753
Bicycle,6.785,1,112.78,0.407,20.58,0.08,1,0.0
Metro,12.664,1,116.62,0.487,19.18,0.488,1,0.51749
Car,11.182,4,4.0,0.93,11.37,0.022,1,0.62687
Metro,6.809,1,107.71,0.124,30.86,0.827,0,0.31416
Bicycle,14.736,1,137.52,0.908,37.25,0.341,1,0.0
Bus,10.233,1,26.11,0.364,16.54,0.003,1,0.66468
Bicycle,7.464,1,129.33,0.663,14.59,0.59,0,0.0
Metro,15.05,1,127.55,0.907,28.21,0.46,0,0.6017
Metro,27.592,1,125.4,0.775,24.7,0.194,0,1.079
Metro,23.797,1,127.78,0.844,20.94,0.122,0,0.84481
Bus,12.227,1,20.79,0.743,28.21,0.74,1,1.10141
Bicycle,15.259,1,126.4,0.511,36.98,0.817,1,0.0
Walking,22.703,1,118.2,0.137,19.6,0.479,0,0.0
Car,11.897,4,4.0,0.155,39.16,0.287,1,0.60064
Metro,13.113,1,109.65,0.932,26.73,0.951,0,0.57768
Car,7.039,2,2.0,0.366,17.48,0.088,1,0.7131
Car,20.641,1,1.0,0.142,34.91,0.902,1,4.52512
Car,1.534,2,2.0,0.549,17.88,0.781,0,0.18181
Bicycle,13.452,1,104.53,0.016,21.7,0.394,1,0.0
Bus,6.712,1,17.96,0.585,18.16,0.662,1,0.66854
Bicycle,3.339,1,127.06,0.636,20.69,0.245,0,0.00575
Metro,21.983,1,138.75,0.634,26.39,0.346,0,0.8045
Motorcycle,9.3,1,112.92,0.83,39.45,0.894,1,1.23003
Motorcycle,5.255,1,98.78,0.489,15.58,0.459,0,0.60954
Car,39.63,1,1.0,0.893,10.92,0.283,0,9.37401
Motorcycle,10.005,1,117.59,0.661,18.89,0.321,1,1.17836
Bus,19.979,1,31.47,0.719,11.15,0.81,1,1.19375
Bus,9.374,1,25.4,0.672,36.45,0.826,1,0.69709
Bus,9.493,1,18.91,0.572,34.43,0.505,0,0.90956
Bicycle,2.725,1,122.56,0.03,12.98,0.124,0,0.0
Bus,3.076,1,5.42,0.513,18.53,0.464,0,1.02782
Bus,5.3,1,25.87,0.893,31.68,0.534,1,0.40525
Motorcycle,5.686,1,126.92,0.975,34.31,0.488,0,0.71137
Bus,8.518,1,18.25,0.473,20.68,0.888,1,0.8465
Bicycle,18.409,1,117.08,0.424,27.19,0.722,1,0.0
Metro,21.059,1,129.71,0.527,32.66,0.791,1,0.81018
Metro,19.411,1,130.61,0.597,27.02,0.809,0,0.69491
Car,6.817,1,1.0,0.951,37.96,0.469,0,1.5129
Motorcycle,14.328,1,119.39,0.089,23.65,0.049,1,1.51207
Bus,14.542,1,25.49,0.109,24.22,0.172,0,0.95002
Metro,28.807,1,130.98,0.171,23.85,0.917,1,1.07667
Bus,8.404,1,8.33,0.9,30.51,0.999,1,2.05218
Bus,9.891,1,31.75,0.489,27.95,0.541,1,0.5488
Car,2.495,3,3.0,0.056,31.88,0.968,1,0.1942
Motorcycle,6.315,1,112.5,0.861,35.33,0.088,1,0.76888
Car,10.827,3,3.0,0.293,24.78,0.925,1,0.79412
Metro,9.992,1,110.45,0.553,34.58,0.998,0,0.46125
Walking,11.596,1,119.66,0.338,39.05,0.645,0,0.0
Car,10.321,1,1.0,0.018,29.67,0.011,0,2.02653
Walking,8.158,1,110.45,0.313,30.12,0.608,1,0.0
Motorcycle,11.283,1,122.76,0.112,37.26,0.797,1,1.23226
Motorcycle,1.318,1,114.38,0.816,19.53,0.847,0,0.17784
Walking,6.997,1,119.44,0.89,11.63,0.699,0,0.0
Bus,15.743,1,17.06,0.181,31.48,0.234,0,1.44299
Car,3.605,3,3.0,0.648,36.92,0.191,1,0.27001
Motorcycle,11.596,1,111.47,0.638,16.08,0.419,1,1.38593
Metro,17.959,1,134.33,0.557,27.35,0.864,0,0.67986
Walking,5.481,1,127.81,0.142,35.88,0.412,1,0.00205
Bicycle,23.308,1,121.7,0.596,25.3,0.039,0,5e-05
Metro,19.096,1,115.44,0.93,29.62,0.543,1,0.84773
Metro,4.192,1,118.67,0.812,39.07,0.083,1,0.1706
Bus,4.736,1,9.65,0.924,22.89,0.575,0,0.92768
Walking,7.46,1,132.36,0.054,13.17,0.161,1,0.00316
Walking,4.321,1,116.38,0.075,38.93,0.748,0,0.0
Bus,8.987,1,11.23,0.21,34.0,0.867,0,1.37829
Bus,41.908,1,15.17,0.033,19.0,0.643,0,4.77539
Bicycle,8.646,1,101.62,0.943,15.4,0.26,1,0.0
Motorcycle,7.181,1,123.51,0.574,10.21,0.8,0,0.89398
Motorcycle,9.326,1,136.01,0.017,13.56,0.968,1,1.03959
Car,28.17,5,5.0,0.462,28.67,0.794,0,1.22583
Walking,19.87,1,116.86,0.001,39.71,0.618,0,0.00964
Metro,26.091,1,109.74,0.488,33.54,0.269,1,1.04678
Walking,8.618,1,128.52,0.554,29.7,0.051,0,0.0
Motorcycle,1.388,1,132.42,0.057,26.81,0.255,1,0.14067
Bicycle,9.234,1,138.56,0.812,13.03,0.093,1,0.00403
Car,10.105,3,3.0,0.42,26.76,0.616,0,0.7371
Bicycle,7.627,1,117.5,0.93,39.06,0.465,0,0.0
Bicycle,6.811,1,108.66,0.634,14.83,0.176,1,0.00155
Car,7.539,3,3.0,0.278,28.18,0.245,0,0.5064
Bus,11.04,1,12.44,0.645,36.91,0.313,1,1.58608
Metro,7.2,1,108.05,0.066,36.83,0.802,1,0.334
Car,18.048,5,5.0,0.587,19.3,0.871,1,0.78449
Motorcycle,21.935,1,113.11,0.564,34.75,0.906,1,2.65644
Walking,20.669,1,112.36,0.973,32.44,0.339,1,0.0
Metro,8.827,1,119.87,0.99,15.69,0.171,0,0.37061
Car,4.088,3,3.0,0.418,39.81,0.07,0,0.29749
Bus,16.325,1,19.3,0.605,19.4,0.572,0,1.61903
Walking,1.986,1,126.43,0.599,14.07,0.426,1,0.0
Metro,5.366,1,118.95,0.921,38.13,0.349,0,0.21841
Bus,23.472,1,14.98,0.158,20.11,0.65,1,2.71945
Walking,13.392,1,117.45,0.007,35.27,0.391,0,0.0
Bicycle,4.416,1,123.48,0.414,18.91,0.454,1,0.01771
Car,10.517,5,5.0,0.214,28.51,0.897,0,0.44016
Walking,11.369,1,115.41,0.278,18.27,0.421,0,0.0
Metro,2.82,1,112.48,0.77,11.91,0.822,0,0.11874
Bicycle,13.131,1,118.88,0.693,14.82,0.043,1,0.0
Walking,11.373,1,125.9,0.531,19.37,0.02,1,0.0
Motorcycle,4.083,1,115.2,0.113,26.77,0.115,0,0.44032
Walking,2.144,1,105.15,0.686,19.2,0.278,1,0.0
Car,11.234,1,1.0,0.153,28.18,0.773,0,2.26299
Motorcycle,12.193,1,120.94,0.742,20.3,0.524,0,1.5539
Metro,9.665,1,126.12,0.538,25.0,0.124,0,0.34466
Bus,5.571,1,5.95,0.574,12.97,0.744,1,1.64682
Motorcycle,12.609,1,111.04,0.431,38.96,0.3,0,1.47197
Car,9.084,1,1.0,0.72,24.2,0.068,1,1.97422
Metro,12.431,1,115.5,0.707,23.69,0.499,0,0.4966
Walking,12.428,1,115.1,0.104,15.56,0.308,0,0.01275
Motorcycle,12.944,1,125.22,0.607,15.59,0.628,0,1.58589
Motorcycle,11.332,1,113.82,0.498,15.4,0.569,0,1.29245
Bus,26.216,1,10.94,0.485,14.46,0.262,0,4.12071
Car,2.205,5,5.0,0.322,36.19,0.792,1,0.11256
Walking,26.453,1,111.36,0.186,16.48,0.994,1,0.0
Bicycle,11.713,1,115.1,0.266,14.34,0.186,1,0.00345
Motorcycle,12.582,1,114.96,0.475,27.77,0.09,1,1.35666
Walking,14.21,1,128.21,0.722,34.02,0.967,1,0.02536
Car,13.785,1,1.0,0.659,36.41,0.542,0,3.07753
Walking,16.681,1,127.9,0.912,17.12,0.533,0,0.00393
Car,3.45,4,4.0,0.464,12.17,0.243,0,0.17501
Car,9.661,2,2.0,0.2,17.35,0.353,1,0.96499
Motorcycle,7.892,1,117.56,0.555,21.19,0.873,0,0.9618
Car,14.099,3,3.0,0.885,30.24,0.087,1,1.07774
Car,21.318,5,5.0,0.528,26.98,0.825,0,0.92113
Car,12.924,3,3.0,0.72,30.75,0.905,1,0.99443
Motorcycle,15.502,1,126.88,0.559,23.37,0.138,0,1.80514
Walking,19.393,1,120.41,0.743,18.12,0.629,1,0.01005
Metro,6.031,1,121.82,0.922,22.68,0.317,1,0.23932
Car,8.47,1,1.0,0.712,10.68,0.684,0,1.95994
Metro,4.052,1,122.63,0.56,37.1,0.032,0,0.15048
Walking,16.326,1,128.38,0.194,16.02,0.142,0,0.00155
Bus,12.373,1,27.49,0.634,18.09,0.046,1,0.76988
Car,18.586,3,3.0,0.988,38.07,0.51,0,1.45079
Walking,23.073,1,127.42,0.633,34.84,0.007,1,0.0
Bus,5.436,1,19.95,0.61,25.72,0.339,1,0.48896
Car,18.899,3,3.0,0.23,23.41,0.732,0,1.24085
Metro,35.226,1,122.27,0.451,21.62,0.153,0,1.43531
Bicycle,10.689,1,111.21,0.572,22.09,0.548,0,0.0
Car,19.537,3,3.0,0.17,22.4,0.362,0,1.24226
Walking,5.402,1,118.96,0.727,38.09,0.542,0,0.00231
Bus,10.16,1,20.24,0.623,18.33,0.224,0,0.94569
Metro,16.995,1,141.15,0.007,10.07,0.103,0,0.54266
Walking,8.2,1,123.11,0.279,10.05,0.081,1,0.01818
Bicycle,0.684,1,134.8,0.639,19.14,0.133,1,0.0
Walking,5.918,1,112.93,0.256,31.0,0.491,1,0.0
Car,23.3,2,2.0,0.322,19.85,0.161,0,2.39804
Walking,4.693,1,110.2,0.366,37.9,0.933,0,0.01439
Motorcycle,13.595,1,110.63,0.597,31.44,0.691,1,1.69012
Metro,22.396,1,115.13,0.543,29.24,0.371,1,0.94408
Metro,1.86,1,119.02,0.125,14.1,0.882,0,0.07749
Bus,8.692,1,24.3,0.231,13.1,0.08,0,0.59603
Metro,17.979,1,111.33,0.518,38.23,0.465,1,0.84628
Motorcycle,9.065,1,114.83,0.613,22.46,0.982,0,1.08192
Metro,15.499,1,122.4,0.283,20.58,0.161,0,0.62277
Motorcycle,9.831,1,114.77,0.929,34.36,0.962,1,1.27638
Motorcycle,13.771,1,124.92,0.068,20.78,0.773,1,1.59914
Walking,13.99,1,120.87,0.842,39.85,0.808,1,0.00034
Bicycle,26.64,1,113.25,0.205,23.23,0.132,1,0.0
Walking,4.833,1,114.44,0.254,38.75,0.871,1,0.0
Bus,2.813,1,11.95,0.485,14.39,0.225,1,0.409
Motorcycle,33.319,1,106.18,0.552,27.86,0.711,0,4.03303
Motorcycle,6.074,1,118.55,0.763,39.15,0.18,0,0.7267
Bicycle,4.479,1,113.33,0.676,17.95,0.125,1,0.02
Walking,5.852,1,130.11,0.804,36.22,0.856,1,0.0
Metro,5.241,1,118.83,0.392,16.34,0.297,0,0.2226
Motorcycle,9.974,1,122.25,0.655,28.6,0.071,1,1.15745
Bus,9.149,1,23.84,0.936,31.68,0.535,1,0.71615
Motorcycle,3.357,1,111.76,0.327,31.75,0.986,0,0.38885
Walking,11.053,1,122.09,0.947,28.51,0.517,0,0.01266
Bus,10.302,1,8.1,0.832,25.15,0.988,1,2.65716
Metro,7.472,1,131.6,0.194,26.3,0.868,1,0.29405
Motorcycle,6.216,1,113.62,0.027,35.79,0.574,1,0.65788
Bus,4.592,1,13.62,0.695,11.69,0.447,1,0.58943
Metro,14.448,1,115.41,0.099,12.48,0.233,1,0.63999
Motorcycle,8.141,1,114.55,0.95,17.64,0.184,0,1.04032
Metro,17.346,1,136.47,0.872,19.47,0.066,0,0.61109
Motorcycle,21.689,1,117.67,0.778,28.07,0.812,1,2.65425
Walking,11.588,1,134.99,0.73,19.94,0.648,1,0.01038
Walking,7.613,1,116.54,0.154,24.66,0.76,0,0.0
Bus,21.999,1,21.11,0.905,35.29,0.098,0,2.01911
Car,14.101,1,1.0,0.578,17.07,0.394,1,3.10565
Car,28.577,4,4.0,0.144,14.12,0.979,0,1.47351
Walking,7.747,1,133.16,0.375,17.29,0.76,1,0.0
Walking,10.1,1,126.6,0.688,39.39,0.453,1,0.0
Metro,4.096,1,110.19,0.265,25.07,0.162,1,0.17039
Car,12.073,5,5.0,0.504,16.42,0.918,1,0.51715
Walking,7.189,1,126.56,0.838,17.15,0.267,1,0.0057
Motorcycle,3.393,1,119.8,0.776,38.3,0.151,1,0.39812
Metro,12.463,1,120.1,0.063,36.76,0.014,0,0.54208
Bus,7.114,1,15.92,0.338,17.79,0.654,1,0.82243
Bicycle,7.587,1,125.99,0.653,23.87,0.838,0,0.00175
Car,31.74,1,1.0,0.245,27.6,0.616,0,6.98358
Bus,20.801,1,25.61,0.204,36.96,0.082,0,1.37743
Walking,8.037,1,123.43,0.787,19.82,0.022,1,0.00454
Car,11.429,1,1.0,0.446,25.67,0.211,0,2.39643
Bus,9.288,1,16.1,0.551,11.01,0.788,0,1.11736
Car,23.665,1,1.0,0.836,25.2,0.431,1,5.38344
Metro,8.114,1,111.74,0.91,22.34,0.236,0,0.36777
Motorcycle,15.419,1,118.48,0.803,27.69,0.356,1,1.88315
Bicycle,14.389,1,113.87,0.994,18.57,0.011,0,0.0
Bus,9.73,1,16.04,0.341,36.65,0.243,0,1.12141
Bicycle,6.671,1,123.89,0.081,26.21,0.291,0,0.00722
Walking,8.842,1,110.93,0.155,12.24,0.15,0,0.0
Bus,13.113,1,13.37,0.557,23.48,0.556,0,1.88354
Motorcycle,5.821,1,123.54,0.81,36.37,0.172,1,0.7187
Walking,5.092,1,106.49,0.463,12.47,0.973,1,0.00614
Walking,8.86,1,110.49,0.798,10.6,0.581,0,0.0
Bus,7.93,1,19.35,0.719,31.28,0.748,1,0.75835
Car,9.568,3,3.0,0.962,35.52,0.097,1,0.7599
Bicycle,14.712,1,128.92,0.523,35.07,0.397,1,0.0
Metro,16.755,1,126.43,0.017,32.05,0.423,0,0.63773
Motorcycle,12.665,1,114.69,0.285,39.1,0.775,1,1.40302
Metro,3.747,1,117.77,0.525,29.6,0.888,0,0.15952
Motorcycle,6.501,1,114.93,0.588,21.67,0.244,0,0.73045
Metro,3.181,1,123.34,0.518,30.2,0.943,1,0.14084
Motorcycle,29.358,1,126.14,0.509,13.83,0.931,1,3.51124
Motorcycle,6.381,1,113.43,0.655,29.81,0.201,0,0.76548
Bus,2.688,1,25.01,0.675,23.28,0.989,1,0.21662
Bus,8.749,1,19.28,0.027,39.34,0.417,1,0.72937
Bicycle,7.605,1,125.19,0.682,23.41,0.959,1,0.00411
Metro,21.698,1,125.4,0.245,16.73,0.044,1,0.88372
Car,13.447,3,3.0,0.979,13.27,0.171,0,1.02507
Metro,16.996,1,124.6,0.02,34.33,0.356,0,0.69883
Walking,7.59,1,128.01,0.0,11.35,0.86,1,0.0
Metro,6.601,1,122.39,0.963,12.65,0.408,0,0.2467
Car,15.959,4,4.0,0.873,23.23,0.553,1,0.9246
Walking,10.322,1,127.77,0.761,24.03,0.412,1,0.00459
Car,17.878,1,1.0,0.66,12.05,0.163,1,3.71592
Motorcycle,15.729,1,139.16,0.886,21.1,0.223,0,1.9922
Car,18.084,5,5.0,0.104,14.4,0.314,1,0.71861
Walking,16.319,1,115.07,0.316,25.34,0.724,1,0.0
Car,31.636,5,5.0,0.991,18.95,0.559,0,1.43597
Bicycle,5.623,1,129.79,0.064,35.6,0.85,1,0.0
Bicycle,6.192,1,124.78,0.293,22.48,0.506,1,0.0
Metro,8.474,1,127.29,0.717,13.85,0.326,1,0.32595
Motorcycle,19.821,1,119.69,0.361,30.94,0.527,1,2.30178
Motorcycle,19.633,1,106.07,0.917,21.4,0.886,0,2.57976
Bus,15.311,1,4.16,0.31,14.15,0.041,0,6.17313
Motorcycle,19.218,1,128.45,0.912,34.7,0.775,1,2.49488
Motorcycle,12.408,1,127.75,0.22,22.89,0.214,0,1.42023
Car,8.229,4,4.0,0.317,26.58,0.643,1,0.45575
Metro,3.391,1,112.55,0.108,15.47,0.569,1,0.14684
Motorcycle,2.686,1,113.17,0.81,19.9,0.323,1,0.3309
Bus,12.173,1,19.43,0.279,20.54,0.194,1,1.04909
Bicycle,10.173,1,105.51,0.385,14.0,0.47,1,0.0
Walking,4.887,1,125.05,0.907,21.87,0.614,1,0.0
Walking,14.748,1,128.68,0.06,23.14,0.132,0,0.00161
Walking,11.508,1,120.26,0.578,13.18,0.155,0,0.0
Bicycle,8.614,1,116.24,0.876,31.23,0.763,0,0.0
Car,10.373,4,4.0,0.091,14.72,0.989,1,0.53743
Car,5.595,2,2.0,0.453,15.81,0.924,1,0.64513
Walking,10.686,1,131.59,0.921,34.0,0.027,0,0.0
Motorcycle,34.016,1,110.47,0.146,28.98,0.149,0,3.48427
Motorcycle,20.527,1,116.7,0.762,27.34,0.311,1,2.47715
Metro,5.32,1,119.66,0.007,31.05,0.011,1,0.22546
Bicycle,17.243,1,120.46,0.369,17.63,0.411,1,0.0
Car,6.839,1,1.0,0.344,27.12,0.452,1,1.49427
Motorcycle,13.722,1,125.33,0.971,15.59,0.387,0,1.77205
Walking,10.983,1,112.5,0.542,31.88,0.808,0,0.0
Bus,15.189,1,16.06,0.898,22.13,0.718,0,1.92271
Metro,2.779,1,117.78,0.248,27.96,0.959,1,0.11126
Motorcycle,3.943,1,132.19,0.481,20.78,0.46,1,0.4831
Motorcycle,14.099,1,123.89,0.368,16.06,0.429,0,1.57189
Motorcycle,8.357,1,124.07,0.752,35.28,0.305,1,0.96926
Motorcycle,13.319,1,109.23,0.217,18.16,0.166,1,1.51652
Metro,6.133,1,126.39,0.416,18.47,0.8,1,0.22808
Bicycle,1.414,1,119.35,0.379,13.69,0.815,0,0.00136
Metro,23.118,1,135.14,0.481,36.85,0.529,1,0.86709
Car,3.678,2,2.0,0.447,17.52,0.11,0,0.3841
Walking,9.7,1,124.71,0.578,20.9,0.918,0,0.00335
Motorcycle,20.696,1,118.37,0.623,27.54,0.721,0,2.49072
Motorcycle,21.315,1,119.46,0.097,28.93,0.119,0,2.2907
Metro,8.059,1,120.5,0.648,14.89,0.333,1,0.33154
Car,3.4,2,2.0,0.11,29.16,0.201,1,0.32378
Walking,9.093,1,131.66,0.486,39.3,0.8,0,0.00608
Car,14.712,1,1.0,0.986,11.15,0.919,1,3.37787
Bicycle,8.35,1,124.04,0.224,34.88,0.851,1,0.00154
Metro,11.271,1,113.09,0.446,19.39,0.926,1,0.48764
Motorcycle,8.489,1,120.93,0.452,23.03,0.492,1,0.98655
Metro,15.822,1,121.55,0.732,29.85,0.394,1,0.6515
Metro,12.648,1,132.22,0.632,31.65,0.218,1,0.46732
Motorcycle,7.481,1,128.73,0.599,33.52,0.149,0,0.84219
Motorcycle,16.177,1,116.47,0.859,22.39,0.833,1,2.06658
Bicycle,14.496,1,123.45,0.321,33.14,0.713,0,0.00812
Metro,2.023,1,129.86,0.914,26.2,0.055,1,0.06142
Bicycle,8.706,1,118.2,0.757,34.93,0.752,1,0.00114
Walking,1.57,1,120.86,0.892,17.16,0.678,0,0.00271
Bus,26.448,1,7.7,0.719,24.1,0.764,0,6.64699
Walking,6.497,1,130.81,0.766,16.42,0.799,0,0.00319
Car,6.797,4,4.0,0.107,25.03,0.466,0,0.34251
Walking,6.109,1,130.93,0.412,27.25,0.037,1,0.00341
Metro,16.006,1,115.75,0.907,18.72,0.691,0,0.69146
Car,15.204,1,1.0,0.489,16.28,0.256,0,3.22873
Motorcycle,5.769,1,95.34,0.124,39.55,0.824,0,0.64535
Bus,9.299,1,17.3,0.392,29.84,0.785,1,0.93725
Motorcycle,13.256,1,110.58,0.928,26.9,0.011,0,1.68328
Bicycle,9.148,1,105.56,0.465,23.18,0.386,1,0.0
Bus,9.706,1,2.0,0.185,13.58,0.708,1,8.33422
Walking,22.569,1,130.55,0.55,37.65,0.013,0,0.00899
Walking,9.223,1,136.93,0.796,18.55,0.575,1,0.00183
Bus,9.881,1,16.3,0.537,32.47,0.484,0,1.10517
Motorcycle,18.181,1,111.41,0.42,16.6,0.136,1,2.13303
Bicycle,12.483,1,114.46,0.885,12.16,0.237,0,0.00967
Motorcycle,13.322,1,113.68,0.844,19.26,0.518,1,1.53458
Car,24.48,3,3.0,0.851,32.54,0.786,0,1.86614
Walking,2.299,1,118.97,0.05,16.58,0.788,0,0.0
Bus,16.193,1,15.78,0.462,19.35,0.219,1,1.84417
Metro,30.022,1,130.89,0.223,15.02,0.527,0,1.13482
Car,9.559,3,3.0,0.063,17.19,0.758,1,0.65611
Bus,24.716,1,23.99,0.14,30.98,0.183,1,1.67617
Metro,15.123,1,112.81,0.224,10.75,0.758,0,0.64137
Bicycle,6.263,1,124.19,0.569,13.4,0.108,1,0.0
Bicycle,13.964,1,121.86,0.416,21.75,0.965,0,0.0
Car,6.396,2,2.0,0.789,18.72,0.799,1,0.76877
Bus,23.199,1,20.55,0.134,21.64,0.683,0,1.86172
Walking,13.078,1,128.08,0.253,35.81,0.358,1,0.01797
Car,5.83,2,2.0,0.232,18.96,0.26,1,0.6026
Bus,22.85,1,15.1,0.274,21.72,0.905,1,2.60697
Bicycle,7.039,1,123.98,0.295,24.65,0.737,1,0.02525
Car,10.844,3,3.0,0.349,22.29,0.423,0,0.77509
Metro,6.211,1,121.33,0.28,10.16,0.609,0,0.2681
Bicycle,6.819,1,116.92,0.432,39.73,0.588,0,0.0
Motorcycle,2.296,1,117.48,0.559,22.27,0.811,0,0.27703
Metro,44.846,1,110.12,0.972,13.85,0.336,1,1.92503
Car,18.262,5,5.0,0.95,22.99,0.344,0,0.86509
Walking,8.836,1,104.54,0.486,27.79,0.903,0,0.00398
Bicycle,3.648,1,113.47,0.977,18.56,0.873,0,0.01263
Metro,13.625,1,108.91,0.208,10.21,0.327,0,0.65068
Walking,28.153,1,122.63,0.575,30.15,0.113,1,0.0
Car,5.462,3,3.0,0.345,39.04,0.025,0,0.36911
Car,7.992,3,3.0,0.029,35.41,0.527,0,0.54384
Car,11.586,5,5.0,0.673,29.44,0.969,0,0.51808
Bus,2.66,1,18.17,0.413,12.7,0.127,1,0.25052
Bicycle,19.693,1,120.06,0.119,23.51,0.241,1,0.00219
Car,6.699,3,3.0,0.029,10.85,0.624,1,0.43301
Car,1.776,4,4.0,0.952,35.8,0.247,0,0.11935
Car,22.842,1,1.0,0.83,17.44,0.11,0,5.27192
Motorcycle,11.135,1,117.2,0.553,12.72,0.348,0,1.22786
Bus,27.068,1,22.66,0.433,21.77,0.716,1,2.15657
Car,8.395,3,3.0,0.075,33.44,0.98,0,0.59017
Walking,9.871,1,119.45,0.38,35.18,0.771,0,0.01023
Metro,6.467,1,125.01,0.839,33.86,0.555,0,0.25161
Metro,25.736,1,111.99,0.144,16.4,0.219,0,1.15313
Car,10.982,2,2.0,0.357,24.42,0.731,0,1.1942
Motorcycle,7.873,1,124.0,0.586,33.54,0.047,1,0.8789
Bus,16.151,1,21.79,0.919,21.25,0.521,1,1.39079
Bus,8.716,1,23.06,0.397,35.52,0.447,0,0.67394
Metro,34.017,1,115.59,0.001,13.28,0.818,0,1.43605
Bus,8.699,1,14.65,0.53,13.53,0.372,0,1.0082
Bus,27.745,1,20.95,0.227,18.65,0.152,0,2.19048
Bicycle,13.919,1,122.89,0.943,14.16,0.599,0,0.00603
Metro,16.818,1,121.68,0.235,14.32,0.63,1,0.67705
Walking,30.37,1,110.6,0.186,14.45,0.63,1,0.0
Car,6.923,1,1.0,0.45,16.93,0.838,0,1.45977
Metro,12.058,1,107.5,0.057,13.94,0.248,0,0.56339
Metro,4.688,1,130.6,0.904,13.27,0.802,1,0.18728
Motorcycle,5.081,1,103.79,0.24,13.8,0.64,0,0.56992
Motorcycle,11.826,1,113.63,0.711,38.8,0.606,0,1.42585
Walking,17.185,1,115.82,0.237,39.04,0.897,1,0.0
Bus,10.99,1,23.88,0.901,13.19,0.557,0,0.92526
Walking,6.293,1,116.54,0.151,25.52,0.649,1,0.0
Bicycle,19.658,1,112.8,0.547,11.9,0.078,0,0.0
Bus,15.121,1,6.82,0.771,27.57,0.249,0,4.20598
Bicycle,0.66,1,134.12,0.92,28.15,0.653,0,0.0
Car,2.1,1,1.0,0.675,15.0,0.78,1,0.44919
Metro,12.588,1,130.07,0.427,29.8,0.069,1,0.46572
Bus,3.682,1,14.83,0.803,25.05,0.712,1,0.49218
Motorcycle,8.397,1,110.15,0.552,23.85,0.315,0,0.96452
Walking,4.076,1,104.31,0.319,29.42,0.994,1,0.00057
Motorcycle,13.233,1,114.6,0.127,17.26,0.859,1,1.47908
Motorcycle,10.973,1,128.09,0.353,34.39,0.099,1,1.21433
Metro,19.116,1,122.07,0.967,33.91,0.267,1,0.79213
Metro,15.058,1,109.98,0.628,23.55,0.091,0,0.69926
Bicycle,6.16,1,120.22,0.181,30.28,0.968,0,0.0
Motorcycle,8.397,1,122.8,0.435,20.4,0.792,0,1.03101
Car,18.505,2,2.0,0.648,25.81,0.779,1,2.16134
Car,6.943,3,3.0,0.691,19.42,0.434,0,0.52232
Bicycle,15.565,1,120.28,0.384,18.67,0.9,0,0.0
Bus,7.308,1,22.81,0.394,30.76,0.619,1,0.59093
Walking,3.595,1,118.03,0.717,21.56,0.879,0,0.0
Bus,6.886,1,23.18,0.292,20.11,0.523,0,0.49643
Metro,14.813,1,106.45,0.008,38.25,0.335,1,0.66826
Bicycle,31.351,1,112.58,0.932,18.95,0.621,0,0.0
Motorcycle,3.553,1,101.48,0.877,30.37,0.252,0,0.44657
Metro,26.082,1,118.26,0.925,17.1,0.367,1,1.07259
Car,5.179,4,4.0,0.566,39.07,0.465,0,0.30258
Metro,12.646,1,127.71,0.739,14.96,0.55,1,0.49149
Bicycle,14.729,1,117.73,0.784,11.19,0.542,1,0.0
Car,7.518,1,1.0,0.567,25.19,0.213,0,1.57196
Car,14.485,4,4.0,0.21,14.14,0.783,0,0.7655
Motorcycle,11.005,1,127.2,0.855,26.7,0.024,0,1.38088
Car,8.623,4,4.0,0.514,19.89,0.22,0,0.44991
Motorcycle,16.14,1,127.82,0.464,31.73,0.753,1,1.85685
Motorcycle,5.905,1,112.36,0.334,21.88,0.791,0,0.67357
Metro,15.325,1,134.31,0.334,37.35,0.509,0,0.55084
Metro,18.658,1,116.91,0.315,21.01,0.834,1,0.76312
Bicycle,7.308,1,123.06,0.222,19.72,0.228,0,0.0
Walking,40.551,1,122.03,0.005,30.37,0.15,0,0.0
Bus,3.234,1,11.55,0.778,20.0,0.563,0,0.51595
Car,7.923,1,1.0,0.363,22.05,0.438,1,1.63429
Walking,13.396,1,129.84,0.948,26.58,0.122,0,0.0
Bus,23.797,1,11.71,0.163,11.51,0.034,0,3.36732
Car,7.818,2,2.0,0.024,18.48,0.026,0,0.73494
Walking,1.082,1,121.48,0.736,39.92,0.266,0,0.01232
Bicycle,6.834,1,115.14,0.657,25.62,0.611,0,0.00081
Bicycle,16.915,1,109.33,0.065,33.37,0.875,1,0.0
Metro,8.272,1,131.52,0.879,17.51,0.434,0,0.30403
Walking,15.119,1,131.31,0.66,38.35,0.122,1,0.00739
Walking,11.154,1,118.58,0.346,16.45,0.983,1,0.0
Motorcycle,14.872,1,112.09,0.359,36.88,0.231,0,1.6974
Walking,13.517,1,120.26,0.337,16.57,0.905,1,0.0
Car,24.785,2,2.0,0.744,35.15,0.129,1,2.85575
Metro,11.427,1,112.43,0.365,15.81,0.079,1,0.52534
Walking,7.655,1,116.62,0.358,29.3,0.853,0,0.00702
Walking,11.86,1,127.29,0.646,22.0,0.196,0,0.013
Walking,6.034,1,119.46,0.008,16.5,0.442,0,0.0
Car,5.924,1,1.0,0.016,11.11,0.397,0,1.10856
Car,5.085,4,4.0,0.972,23.42,0.576,0,0.3017
Motorcycle,13.558,1,110.42,0.894,10.14,0.277,0,1.59716
Metro,23.33,1,110.86,0.711,17.56,0.009,1,0.9768
Bicycle,22.69,1,130.49,0.144,18.62,0.323,0,0.00619
Metro,21.934,1,105.17,0.807,14.78,0.359,1,1.01444
Bicycle,14.844,1,120.42,0.092,21.87,0.071,1,0.00271
Bicycle,1.252,1,120.12,0.218,13.24,0.334,1,0.0
Bus,11.123,1,28.63,0.26,32.3,0.891,1,0.68778
Motorcycle,12.601,1,115.61,0.692,23.87,0.51,0,1.55871
Bus,20.985,1,27.09,0.628,23.46,0.204,1,1.43754
Metro,9.835,1,120.1,0.089,18.57,0.773,1,0.41278
Walking,1.493,1,125.72,0.387,18.97,0.291,0,0.0
Bus,4.154,1,10.22,0.567,14.4,0.915,1,0.69947
Motorcycle,4.864,1,128.86,0.442,11.08,0.928,1,0.59783
Metro,4.784,1,131.97,0.657,34.24,0.776,0,0.17254
Metro,17.254,1,121.49,0.163,10.0,0.851,0,0.72036
Bicycle,1.1,1,114.96,0.927,16.47,0.826,1,0.0
Walking,25.487,1,130.87,0.707,18.8,0.949,0,0.0
Motorcycle,21.003,1,116.07,0.302,19.16,0.293,0,2.2472
Walking,5.583,1,117.01,0.982,23.5,0.225,1,0.00066
Bicycle,12.896,1,131.36,0.029,11.04,0.379,0,0.0005
Bicycle,8.45,1,117.11,0.076,17.37,0.503,1,0.0
Bicycle,14.984,1,114.94,0.461,11.31,0.737,1,0.00522
Bicycle,11.981,1,119.64,0.972,23.96,0.785,1,0.00955
Metro,24.937,1,101.36,0.943,13.86,0.349,1,1.19332
Bus,17.408,1,11.59,0.94,28.42,0.593,0,2.87072
Motorcycle,11.534,1,115.13,0.958,12.68,0.596,1,1.46845
Bus,13.471,1,8.81,0.574,26.88,0.578,0,2.87786
Bicycle,14.102,1,121.38,0.213,17.43,0.805,0,0.0
Motorcycle,12.319,1,117.6,0.53,36.84,0.876,0,1.49331
Walking,1.701,1,113.74,0.533,21.26,0.727,0,0.0
Bus,20.693,1,20.99,0.349,17.63,0.362,1,1.7259
Bicycle,16.552,1,112.22,0.005,25.86,0.551,1,0.00968
Walking,2.234,1,111.7,0.111,22.61,0.4,0,0.0212
Car,10.501,4,4.0,0.798,21.63,0.426,1,0.58884
Car,3.275,4,4.0,0.125,19.08,0.989,1,0.17619
Metro,16.726,1,109.89,0.808,33.86,0.58,1,0.7397
Bicycle,24.259,1,108.4,0.054,24.78,0.265,1,0.01176
Walking,5.165,1,115.93,0.669,30.69,0.455,1,0.0
Bus,9.504,1,15.29,0.944,25.62,0.533,0,1.21927
Walking,11.304,1,128.94,0.28,17.76,0.161,1,0.02371
Car,4.253,5,5.0,0.206,13.21,0.878,1,0.18333
Walking,4.675,1,115.51,0.419,31.56,0.084,1,0.01254
Motorcycle,6.536,1,134.53,0.206,36.07,0.285,1,0.69366
Metro,9.407,1,117.96,0.149,15.99,0.587,1,0.39075
Bus,8.522,1,11.32,0.137,10.04,0.32,0,1.24723
Car,16.835,1,1.0,0.926,27.13,0.845,0,4.32091
Walking,11.737,1,107.66,0.999,33.09,0.413,1,0.0
Motorcycle,13.373,1,111.82,0.116,17.27,0.519,1,1.43235
Bus,14.591,1,17.2,0.25,19.02,0.781,0,1.48117
Walking,19.95,1,120.76,0.619,38.67,0.855,0,0.02073
Bus,24.657,1,29.55,0.089,11.64,0.069,1,1.36364
Bicycle,11.783,1,116.59,0.326,11.3,0.054,0,0.00613
Motorcycle,3.826,1,127.07,0.355,24.24,0.832,1,0.44843
Metro,9.96,1,120.11,0.355,37.64,0.656,0,0.40506
Walking,16.791,1,121.29,0.672,39.01,0.311,0,0.0006
Bus,2.956,1,25.73,0.777,21.92,0.583,1,0.23796
Walking,23.596,1,124.41,0.215,39.98,0.704,1,0.0
Car,11.562,3,3.0,0.822,33.94,0.216,0,0.86193
Car,18.041,5,5.0,0.065,27.12,0.532,0,0.76824
Walking,12.771,1,131.34,0.034,27.56,0.193,0,0.00239
Metro,22.678,1,115.75,0.396,37.62,0.925,1,0.93013
Bus,6.879,1,2.0,0.425,23.84,0.256,1,5.85795
Bicycle,23.485,1,120.32,0.018,11.36,0.743,0,0.0
Bus,8.606,1,22.57,0.653,19.21,0.44,0,0.65516
Bus,3.426,1,15.52,0.277,25.19,0.134,0,0.39246
Bicycle,5.081,1,122.24,0.751,39.05,0.806,1,0.0135
Bicycle,10.728,1,120.18,0.976,33.85,0.733,1,0.0
Metro,15.419,1,126.18,0.459,38.72,0.592,0,0.60759
Bus,5.093,1,15.25,0.268,22.2,0.998,0,0.58343
Walking,9.122,1,103.69,0.221,13.23,0.808,1,0.0
Metro,8.468,1,125.42,0.362,29.35,0.287,0,0.33227
Metro,11.984,1,117.34,0.191,19.01,0.956,1,0.48214
Walking,13.693,1,109.11,0.8,26.44,0.129,0,0.01249
Walking,8.521,1,125.11,0.327,37.5,0.83,1,0.00707
Metro,15.633,1,134.21,0.006,31.68,0.281,0,0.53868
Bicycle,4.995,1,120.84,0.946,31.65,0.596,0,0.0092
Bicycle,22.494,1,110.22,0.213,18.02,0.96,1,0.00435
Bicycle,14.738,1,101.31,0.666,25.66,0.404,1,0.0
Metro,16.183,1,125.53,0.599,28.72,0.382,0,0.62659
Metro,4.053,1,122.59,0.924,10.05,0.048,0,0.15902
Car,12.742,4,4.0,0.715,36.12,0.314,1,0.71712
Metro,7.382,1,121.71,0.804,24.31,0.232,1,0.28841
Car,8.699,5,5.0,0.399,10.09,0.365,0,0.36178
Car,12.311,2,2.0,0.579,35.31,0.166,0,1.3008
Metro,14.217,1,119.69,0.152,15.83,0.716,1,0.53901
Walking,7.657,1,111.72,0.28,31.86,0.842,1,0.0
Car,8.692,1,1.0,0.812,30.46,0.968,0,2.11776
Motorcycle,14.069,1,112.26,0.178,34.1,0.935,1,1.52946
Walking,14.247,1,113.65,0.78,30.91,0.017,1,0.0
Bus,5.05,1,3.85,0.021,28.09,0.992,1,2.1831
Bicycle,27.032,1,127.23,0.282,24.87,0.939,1,0.00874
Bicycle,27.474,1,100.23,0.328,33.73,0.843,1,0.01191
Motorcycle,18.627,1,122.69,0.416,12.09,0.022,1,1.99928
Walking,7.789,1,119.57,0.196,12.45,0.102,1,0.02044
Car,27.509,5,5.0,0.076,30.48,0.696,1,1.1375
Walking,9.732,1,115.71,0.915,30.26,0.464,1,0.0
Metro,3.189,1,112.47,0.297,23.3,0.859,0,0.13108
Metro,1.523,1,109.74,0.312,17.61,0.46,0,0.05672
Bus,8.607,1,12.5,0.14,19.76,0.851,0,1.1437
Metro,8.948,1,130.99,0.202,21.06,0.507,1,0.34899
Metro,6.67,1,111.99,0.433,30.5,0.785,1,0.29571
Bus,11.146,1,12.62,0.578,16.67,0.464,0,1.6659
Bicycle,7.36,1,118.63,0.665,28.65,0.309,0,0.0
Car,7.725,2,2.0,0.129,31.9,0.854,1,0.80561
Bus,1.012,1,9.13,0.195,11.93,0.846,0,0.19318
Bicycle,6.147,1,122.28,0.165,39.67,0.468,1,0.01286
Walking,5.394,1,124.56,0.835,38.24,0.374,1,0.0
Metro,6.096,1,125.74,0.265,30.52,0.261,1,0.22385
Metro,4.028,1,127.09,0.877,36.65,0.622,1,0.14232
Bicycle,7.052,1,110.08,0.78,10.38,0.409,1,0.0
Bus,33.329,1,4.67,0.197,37.75,0.837,0,12.71344
Motorcycle,5.731,1,127.04,0.026,25.31,0.013,1,0.60368
Bicycle,23.267,1,104.07,0.413,10.19,0.659,1,0.01171
Walking,1.566,1,120.15,0.541,18.65,0.225,1,0.00383
Walking,23.927,1,126.44,0.751,26.44,0.475,1,0.00414
Bicycle,9.693,1,126.62,0.784,31.22,0.922,0,0.0
Bicycle,18.693,1,112.09,0.384,17.96,0.42,0,0.00365
Metro,4.787,1,121.04,0.987,10.43,0.351,0,0.21761
Car,12.248,1,1.0,0.923,21.89,0.959,1,2.74846
Metro,7.236,1,114.39,0.436,11.58,0.624,0,0.31446
Car,3.028,2,2.0,0.17,11.73,0.387,1,0.31401
Motorcycle,7.724,1,114.9,0.506,10.94,0.021,0,0.89927
Motorcycle,1.709,1,126.38,0.865,39.16,0.3,1,0.21959
Motorcycle,31.65,1,117.58,0.064,33.89,0.453,0,3.54386
Motorcycle,4.405,1,118.39,0.325,15.17,0.856,0,0.50798
Car,4.406,3,3.0,0.655,19.26,0.505,1,0.32862
Metro,23.824,1,118.27,0.974,30.49,0.931,1,0.93964
Bicycle,18.258,1,138.67,0.491,33.21,0.236,1,0.0
Walking,30.082,1,121.46,0.145,22.83,0.53,1,0.00827
Walking,2.723,1,126.2,0.835,38.73,0.564,0,0.00606
Walking,10.053,1,117.79,0.771,15.99,0.858,1,0.01675
Bus,4.963,1,19.24,0.876,10.97,0.183,0,0.48745
Bicycle,13.79,1,115.45,0.259,15.28,0.826,0,0.0
Walking,6.936,1,113.07,0.687,11.44,0.206,1,0.00553
Motorcycle,4.473,1,113.47,0.719,26.35,0.455,1,0.54378
Walking,4.064,1,128.39,0.516,38.3,0.741,0,0.00582
Walking,16.279,1,125.47,0.323,15.13,0.312,0,0.01279
Bicycle,16.921,1,133.08,0.176,26.32,0.016,1,0.0086
Metro,7.283,1,113.41,0.558,38.61,0.983,0,0.31972
Metro,6.46,1,119.8,0.598,11.25,0.941,1,0.26851
Car,4.18,1,1.0,0.262,17.81,0.082,0,0.85696
Bus,3.33,1,4.04,0.498,28.92,0.389,0,1.55181
Bicycle,5.76,1,111.89,0.03,24.74,0.042,1,0.00493
Bicycle,2.715,1,116.42,0.978,29.25,0.883,1,0.0
Metro,2.12,1,131.03,0.719,26.52,0.589,0,0.08393
Walking,13.429,1,111.8,0.887,14.73,0.456,0,0.0
Walking,11.754,1,113.8,0.973,29.03,0.32,1,0.0
Bicycle,25.986,1,125.36,0.567,13.28,0.18,0,0.01983
Walking,8.92,1,140.15,0.89,15.14,0.771,0,0.00114
Walking,6.177,1,128.07,0.852,18.97,0.979,1,0.0
Walking,12.406,1,112.47,0.83,38.3,0.38,0,0.0
Bicycle,22.38,1,122.71,0.631,17.47,0.157,1,0.0
Bicycle,33.84,1,131.87,0.409,16.74,0.652,1,0.0021
Metro,17.114,1,134.13,0.989,24.21,0.152,1,0.65402
Bus,3.572,1,15.41,0.258,24.05,0.087,1,0.40768
Bicycle,8.42,1,118.94,0.93,38.09,0.403,1,0.00224
Bus,2.02,1,17.94,0.547,39.78,0.272,0,0.20479
Metro,35.708,1,114.45,0.834,10.57,0.642,0,1.48826
Bus,8.385,1,23.02,0.682,23.75,0.9,1,0.7254
Walking,27.135,1,127.67,0.835,13.72,0.034,0,0.0
Bus,12.1,1,7.98,0.972,30.85,0.445,0,2.90614
Bus,21.79,1,18.94,0.409,28.24,0.194,1,1.94013
Walking,37.417,1,116.17,0.736,30.85,0.65,1,0.0
Bus,14.93,1,28.17,0.644,29.75,0.274,0,1.03106
Bicycle,8.723,1,118.86,0.027,29.01,0.175,0,0.0
Bicycle,13.288,1,120.78,0.018,10.2,0.772,1,0.00314
Motorcycle,16.996,1,110.19,0.522,14.79,0.372,1,1.96932
Walking,1.492,1,129.81,0.673,33.61,0.759,1,0.00129
Walking,10.686,1,123.18,0.344,13.68,0.963,0,0.02187
Motorcycle,9.634,1,110.08,0.864,29.54,0.043,0,1.15039
Bus,4.108,1,16.34,0.733,29.68,0.844,1,0.49058
Metro,4.878,1,101.98,0.336,16.44,0.867,1,0.23889
Walking,33.505,1,111.63,0.317,39.19,0.61,1,0.0
Bicycle,11.293,1,118.13,0.042,18.04,0.174,1,0.00469
Bus,5.358,1,28.24,0.048,15.17,0.819,1,0.32232
Metro,5.065,1,112.49,0.427,13.77,0.245,1,0.22572
Walking,25.14,1,130.86,0.28,11.97,0.32,1,0.00503
Bicycle,18.119,1,116.89,0.63,27.06,0.064,0,0.0
Motorcycle,8.476,1,145.94,0.643,13.43,0.381,0,1.01188
Metro,10.161,1,117.63,0.328,15.57,0.671,0,0.43497
Walking,3.627,1,127.47,0.212,12.8,0.067,1,0.0
Bus,25.546,1,15.23,0.801,17.84,0.486,0,3.34122
Bicycle,23.256,1,104.54,0.529,31.42,0.331,0,0.01226
Walking,5.984,1,117.78,0.759,36.32,0.615,1,0.00614
Motorcycle,27.154,1,112.16,0.36,32.62,0.214,1,3.10883
Walking,5.889,1,133.49,0.032,29.08,0.154,0,0.0
Metro,8.995,1,108.01,0.89,12.27,0.239,0,0.4124
Car,25.847,3,3.0,0.126,24.78,0.834,0,1.71649
Bicycle,3.529,1,126.89,0.48,13.54,0.969,1,0.0
Walking,11.185,1,114.93,0.692,31.87,0.614,1,0.0
Car,9.152,2,2.0,0.811,38.92,0.517,0,1.07754
Walking,5.319,1,115.55,0.334,39.21,0.747,1,0.00919
Motorcycle,1.446,1,114.07,0.811,39.29,0.207,0,0.17105
Car,8.694,3,3.0,0.579,27.37,0.962,0,0.68907
Bicycle,18.037,1,114.01,0.367,19.87,0.035,1,0.0
Bus,12.12,1,23.46,0.733,13.85,0.779,1,1.01823
Walking,6.121,1,116.5,0.814,13.75,0.25,1,0.00456
Metro,7.557,1,116.46,0.006,15.84,0.418,1,0.3027
Bicycle,51.298,1,135.23,0.159,15.29,0.295,1,0.00628
Metro,8.675,1,107.53,0.86,16.27,0.84,1,0.40063
Bus,22.127,1,34.31,0.518,38.61,0.904,1,1.14541
Bus,9.104,1,20.23,0.187,26.88,0.749,1,0.80056
Motorcycle,3.465,1,111.03,0.327,13.26,0.728,1,0.39923
Metro,9.168,1,118.22,0.213,22.93,0.59,1,0.37106
Bus,8.126,1,18.48,0.376,19.44,0.241,1,0.799
Metro,20.559,1,124.24,0.992,36.03,0.096,0,0.8503
Metro,20.915,1,125.22,0.554,12.07,0.372,0,0.78507
Bus,19.692,1,13.18,0.72,30.0,0.497,1,2.75811
Metro,5.632,1,121.82,0.083,16.1,0.252,1,0.23525
Bicycle,5.719,1,117.95,0.649,30.58,0.518,1,0.0
Bicycle,4.258,1,134.51,0.874,34.34,0.583,0,0.00572
Bus,5.305,1,20.28,0.506,17.18,0.916,0,0.45682
Bus,31.612,1,14.54,0.138,11.93,0.663,1,3.71114
Walking,28.599,1,129.1,0.853,39.15,0.774,0,0.0
Bus,35.873,1,7.33,0.392,33.78,0.399,1,8.49521
Bicycle,10.859,1,125.29,0.329,28.47,0.948,1,0.00365
Motorcycle,10.633,1,126.93,0.143,32.41,0.069,1,1.12634
Bus,7.573,1,15.54,0.572,19.19,0.84,1,0.90916
Walking,4.513,1,113.2,0.208,13.82,0.963,1,0.0
Metro,13.176,1,106.01,0.3,30.27,0.714,1,0.61736
Car,23.635,4,4.0,0.156,24.7,0.451,1,1.24729
Metro,2.37,1,127.82,0.095,28.39,0.03,0,0.09536
Metro,5.105,1,109.78,0.745,38.4,0.931,0,0.23246
Bicycle,15.634,1,109.15,0.383,37.63,0.559,0,0.0
Car,2.764,5,5.0,0.895,23.4,0.106,0,0.12834
Bicycle,20.018,1,122.05,0.041,26.5,0.059,0,0.0
Bicycle,15.894,1,125.86,0.402,20.99,0.951,1,0.0
Metro,19.159,1,127.37,0.341,29.47,0.807,0,0.77838
Metro,9.912,1,122.07,0.671,33.27,0.702,1,0.40312
Car,9.088,3,3.0,0.2,28.75,0.701,1,0.63165
Metro,10.254,1,122.76,0.717,32.25,0.645,1,0.40706
Motorcycle,7.18,1,122.08,0.861,34.92,0.753,1,0.95986
Car,25.975,3,3.0,0.568,17.2,0.603,0,1.90879
Bus,30.301,1,3.25,0.294,33.9,0.682,0,16.31365
Bus,5.457,1,17.01,0.513,35.26,0.647,1,0.60398
Motorcycle,20.182,1,115.0,0.122,34.7,0.589,1,2.13802
Metro,8.23,1,107.93,0.072,15.96,0.124,0,0.38585
Motorcycle,15.791,1,115.2,0.283,34.73,0.668,0,1.77782
Bus,13.58,1,9.21,0.119,19.45,0.702,1,2.50995
Walking,5.155,1,121.63,0.663,38.39,0.917,1,0.0
Car,7.107,5,5.0,0.914,37.24,0.364,0,0.31859
Metro,2.322,1,135.1,0.159,38.62,0.584,0,0.07328
Metro,16.013,1,118.21,0.378,18.21,0.599,1,0.63241
Walking,12.062,1,113.9,0.063,37.55,0.06,0,0.0
Metro,16.27,1,116.9,0.751,13.7,0.938,0,0.67121
Walking,11.612,1,123.97,0.337,32.34,0.087,1,0.00073
Metro,12.575,1,119.63,0.127,14.95,0.128,0,0.53658
Bus,8.893,1,32.07,0.172,30.7,0.702,1,0.46185
Motorcycle,21.091,1,121.21,0.843,11.05,0.869,1,2.57658
Bicycle,10.0,1,116.11,0.787,33.63,0.327,1,0.0052
Metro,10.053,1,108.1,0.206,21.44,0.987,1,0.44249
Bicycle,9.01,1,115.6,0.005,12.8,0.013,1,0.0
Bus,6.307,1,21.75,0.122,30.58,0.453,1,0.51529
Motorcycle,15.808,1,124.81,0.055,38.57,0.878,1,1.81292
Bus,30.403,1,31.77,0.92,11.09,0.773,1,1.85073
Bicycle,17.769,1,130.2,0.602,11.67,0.96,1,0.00506
Walking,3.623,1,119.51,0.881,29.91,0.11,1,0.01996
Metro,4.607,1,116.45,0.925,39.84,0.943,1,0.19445
Metro,4.909,1,118.12,0.306,23.68,0.319,1,0.21521
Car,7.307,1,1.0,0.789,24.95,0.612,0,1.75107
Bicycle,3.501,1,126.78,0.215,23.52,0.909,1,0.01179
Bus,5.733,1,24.0,0.135,10.82,0.209,0,0.39042
Motorcycle,8.693,1,114.59,0.167,21.76,0.773,1,0.9396
Walking,8.33,1,113.31,0.643,14.25,0.454,0,0.0
Bus,4.901,1,7.21,0.97,16.24,0.447,1,1.35975
Bus,6.182,1,16.03,0.011,30.38,0.865,1,0.70044
Car,0.963,3,3.0,0.51,29.36,0.519,1,0.0774
Walking,27.336,1,128.44,0.287,39.06,0.22,0,0.0
Bus,8.465,1,20.69,0.547,19.22,0.358,1,0.76775
Metro,3.914,1,114.2,0.008,25.83,0.202,1,0.14372
Walking,6.947,1,130.47,0.255,10.56,0.81,0,0.00713
Metro,20.061,1,122.6,0.777,20.25,0.116,1,0.74694
Walking,6.778,1,121.27,0.322,11.06,0.575,1,0.00414
Bicycle,4.473,1,120.18,0.796,15.44,0.093,0,0.0
Motorcycle,13.505,1,124.57,0.47,31.61,0.066,1,1.54687
Motorcycle,13.339,1,113.78,0.265,23.41,0.864,0,1.43807
Bicycle,1.856,1,121.9,0.12,27.09,0.443,1,0.00193
Bus,21.818,1,22.48,0.35,16.52,0.985,0,1.75036
Walking,16.532,1,124.4,0.068,18.22,0.909,1,0.0
Motorcycle,24.261,1,110.83,0.588,24.66,0.643,0,2.94021
Bus,0.966,1,12.7,0.414,28.8,0.368,0,0.13494
Bus,18.591,1,10.43,0.653,13.0,0.65,1,3.3104
Walking,8.896,1,128.31,0.547,20.88,0.695,1,0.0
Metro,2.901,1,132.6,0.136,25.28,0.324,1,0.10681
Metro,11.073,1,130.3,0.957,37.3,0.985,0,0.41102
Metro,7.656,1,128.89,0.343,12.45,0.437,1,0.2858
Car,10.375,4,4.0,0.644,37.21,0.222,0,0.56658
Metro,11.517,1,125.07,0.119,34.32,0.163,1,0.46755
Bicycle,12.222,1,118.43,0.571,20.45,0.386,0,0.0
Car,12.321,4,4.0,0.763,19.54,0.944,1,0.71021
Bicycle,42.369,1,108.55,0.023,33.79,0.727,1,0.00188
Walking,5.538,1,127.41,0.359,19.41,0.729,0,0.00314
Walking,7.309,1,115.9,0.363,31.42,0.219,1,0.01499
Metro,5.948,1,110.06,0.904,37.39,0.727,0,0.25116
Walking,21.487,1,121.3,0.125,17.8,0.626,0,0.0
Walking,1.334,1,123.34,0.046,19.11,0.012,1,0.00443
Metro,5.09,1,109.17,0.436,15.98,0.662,0,0.22464
Bus,3.14,1,21.3,0.051,29.77,0.531,0,0.25059
Motorcycle,22.037,1,112.3,0.608,23.34,0.957,1,2.69299
Bus,5.382,1,18.87,0.903,29.69,0.368,0,0.5575
Car,28.747,5,5.0,0.955,32.8,0.556,1,1.3332
Bus,23.003,1,13.2,0.119,16.35,0.144,0,2.90987
Metro,32.583,1,117.14,0.123,16.3,0.754,0,1.37832
Walking,17.512,1,129.06,0.35,22.25,0.76,0,0.00936
Bus,14.683,1,20.92,0.299,30.66,0.183,0,1.24925
Bicycle,7.629,1,115.04,0.788,11.66,0.062,1,0.01004
Car,15.992,1,1.0,0.022,32.31,0.038,1,3.20565
Bicycle,1.793,1,139.53,0.629,20.92,0.327,0,0.00329
Bus,37.051,1,24.05,0.129,22.08,0.234,0,2.44724
Bicycle,30.591,1,114.13,0.011,35.41,0.713,1,0.0
Bus,13.77,1,3.48,0.624,35.23,0.453,0,7.26705
Bus,10.702,1,13.2,0.03,23.59,0.002,0,1.21397
Bus,7.206,1,11.36,0.136,25.29,0.658,1,1.13366
Motorcycle,2.744,1,121.71,0.198,19.69,0.734,0,0.31163
Walking,13.305,1,126.65,0.443,15.12,0.078,1,0.0
Metro,1.891,1,126.9,0.085,31.22,0.085,1,0.06357
Walking,14.949,1,109.97,0.416,29.75,0.322,0,0.01702
Metro,14.934,1,111.57,0.809,30.15,0.783,0,0.67942
Motorcycle,8.62,1,122.77,0.064,34.42,0.091,1,0.90116
Metro,25.655,1,126.34,0.638,21.98,0.854,0,1.01674
Car,23.807,5,5.0,0.965,27.28,0.215,0,1.05213
Metro,19.751,1,116.05,0.169,17.84,0.79,1,0.82628
Metro,2.327,1,113.8,0.35,15.97,0.339,0,0.09373
Walking,21.396,1,119.68,0.162,38.15,0.407,0,0.0
Motorcycle,8.704,1,116.38,0.388,25.91,0.903,0,1.03276
Bicycle,6.093,1,128.41,0.88,15.65,0.27,1,0.0
Metro,5.204,1,116.46,0.068,30.36,0.785,0,0.22225
Car,15.951,5,5.0,0.492,36.16,0.981,0,0.69169
Car,6.96,1,1.0,0.489,24.1,0.021,1,1.41402
Bicycle,5.816,1,123.08,0.427,20.03,0.396,0,0.00334
Metro,4.026,1,124.11,0.268,20.21,0.625,1,0.17582
Car,13.889,3,3.0,0.163,24.89,0.365,0,0.91427
Bicycle,22.215,1,129.24,0.501,37.45,0.556,1,0.00964
Metro,12.023,1,123.68,0.87,35.64,0.151,0,0.46881
Walking,10.736,1,135.4,0.522,39.91,0.888,1,0.00689
Walking,12.248,1,128.56,0.354,21.63,0.653,1,0.03868
Metro,26.246,1,111.8,0.646,14.12,0.002,1,1.11083
Bicycle,3.796,1,113.71,0.026,35.97,0.594,0,0.0
Bus,30.553,1,3.13,0.522,10.45,0.62,0,17.90018
Walking,9.146,1,118.22,0.404,37.72,0.023,1,0.0
Car,4.456,3,3.0,0.699,30.05,0.96,0,0.33721
Walking,14.067,1,128.89,0.754,26.86,0.048,0,0.0
Car,8.332,3,3.0,0.87,26.01,0.117,0,0.61139
Bus,5.101,1,14.05,0.634,33.46,0.078,1,0.64958
Car,15.032,1,1.0,0.997,19.6,0.516,0,3.47822
Bicycle,8.786,1,122.64,0.371,36.94,0.042,0,0.00061
Metro,5.414,1,115.94,0.612,14.89,0.513,1,0.22568
Walking,4.185,1,113.49,0.587,36.32,0.775,0,0.00073
Car,11.724,4,4.0,0.407,39.63,0.344,0,0.60272
Walking,13.438,1,113.46,0.856,16.58,0.315,1,0.01486
Bicycle,38.044,1,132.44,0.508,10.7,0.042,0,0.01178
Car,8.959,1,1.0,0.792,18.57,0.506,0,2.05416
Metro,21.169,1,117.14,0.989,16.17,0.762,1,0.87568
Metro,7.854,1,120.24,0.238,18.81,0.471,1,0.30645
Metro,5.395,1,115.2,0.761,31.15,0.12,0,0.23824
Metro,4.881,1,122.23,0.282,11.56,0.967,0,0.21224
Metro,11.861,1,121.55,0.714,16.59,0.062,0,0.50809
Walking,6.913,1,117.92,0.266,20.04,0.186,1,0.00115
Bus,24.581,1,29.22,0.513,36.85,0.123,1,1.56873
Bicycle,19.578,1,126.3,0.194,37.78,0.464,1,0.00582
Motorcycle,17.75,1,132.7,0.414,19.72,0.153,1,2.00191
Metro,17.924,1,106.56,0.062,13.78,0.98,1,0.82152
Bicycle,2.293,1,120.82,0.487,12.26,0.356,0,0.00981
Motorcycle,1.909,1,114.27,0.152,21.39,0.61,0,0.21647
Walking,7.393,1,121.8,0.196,30.54,0.729,1,0.0
Motorcycle,9.08,1,122.81,0.578,32.1,0.226,1,1.04047
Bicycle,5.441,1,124.59,0.177,22.74,0.106,0,0.02522
Bus,15.54,1,5.71,0.549,35.1,0.063,1,4.93178
Bicycle,4.582,1,124.86,0.301,29.37,0.198,0,0.00397
Car,10.76,4,4.0,0.797,20.7,0.532,1,0.62728
Walking,12.389,1,124.69,0.32,23.36,0.963,0,0.00817
Car,25.172,1,1.0,0.624,28.99,0.437,0,5.56021
Bicycle,18.868,1,114.73,0.117,13.09,0.644,1,0.0
Bus,5.348,1,18.7,0.994,35.42,0.419,0,0.55437
Walking,18.455,1,115.66,0.349,15.35,0.503,1,0.00578
Bus,36.033,1,10.31,0.807,31.7,0.658,0,7.27586
Bus,4.749,1,18.58,0.203,26.98,0.395,0,0.44066
Bus,5.411,1,2.0,0.264,39.91,0.297,0,4.63558
Walking,8.824,1,123.53,0.809,11.63,0.009,0,0.0038
Car,16.04,2,2.0,0.756,10.03,0.279,1,1.8132
Walking,6.979,1,117.04,0.672,11.03,0.928,1,0.0
Car,7.368,2,2.0,0.82,13.25,0.982,0,0.85848
Car,7.097,1,1.0,0.169,35.73,0.663,0,1.41083
Bicycle,5.543,1,128.84,0.332,27.95,0.347,0,0.0
Motorcycle,2.158,1,112.57,0.165,33.63,0.996,1,0.2494
Car,18.566,3,3.0,0.134,38.69,0.884,1,1.3195
Bicycle,10.605,1,119.46,0.758,30.69,0.489,0,0.00184
Metro,6.369,1,129.86,0.128,13.91,0.397,1,0.23764
Motorcycle,39.343,1,112.82,0.504,11.07,0.162,0,4.49572
Car,18.532,1,1.0,0.687,10.66,0.176,0,4.06143
Walking,8.072,1,120.37,0.364,18.42,0.654,0,0.01033
Car,11.527,3,3.0,0.005,32.78,0.101,1,0.7329
Walking,24.764,1,118.98,0.812,20.25,0.406,0,0.00401
Metro,10.79,1,132.33,0.969,25.29,0.416,0,0.39303
Car,4.318,3,3.0,0.901,14.9,0.869,0,0.34484
Walking,20.748,1,136.65,0.766,38.82,0.393,0,0.00499
Walking,22.105,1,123.14,0.095,19.32,0.557,0,0.00592
Metro,24.791,1,112.84,0.626,17.41,0.027,1,1.02799
Motorcycle,16.45,1,121.46,0.769,23.75,0.086,0,2.02389
Walking,7.305,1,115.88,0.703,26.37,0.335,1,0.0
Motorcycle,2.295,1,112.89,0.391,26.92,0.785,0,0.24527
Bus,8.733,1,18.44,0.928,23.83,0.439,1,0.85412
Bicycle,7.832,1,119.17,0.833,17.74,0.101,0,0.01818
Motorcycle,2.244,1,117.47,0.234,27.89,0.09,0,0.23615
Walking,4.647,1,125.84,0.734,29.14,0.568,1,0.00624
Bus,26.437,1,24.3,0.467,27.47,0.749,0,1.92355
Metro,20.614,1,119.16,0.446,15.41,0.71,1,0.8861
Bicycle,2.374,1,122.54,0.282,24.08,0.354,0,0.0
Walking,21.465,1,115.17,0.369,36.34,0.49,0,0.01
Motorcycle,7.794,1,117.39,0.0,11.37,0.627,0,0.80053
Metro,15.379,1,123.75,0.76,12.32,0.46,0,0.59567
Bicycle,12.871,1,114.09,0.943,19.46,0.634,1,0.00094
Motorcycle,33.411,1,116.63,0.06,15.86,0.105,1,3.45406
Walking,30.478,1,127.76,0.1,15.07,0.688,1,0.0088
Walking,19.942,1,123.18,0.129,17.75,0.781,0,0.0
Walking,3.805,1,111.75,0.66,39.3,0.948,1,0.00698
Metro,11.537,1,115.55,0.999,38.26,0.632,1,0.46701
Motorcycle,8.152,1,113.71,0.517,38.67,0.307,1,0.89504
Bicycle,5.67,1,110.74,0.602,19.5,0.616,1,0.0
Metro,15.33,1,118.7,0.056,31.89,0.254,1,0.58733
Bus,6.407,1,23.56,0.934,35.18,0.847,0,0.53437
Car,3.169,2,2.0,0.301,14.02,0.761,0,0.35557
Bus,12.331,1,18.55,0.012,39.5,0.85,0,1.18553
Metro,12.492,1,135.3,0.3,30.46,0.641,1,0.46499
Walking,5.538,1,107.55,0.606,32.63,0.647,0,0.0
Motorcycle,12.549,1,105.19,0.632,21.76,0.174,0,1.51355
Bicycle,8.31,1,121.7,0.605,16.72,0.426,0,0.01321
Car,20.623,1,1.0,0.625,10.49,0.1,1,4.75773
Car,3.427,1,1.0,0.885,36.06,0.668,0,0.81722
Metro,4.95,1,119.41,0.494,29.51,0.624,1,0.19196
Bicycle,9.901,1,122.07,0.255,25.55,0.372,1,0.00179
Bus,16.55,1,17.99,0.578,20.73,0.756,0,1.70062
Walking,13.486,1,108.36,0.112,33.44,0.894,1,0.0032
Bicycle,6.664,1,131.21,0.248,16.35,0.636,0,0.0
Car,26.402,5,5.0,0.1,14.79,0.111,1,1.08622
Car,14.075,2,2.0,0.031,34.73,0.825,1,1.40742
Bus,12.505,1,24.8,0.859,33.56,0.235,1,0.92628
Metro,14.266,1,118.68,0.164,13.04,0.994,1,0.57599
Car,38.546,5,5.0,0.761,27.8,0.642,0,1.72338
Bicycle,15.786,1,106.89,0.587,24.29,0.416,0,0.01461
Car,3.651,5,5.0,0.568,32.43,0.268,0,0.15824
Car,8.939,2,2.0,0.44,22.49,0.88,1,0.96595
Car,16.88,2,2.0,0.005,39.62,0.158,0,1.5492
Car,7.975,5,5.0,0.347,24.78,0.077,0,0.32708
Walking,2.795,1,123.13,0.769,37.19,0.4,0,0.00532
Motorcycle,8.847,1,139.5,0.735,10.32,0.799,1,1.1495
Motorcycle,10.255,1,121.49,0.97,19.83,0.752,1,1.27455
Car,25.583,3,3.0,0.019,25.21,0.321,0,1.70054
Walking,12.228,1,128.36,0.286,12.55,0.693,0,0.0
